timestamp,call_index,context,status,selected_point,current_position_parsed_x,current_position_parsed_y,current_position_parsed_z,current_position_parsed_rx,current_position_parsed_ry,current_position_parsed_rz,debug_attempt1_x,debug_attempt1_y,debug_attempt1_z,debug_attempt1_rx,debug_attempt1_ry,debug_attempt1_rz,marker_base_x,marker_base_y,marker_base_z,marker_base_rx,marker_base_ry,marker_base_rz,p1_contact_x,p1_contact_y,p1_contact_z,p1_contact_rx,p1_contact_ry,p1_contact_rz,p1_approach_x,p1_approach_y,p1_approach_z,p1_approach_rx,p1_approach_ry,p1_approach_rz,p2_contact_x,p2_contact_y,p2_contact_z,p2_contact_rx,p2_contact_ry,p2_contact_rz,p2_approach_x,p2_approach_y,p2_approach_z,p2_approach_rx,p2_approach_ry,p2_approach_rz,p3_contact_x,p3_contact_y,p3_contact_z,p3_contact_rx,p3_contact_ry,p3_contact_rz,p3_approach_x,p3_approach_y,p3_approach_z,p3_approach_rx,p3_approach_ry,p3_approach_rz
2026-04-30 10:57:55,1,wait_for_arrival,-1,,,,,,,,,,,,,,,,,,,,,,,,,,,,,,,,,,,,,,,,,,,,,,,,,,,,,,,
2026-04-30 10:57:55,2,wait_for_arrival,-1,,,,,,,,,,,,,,,,,,,,,,,,,,,,,,,,,,,,,,,,,,,,,,,,,,,,,,,
2026-04-30 10:57:55,3,wait_for_arrival,0,,296.9989318847656,-17.679372787475586,355.0003967285156,177.76004028320312,0.2798497676849365,88.68022918701172,296.9989318847656,-17.679372787475586,355.0003967285156,177.76004028320312,0.2798497676849365,88.68022918701172,,,,,,,,,,,,,,,,,,,,,,,,,,,,,,,,,,,,,,,,,,
2026-04-30 10:57:56,4,wait_for_arrival,0,,296.9989318847656,-17.679372787475586,355.0003967285156,177.76004028320312,0.2798497676849365,88.68022918701172,296.9989318847656,-17.679372787475586,355.0003967285156,177.76004028320312,0.2798497676849365,88.68022918701172,,,,,,,,,,,,,,,,,,,,,,,,,,,,,,,,,,,,,,,,,,
2026-04-30 10:57:56,5,main_loop,0,,296.9989318847656,-17.679372787475586,355.0003967285156,177.76004028320312,0.2798497676849365,88.68022918701172,296.9989318847656,-17.679372787475586,355.0003967285156,177.76004028320312,0.2798497676849365,88.68022918701172,,,,,,,,,,,,,,,,,,,,,,,,,,,,,,,,,,,,,,,,,,
2026-04-30 10:57:56,6,main_loop,0,P1,296.9989318847656,-17.679372787475586,355.0003967285156,177.76004028320312,0.2798497676849365,88.68022918701172,296.9989318847656,-17.679372787475586,355.0003967285156,177.76004028320312,0.2798497676849365,88.68022918701172,367.4731843357565,-5.807512756426485,82.56942037035981,-2.2184379115073747,-3.165771767757635,-84.24385647323761,307.84899715241556,-19.822901067524707,82.56942037035981,176.8318585779042,2.2150507388464282,5.633569151617243,307.84899715241556,-19.822901067524707,23.0,176.8318585779042,2.2150507388464282,5.633569151617243,300.3383704132001,54.68505379694348,82.56942037035981,176.8318585779042,2.2150507388464282,5.633569151617243,300.3383704132001,54.68505379694348,23.0,176.8318585779042,2.2150507388464282,5.633569151617243,361.8926694346619,61.760236202954395,82.56942037035981,176.8318585779042,2.2150507388464282,5.633569151617243,361.8926694346619,61.760236202954395,23.0,176.8318585779042,2.2150507388464282,5.633569151617243
2026-04-30 10:57:57,7,main_loop,0,P1,296.9989318847656,-17.679372787475586,355.0003967285156,177.76004028320312,0.2798497676849365,88.68022918701172,296.9989318847656,-17.679372787475586,355.0003967285156,177.76004028320312,0.2798497676849365,88.68022918701172,367.4731843357565,-5.807512756426485,82.56942037035981,-2.2184379115073747,-3.165771767757635,-84.24385647323761,307.84899715241556,-19.822901067524707,82.56942037035981,176.8318585779042,2.2150507388464282,5.633569151617243,307.84899715241556,-19.822901067524707,23.0,176.8318585779042,2.2150507388464282,5.633569151617243,300.3383704132001,54.68505379694348,82.56942037035981,176.8318585779042,2.2150507388464282,5.633569151617243,300.3383704132001,54.68505379694348,23.0,176.8318585779042,2.2150507388464282,5.633569151617243,361.8926694346619,61.760236202954395,82.56942037035981,176.8318585779042,2.2150507388464282,5.633569151617243,361.8926694346619,61.760236202954395,23.0,176.8318585779042,2.2150507388464282,5.633569151617243
2026-04-30 10:57:57,8,main_loop,-1,P1,,,,,,,,,,,,,367.4767025522469,-5.825595236318031,82.53950157785567,-2.483399089066169,-2.901178869834267,-84.24969697460666,307.761050796357,-19.74953286055595,82.53950157785567,177.0960984995006,2.480214165349536,5.624530964342385,307.761050796357,-19.74953286055595,23.0,177.0960984995006,2.480214165349536,5.624530964342385,300.2561827254165,54.77742367646682,82.53950157785567,177.0960984995006,2.480214165349536,5.624530964342385,300.2561827254165,54.77742367646682,23.0,177.0960984995006,2.480214165349536,5.624530964342385,361.79982019268965,61.84198166186361,82.53950157785567,177.0960984995006,2.480214165349536,5.624530964342385,361.79982019268965,61.84198166186361,23.0,177.0960984995006,2.480214165349536,5.624530964342385
2026-04-30 10:57:57,9,main_loop,-1,P1,,,,,,,,,,,,,367.4767025522469,-5.825595236318031,82.53950157785567,-2.483399089066169,-2.901178869834267,-84.24969697460666,307.761050796357,-19.74953286055595,82.53950157785567,177.0960984995006,2.480214165349536,5.624530964342385,307.761050796357,-19.74953286055595,23.0,177.0960984995006,2.480214165349536,5.624530964342385,300.2561827254165,54.77742367646682,82.53950157785567,177.0960984995006,2.480214165349536,5.624530964342385,300.2561827254165,54.77742367646682,23.0,177.0960984995006,2.480214165349536,5.624530964342385,361.79982019268965,61.84198166186361,82.53950157785567,177.0960984995006,2.480214165349536,5.624530964342385,361.79982019268965,61.84198166186361,23.0,177.0960984995006,2.480214165349536,5.624530964342385
2026-04-30 10:57:58,10,main_loop,-1,P1,,,,,,,,,,,,,367.4767025522469,-5.825595236318031,82.53950157785567,-2.483399089066169,-2.901178869834267,-84.24969697460666,307.761050796357,-19.74953286055595,82.53950157785567,177.0960984995006,2.480214165349536,5.624530964342385,307.761050796357,-19.74953286055595,23.0,177.0960984995006,2.480214165349536,5.624530964342385,300.2561827254165,54.77742367646682,82.53950157785567,177.0960984995006,2.480214165349536,5.624530964342385,300.2561827254165,54.77742367646682,23.0,177.0960984995006,2.480214165349536,5.624530964342385,361.79982019268965,61.84198166186361,82.53950157785567,177.0960984995006,2.480214165349536,5.624530964342385,361.79982019268965,61.84198166186361,23.0,177.0960984995006,2.480214165349536,5.624530964342385
2026-04-30 10:57:58,11,main_loop,-1,P1,,,,,,,,,,,,,367.4767025522469,-5.825595236318031,82.53950157785567,-2.483399089066169,-2.901178869834267,-84.24969697460666,307.761050796357,-19.74953286055595,82.53950157785567,177.0960984995006,2.480214165349536,5.624530964342385,307.761050796357,-19.74953286055595,23.0,177.0960984995006,2.480214165349536,5.624530964342385,300.2561827254165,54.77742367646682,82.53950157785567,177.0960984995006,2.480214165349536,5.624530964342385,300.2561827254165,54.77742367646682,23.0,177.0960984995006,2.480214165349536,5.624530964342385,361.79982019268965,61.84198166186361,82.53950157785567,177.0960984995006,2.480214165349536,5.624530964342385,361.79982019268965,61.84198166186361,23.0,177.0960984995006,2.480214165349536,5.624530964342385
2026-04-30 10:57:58,12,main_loop,-1,P1,,,,,,,,,,,,,367.4767025522469,-5.825595236318031,82.53950157785567,-2.483399089066169,-2.901178869834267,-84.24969697460666,307.761050796357,-19.74953286055595,82.53950157785567,177.0960984995006,2.480214165349536,5.624530964342385,307.761050796357,-19.74953286055595,23.0,177.0960984995006,2.480214165349536,5.624530964342385,300.2561827254165,54.77742367646682,82.53950157785567,177.0960984995006,2.480214165349536,5.624530964342385,300.2561827254165,54.77742367646682,23.0,177.0960984995006,2.480214165349536,5.624530964342385,361.79982019268965,61.84198166186361,82.53950157785567,177.0960984995006,2.480214165349536,5.624530964342385,361.79982019268965,61.84198166186361,23.0,177.0960984995006,2.480214165349536,5.624530964342385
2026-04-30 10:57:59,13,main_loop,-1,P1,,,,,,,,,,,,,367.4767025522469,-5.825595236318031,82.53950157785567,-2.483399089066169,-2.901178869834267,-84.24969697460666,307.761050796357,-19.74953286055595,82.53950157785567,177.0960984995006,2.480214165349536,5.624530964342385,307.761050796357,-19.74953286055595,23.0,177.0960984995006,2.480214165349536,5.624530964342385,300.2561827254165,54.77742367646682,82.53950157785567,177.0960984995006,2.480214165349536,5.624530964342385,300.2561827254165,54.77742367646682,23.0,177.0960984995006,2.480214165349536,5.624530964342385,361.79982019268965,61.84198166186361,82.53950157785567,177.0960984995006,2.480214165349536,5.624530964342385,361.79982019268965,61.84198166186361,23.0,177.0960984995006,2.480214165349536,5.624530964342385
2026-04-30 10:57:59,14,main_loop,-1,P1,,,,,,,,,,,,,367.4767025522469,-5.825595236318031,82.53950157785567,-2.483399089066169,-2.901178869834267,-84.24969697460666,307.761050796357,-19.74953286055595,82.53950157785567,177.0960984995006,2.480214165349536,5.624530964342385,307.761050796357,-19.74953286055595,23.0,177.0960984995006,2.480214165349536,5.624530964342385,300.2561827254165,54.77742367646682,82.53950157785567,177.0960984995006,2.480214165349536,5.624530964342385,300.2561827254165,54.77742367646682,23.0,177.0960984995006,2.480214165349536,5.624530964342385,361.79982019268965,61.84198166186361,82.53950157785567,177.0960984995006,2.480214165349536,5.624530964342385,361.79982019268965,61.84198166186361,23.0,177.0960984995006,2.480214165349536,5.624530964342385
2026-04-30 10:57:59,15,main_loop,-1,P1,,,,,,,,,,,,,367.4767025522469,-5.825595236318031,82.53950157785567,-2.483399089066169,-2.901178869834267,-84.24969697460666,307.761050796357,-19.74953286055595,82.53950157785567,177.0960984995006,2.480214165349536,5.624530964342385,307.761050796357,-19.74953286055595,23.0,177.0960984995006,2.480214165349536,5.624530964342385,300.2561827254165,54.77742367646682,82.53950157785567,177.0960984995006,2.480214165349536,5.624530964342385,300.2561827254165,54.77742367646682,23.0,177.0960984995006,2.480214165349536,5.624530964342385,361.79982019268965,61.84198166186361,82.53950157785567,177.0960984995006,2.480214165349536,5.624530964342385,361.79982019268965,61.84198166186361,23.0,177.0960984995006,2.480214165349536,5.624530964342385
2026-04-30 10:58:00,16,main_loop,-1,P1,,,,,,,,,,,,,367.4767025522469,-5.825595236318031,82.53950157785567,-2.483399089066169,-2.901178869834267,-84.24969697460666,307.761050796357,-19.74953286055595,82.53950157785567,177.0960984995006,2.480214165349536,5.624530964342385,307.761050796357,-19.74953286055595,23.0,177.0960984995006,2.480214165349536,5.624530964342385,300.2561827254165,54.77742367646682,82.53950157785567,177.0960984995006,2.480214165349536,5.624530964342385,300.2561827254165,54.77742367646682,23.0,177.0960984995006,2.480214165349536,5.624530964342385,361.79982019268965,61.84198166186361,82.53950157785567,177.0960984995006,2.480214165349536,5.624530964342385,361.79982019268965,61.84198166186361,23.0,177.0960984995006,2.480214165349536,5.624530964342385
2026-04-30 10:58:00,17,main_loop,-1,P1,,,,,,,,,,,,,367.4767025522469,-5.825595236318031,82.53950157785567,-2.483399089066169,-2.901178869834267,-84.24969697460666,307.761050796357,-19.74953286055595,82.53950157785567,177.0960984995006,2.480214165349536,5.624530964342385,307.761050796357,-19.74953286055595,23.0,177.0960984995006,2.480214165349536,5.624530964342385,300.2561827254165,54.77742367646682,82.53950157785567,177.0960984995006,2.480214165349536,5.624530964342385,300.2561827254165,54.77742367646682,23.0,177.0960984995006,2.480214165349536,5.624530964342385,361.79982019268965,61.84198166186361,82.53950157785567,177.0960984995006,2.480214165349536,5.624530964342385,361.79982019268965,61.84198166186361,23.0,177.0960984995006,2.480214165349536,5.624530964342385
2026-04-30 10:58:00,18,main_loop,-1,P1,,,,,,,,,,,,,367.4767025522469,-5.825595236318031,82.53950157785567,-2.483399089066169,-2.901178869834267,-84.24969697460666,307.761050796357,-19.74953286055595,82.53950157785567,177.0960984995006,2.480214165349536,5.624530964342385,307.761050796357,-19.74953286055595,23.0,177.0960984995006,2.480214165349536,5.624530964342385,300.2561827254165,54.77742367646682,82.53950157785567,177.0960984995006,2.480214165349536,5.624530964342385,300.2561827254165,54.77742367646682,23.0,177.0960984995006,2.480214165349536,5.624530964342385,361.79982019268965,61.84198166186361,82.53950157785567,177.0960984995006,2.480214165349536,5.624530964342385,361.79982019268965,61.84198166186361,23.0,177.0960984995006,2.480214165349536,5.624530964342385
2026-04-30 10:58:01,19,main_loop,-1,P1,,,,,,,,,,,,,367.4767025522469,-5.825595236318031,82.53950157785567,-2.483399089066169,-2.901178869834267,-84.24969697460666,307.761050796357,-19.74953286055595,82.53950157785567,177.0960984995006,2.480214165349536,5.624530964342385,307.761050796357,-19.74953286055595,23.0,177.0960984995006,2.480214165349536,5.624530964342385,300.2561827254165,54.77742367646682,82.53950157785567,177.0960984995006,2.480214165349536,5.624530964342385,300.2561827254165,54.77742367646682,23.0,177.0960984995006,2.480214165349536,5.624530964342385,361.79982019268965,61.84198166186361,82.53950157785567,177.0960984995006,2.480214165349536,5.624530964342385,361.79982019268965,61.84198166186361,23.0,177.0960984995006,2.480214165349536,5.624530964342385
2026-04-30 10:58:01,20,main_loop,-1,P1,,,,,,,,,,,,,367.4767025522469,-5.825595236318031,82.53950157785567,-2.483399089066169,-2.901178869834267,-84.24969697460666,307.761050796357,-19.74953286055595,82.53950157785567,177.0960984995006,2.480214165349536,5.624530964342385,307.761050796357,-19.74953286055595,23.0,177.0960984995006,2.480214165349536,5.624530964342385,300.2561827254165,54.77742367646682,82.53950157785567,177.0960984995006,2.480214165349536,5.624530964342385,300.2561827254165,54.77742367646682,23.0,177.0960984995006,2.480214165349536,5.624530964342385,361.79982019268965,61.84198166186361,82.53950157785567,177.0960984995006,2.480214165349536,5.624530964342385,361.79982019268965,61.84198166186361,23.0,177.0960984995006,2.480214165349536,5.624530964342385
2026-04-30 10:58:01,21,main_loop,-1,P1,,,,,,,,,,,,,367.4767025522469,-5.825595236318031,82.53950157785567,-2.483399089066169,-2.901178869834267,-84.24969697460666,307.761050796357,-19.74953286055595,82.53950157785567,177.0960984995006,2.480214165349536,5.624530964342385,307.761050796357,-19.74953286055595,23.0,177.0960984995006,2.480214165349536,5.624530964342385,300.2561827254165,54.77742367646682,82.53950157785567,177.0960984995006,2.480214165349536,5.624530964342385,300.2561827254165,54.77742367646682,23.0,177.0960984995006,2.480214165349536,5.624530964342385,361.79982019268965,61.84198166186361,82.53950157785567,177.0960984995006,2.480214165349536,5.624530964342385,361.79982019268965,61.84198166186361,23.0,177.0960984995006,2.480214165349536,5.624530964342385
2026-04-30 10:58:02,22,main_loop,-1,P1,,,,,,,,,,,,,367.4767025522469,-5.825595236318031,82.53950157785567,-2.483399089066169,-2.901178869834267,-84.24969697460666,307.761050796357,-19.74953286055595,82.53950157785567,177.0960984995006,2.480214165349536,5.624530964342385,307.761050796357,-19.74953286055595,23.0,177.0960984995006,2.480214165349536,5.624530964342385,300.2561827254165,54.77742367646682,82.53950157785567,177.0960984995006,2.480214165349536,5.624530964342385,300.2561827254165,54.77742367646682,23.0,177.0960984995006,2.480214165349536,5.624530964342385,361.79982019268965,61.84198166186361,82.53950157785567,177.0960984995006,2.480214165349536,5.624530964342385,361.79982019268965,61.84198166186361,23.0,177.0960984995006,2.480214165349536,5.624530964342385
2026-04-30 10:58:02,23,main_loop,-1,P1,,,,,,,,,,,,,367.4767025522469,-5.825595236318031,82.53950157785567,-2.483399089066169,-2.901178869834267,-84.24969697460666,307.761050796357,-19.74953286055595,82.53950157785567,177.0960984995006,2.480214165349536,5.624530964342385,307.761050796357,-19.74953286055595,23.0,177.0960984995006,2.480214165349536,5.624530964342385,300.2561827254165,54.77742367646682,82.53950157785567,177.0960984995006,2.480214165349536,5.624530964342385,300.2561827254165,54.77742367646682,23.0,177.0960984995006,2.480214165349536,5.624530964342385,361.79982019268965,61.84198166186361,82.53950157785567,177.0960984995006,2.480214165349536,5.624530964342385,361.79982019268965,61.84198166186361,23.0,177.0960984995006,2.480214165349536,5.624530964342385
2026-04-30 10:58:02,24,main_loop,-1,P1,,,,,,,,,,,,,367.4767025522469,-5.825595236318031,82.53950157785567,-2.483399089066169,-2.901178869834267,-84.24969697460666,307.761050796357,-19.74953286055595,82.53950157785567,177.0960984995006,2.480214165349536,5.624530964342385,307.761050796357,-19.74953286055595,23.0,177.0960984995006,2.480214165349536,5.624530964342385,300.2561827254165,54.77742367646682,82.53950157785567,177.0960984995006,2.480214165349536,5.624530964342385,300.2561827254165,54.77742367646682,23.0,177.0960984995006,2.480214165349536,5.624530964342385,361.79982019268965,61.84198166186361,82.53950157785567,177.0960984995006,2.480214165349536,5.624530964342385,361.79982019268965,61.84198166186361,23.0,177.0960984995006,2.480214165349536,5.624530964342385
2026-04-30 10:58:03,25,main_loop,-1,P1,,,,,,,,,,,,,367.4767025522469,-5.825595236318031,82.53950157785567,-2.483399089066169,-2.901178869834267,-84.24969697460666,307.761050796357,-19.74953286055595,82.53950157785567,177.0960984995006,2.480214165349536,5.624530964342385,307.761050796357,-19.74953286055595,23.0,177.0960984995006,2.480214165349536,5.624530964342385,300.2561827254165,54.77742367646682,82.53950157785567,177.0960984995006,2.480214165349536,5.624530964342385,300.2561827254165,54.77742367646682,23.0,177.0960984995006,2.480214165349536,5.624530964342385,361.79982019268965,61.84198166186361,82.53950157785567,177.0960984995006,2.480214165349536,5.624530964342385,361.79982019268965,61.84198166186361,23.0,177.0960984995006,2.480214165349536,5.624530964342385
2026-04-30 10:58:04,26,wait_for_arrival,0,P1,296.9989318847656,-17.679372787475586,355.0003967285156,177.76004028320312,0.2798497676849365,88.68022918701172,296.9989318847656,-17.679372787475586,355.0003967285156,177.76004028320312,0.2798497676849365,88.68022918701172,367.4767025522469,-5.825595236318031,82.53950157785567,-2.483399089066169,-2.901178869834267,-84.24969697460666,307.761050796357,-19.74953286055595,82.53950157785567,177.0960984995006,2.480214165349536,5.624530964342385,307.761050796357,-19.74953286055595,23.0,177.0960984995006,2.480214165349536,5.624530964342385,300.2561827254165,54.77742367646682,82.53950157785567,177.0960984995006,2.480214165349536,5.624530964342385,300.2561827254165,54.77742367646682,23.0,177.0960984995006,2.480214165349536,5.624530964342385,361.79982019268965,61.84198166186361,82.53950157785567,177.0960984995006,2.480214165349536,5.624530964342385,361.79982019268965,61.84198166186361,23.0,177.0960984995006,2.480214165349536,5.624530964342385
2026-04-30 10:58:05,27,wait_for_arrival,0,P1,296.9989318847656,-17.679372787475586,355.0003967285156,177.76004028320312,0.2798497676849365,88.68022918701172,296.9989318847656,-17.679372787475586,355.0003967285156,177.76004028320312,0.2798497676849365,88.68022918701172,367.4767025522469,-5.825595236318031,82.53950157785567,-2.483399089066169,-2.901178869834267,-84.24969697460666,307.761050796357,-19.74953286055595,82.53950157785567,177.0960984995006,2.480214165349536,5.624530964342385,307.761050796357,-19.74953286055595,23.0,177.0960984995006,2.480214165349536,5.624530964342385,300.2561827254165,54.77742367646682,82.53950157785567,177.0960984995006,2.480214165349536,5.624530964342385,300.2561827254165,54.77742367646682,23.0,177.0960984995006,2.480214165349536,5.624530964342385,361.79982019268965,61.84198166186361,82.53950157785567,177.0960984995006,2.480214165349536,5.624530964342385,361.79982019268965,61.84198166186361,23.0,177.0960984995006,2.480214165349536,5.624530964342385
2026-04-30 10:58:05,28,wait_for_arrival,0,P1,296.9989318847656,-17.679372787475586,355.0003967285156,177.76004028320312,0.2798497676849365,88.68022918701172,296.9989318847656,-17.679372787475586,355.0003967285156,177.76004028320312,0.2798497676849365,88.68022918701172,367.4767025522469,-5.825595236318031,82.53950157785567,-2.483399089066169,-2.901178869834267,-84.24969697460666,307.761050796357,-19.74953286055595,82.53950157785567,177.0960984995006,2.480214165349536,5.624530964342385,307.761050796357,-19.74953286055595,23.0,177.0960984995006,2.480214165349536,5.624530964342385,300.2561827254165,54.77742367646682,82.53950157785567,177.0960984995006,2.480214165349536,5.624530964342385,300.2561827254165,54.77742367646682,23.0,177.0960984995006,2.480214165349536,5.624530964342385,361.79982019268965,61.84198166186361,82.53950157785567,177.0960984995006,2.480214165349536,5.624530964342385,361.79982019268965,61.84198166186361,23.0,177.0960984995006,2.480214165349536,5.624530964342385
2026-04-30 10:58:05,29,wait_for_arrival,0,P1,296.9989318847656,-17.679372787475586,355.0003967285156,177.76004028320312,0.2798497676849365,88.68022918701172,296.9989318847656,-17.679372787475586,355.0003967285156,177.76004028320312,0.2798497676849365,88.68022918701172,367.4767025522469,-5.825595236318031,82.53950157785567,-2.483399089066169,-2.901178869834267,-84.24969697460666,307.761050796357,-19.74953286055595,82.53950157785567,177.0960984995006,2.480214165349536,5.624530964342385,307.761050796357,-19.74953286055595,23.0,177.0960984995006,2.480214165349536,5.624530964342385,300.2561827254165,54.77742367646682,82.53950157785567,177.0960984995006,2.480214165349536,5.624530964342385,300.2561827254165,54.77742367646682,23.0,177.0960984995006,2.480214165349536,5.624530964342385,361.79982019268965,61.84198166186361,82.53950157785567,177.0960984995006,2.480214165349536,5.624530964342385,361.79982019268965,61.84198166186361,23.0,177.0960984995006,2.480214165349536,5.624530964342385
2026-04-30 10:58:05,30,wait_for_arrival,0,P1,296.9989318847656,-17.679372787475586,355.0003967285156,177.76004028320312,0.2798497676849365,88.68022918701172,296.9989318847656,-17.679372787475586,355.0003967285156,177.76004028320312,0.2798497676849365,88.68022918701172,367.4767025522469,-5.825595236318031,82.53950157785567,-2.483399089066169,-2.901178869834267,-84.24969697460666,307.761050796357,-19.74953286055595,82.53950157785567,177.0960984995006,2.480214165349536,5.624530964342385,307.761050796357,-19.74953286055595,23.0,177.0960984995006,2.480214165349536,5.624530964342385,300.2561827254165,54.77742367646682,82.53950157785567,177.0960984995006,2.480214165349536,5.624530964342385,300.2561827254165,54.77742367646682,23.0,177.0960984995006,2.480214165349536,5.624530964342385,361.79982019268965,61.84198166186361,82.53950157785567,177.0960984995006,2.480214165349536,5.624530964342385,361.79982019268965,61.84198166186361,23.0,177.0960984995006,2.480214165349536,5.624530964342385
2026-04-30 10:58:05,31,wait_for_arrival,0,P1,296.9989318847656,-17.679372787475586,355.0003967285156,177.76004028320312,0.2798497676849365,88.68022918701172,296.9989318847656,-17.679372787475586,355.0003967285156,177.76004028320312,0.2798497676849365,88.68022918701172,367.4767025522469,-5.825595236318031,82.53950157785567,-2.483399089066169,-2.901178869834267,-84.24969697460666,307.761050796357,-19.74953286055595,82.53950157785567,177.0960984995006,2.480214165349536,5.624530964342385,307.761050796357,-19.74953286055595,23.0,177.0960984995006,2.480214165349536,5.624530964342385,300.2561827254165,54.77742367646682,82.53950157785567,177.0960984995006,2.480214165349536,5.624530964342385,300.2561827254165,54.77742367646682,23.0,177.0960984995006,2.480214165349536,5.624530964342385,361.79982019268965,61.84198166186361,82.53950157785567,177.0960984995006,2.480214165349536,5.624530964342385,361.79982019268965,61.84198166186361,23.0,177.0960984995006,2.480214165349536,5.624530964342385
2026-04-30 10:58:05,32,wait_for_arrival,0,P1,297.0874328613281,-17.64307403564453,354.8652648925781,177.76348876953125,0.2794993817806244,88.63081359863281,297.0874328613281,-17.64307403564453,354.8652648925781,177.76348876953125,0.2794993817806244,88.63081359863281,367.4767025522469,-5.825595236318031,82.53950157785567,-2.483399089066169,-2.901178869834267,-84.24969697460666,307.761050796357,-19.74953286055595,82.53950157785567,177.0960984995006,2.480214165349536,5.624530964342385,307.761050796357,-19.74953286055595,23.0,177.0960984995006,2.480214165349536,5.624530964342385,300.2561827254165,54.77742367646682,82.53950157785567,177.0960984995006,2.480214165349536,5.624530964342385,300.2561827254165,54.77742367646682,23.0,177.0960984995006,2.480214165349536,5.624530964342385,361.79982019268965,61.84198166186361,82.53950157785567,177.0960984995006,2.480214165349536,5.624530964342385,361.79982019268965,61.84198166186361,23.0,177.0960984995006,2.480214165349536,5.624530964342385
2026-04-30 10:58:05,33,wait_for_arrival,0,P1,302.58349609375,-15.614873886108398,346.6124572753906,177.910400390625,0.27631500363349915,85.55452728271484,302.58349609375,-15.614873886108398,346.6124572753906,177.910400390625,0.27631500363349915,85.55452728271484,367.4767025522469,-5.825595236318031,82.53950157785567,-2.483399089066169,-2.901178869834267,-84.24969697460666,307.761050796357,-19.74953286055595,82.53950157785567,177.0960984995006,2.480214165349536,5.624530964342385,307.761050796357,-19.74953286055595,23.0,177.0960984995006,2.480214165349536,5.624530964342385,300.2561827254165,54.77742367646682,82.53950157785567,177.0960984995006,2.480214165349536,5.624530964342385,300.2561827254165,54.77742367646682,23.0,177.0960984995006,2.480214165349536,5.624530964342385,361.79982019268965,61.84198166186361,82.53950157785567,177.0960984995006,2.480214165349536,5.624530964342385,361.79982019268965,61.84198166186361,23.0,177.0960984995006,2.480214165349536,5.624530964342385
2026-04-30 10:58:05,34,wait_for_arrival,0,P1,303.1040344238281,-15.421529769897461,345.8424072265625,177.91949462890625,0.27462077140808105,85.26634979248047,303.1040344238281,-15.421529769897461,345.8424072265625,177.91949462890625,0.27462077140808105,85.26634979248047,367.4767025522469,-5.825595236318031,82.53950157785567,-2.483399089066169,-2.901178869834267,-84.24969697460666,307.761050796357,-19.74953286055595,82.53950157785567,177.0960984995006,2.480214165349536,5.624530964342385,307.761050796357,-19.74953286055595,23.0,177.0960984995006,2.480214165349536,5.624530964342385,300.2561827254165,54.77742367646682,82.53950157785567,177.0960984995006,2.480214165349536,5.624530964342385,300.2561827254165,54.77742367646682,23.0,177.0960984995006,2.480214165349536,5.624530964342385,361.79982019268965,61.84198166186361,82.53950157785567,177.0960984995006,2.480214165349536,5.624530964342385,361.79982019268965,61.84198166186361,23.0,177.0960984995006,2.480214165349536,5.624530964342385
2026-04-30 10:58:05,35,wait_for_arrival,0,P1,308.2249755859375,-13.545077323913574,337.2286682128906,178.05320739746094,0.2861219048500061,82.23050689697266,308.2249755859375,-13.545077323913574,337.2286682128906,178.05320739746094,0.2861219048500061,82.23050689697266,367.4767025522469,-5.825595236318031,82.53950157785567,-2.483399089066169,-2.901178869834267,-84.24969697460666,307.761050796357,-19.74953286055595,82.53950157785567,177.0960984995006,2.480214165349536,5.624530964342385,307.761050796357,-19.74953286055595,23.0,177.0960984995006,2.480214165349536,5.624530964342385,300.2561827254165,54.77742367646682,82.53950157785567,177.0960984995006,2.480214165349536,5.624530964342385,300.2561827254165,54.77742367646682,23.0,177.0960984995006,2.480214165349536,5.624530964342385,361.79982019268965,61.84198166186361,82.53950157785567,177.0960984995006,2.480214165349536,5.624530964342385,361.79982019268965,61.84198166186361,23.0,177.0960984995006,2.480214165349536,5.624530964342385
2026-04-30 10:58:05,36,wait_for_arrival,0,P1,308.702392578125,-13.371545791625977,336.3358154296875,178.07069396972656,0.290728360414505,81.93196868896484,308.702392578125,-13.371545791625977,336.3358154296875,178.07069396972656,0.290728360414505,81.93196868896484,367.4767025522469,-5.825595236318031,82.53950157785567,-2.483399089066169,-2.901178869834267,-84.24969697460666,307.761050796357,-19.74953286055595,82.53950157785567,177.0960984995006,2.480214165349536,5.624530964342385,307.761050796357,-19.74953286055595,23.0,177.0960984995006,2.480214165349536,5.624530964342385,300.2561827254165,54.77742367646682,82.53950157785567,177.0960984995006,2.480214165349536,5.624530964342385,300.2561827254165,54.77742367646682,23.0,177.0960984995006,2.480214165349536,5.624530964342385,361.79982019268965,61.84198166186361,82.53950157785567,177.0960984995006,2.480214165349536,5.624530964342385,361.79982019268965,61.84198166186361,23.0,177.0960984995006,2.480214165349536,5.624530964342385
2026-04-30 10:58:06,37,wait_for_arrival,0,P1,308.702392578125,-13.371545791625977,336.3358154296875,178.07069396972656,0.290728360414505,81.93196868896484,308.702392578125,-13.371545791625977,336.3358154296875,178.07069396972656,0.290728360414505,81.93196868896484,367.4767025522469,-5.825595236318031,82.53950157785567,-2.483399089066169,-2.901178869834267,-84.24969697460666,307.761050796357,-19.74953286055595,82.53950157785567,177.0960984995006,2.480214165349536,5.624530964342385,307.761050796357,-19.74953286055595,23.0,177.0960984995006,2.480214165349536,5.624530964342385,300.2561827254165,54.77742367646682,82.53950157785567,177.0960984995006,2.480214165349536,5.624530964342385,300.2561827254165,54.77742367646682,23.0,177.0960984995006,2.480214165349536,5.624530964342385,361.79982019268965,61.84198166186361,82.53950157785567,177.0960984995006,2.480214165349536,5.624530964342385,361.79982019268965,61.84198166186361,23.0,177.0960984995006,2.480214165349536,5.624530964342385
2026-04-30 10:58:06,38,wait_for_arrival,0,P1,318.17791748046875,-9.932790756225586,317.2934875488281,178.31866455078125,0.36098477244377136,75.71455383300781,318.17791748046875,-9.932790756225586,317.2934875488281,178.31866455078125,0.36098477244377136,75.71455383300781,367.4767025522469,-5.825595236318031,82.53950157785567,-2.483399089066169,-2.901178869834267,-84.24969697460666,307.761050796357,-19.74953286055595,82.53950157785567,177.0960984995006,2.480214165349536,5.624530964342385,307.761050796357,-19.74953286055595,23.0,177.0960984995006,2.480214165349536,5.624530964342385,300.2561827254165,54.77742367646682,82.53950157785567,177.0960984995006,2.480214165349536,5.624530964342385,300.2561827254165,54.77742367646682,23.0,177.0960984995006,2.480214165349536,5.624530964342385,361.79982019268965,61.84198166186361,82.53950157785567,177.0960984995006,2.480214165349536,5.624530964342385,361.79982019268965,61.84198166186361,23.0,177.0960984995006,2.480214165349536,5.624530964342385
2026-04-30 10:58:06,39,wait_for_arrival,0,P1,318.5997314453125,-9.782087326049805,316.35821533203125,178.32681274414062,0.3636924922466278,75.41706848144531,318.5997314453125,-9.782087326049805,316.35821533203125,178.32681274414062,0.3636924922466278,75.41706848144531,367.4767025522469,-5.825595236318031,82.53950157785567,-2.483399089066169,-2.901178869834267,-84.24969697460666,307.761050796357,-19.74953286055595,82.53950157785567,177.0960984995006,2.480214165349536,5.624530964342385,307.761050796357,-19.74953286055595,23.0,177.0960984995006,2.480214165349536,5.624530964342385,300.2561827254165,54.77742367646682,82.53950157785567,177.0960984995006,2.480214165349536,5.624530964342385,300.2561827254165,54.77742367646682,23.0,177.0960984995006,2.480214165349536,5.624530964342385,361.79982019268965,61.84198166186361,82.53950157785567,177.0960984995006,2.480214165349536,5.624530964342385,361.79982019268965,61.84198166186361,23.0,177.0960984995006,2.480214165349536,5.624530964342385
2026-04-30 10:58:07,40,wait_for_arrival,0,P1,318.5997314453125,-9.782087326049805,316.35821533203125,178.32681274414062,0.3636924922466278,75.41706848144531,318.5997314453125,-9.782087326049805,316.35821533203125,178.32681274414062,0.3636924922466278,75.41706848144531,367.4767025522469,-5.825595236318031,82.53950157785567,-2.483399089066169,-2.901178869834267,-84.24969697460666,307.761050796357,-19.74953286055595,82.53950157785567,177.0960984995006,2.480214165349536,5.624530964342385,307.761050796357,-19.74953286055595,23.0,177.0960984995006,2.480214165349536,5.624530964342385,300.2561827254165,54.77742367646682,82.53950157785567,177.0960984995006,2.480214165349536,5.624530964342385,300.2561827254165,54.77742367646682,23.0,177.0960984995006,2.480214165349536,5.624530964342385,361.79982019268965,61.84198166186361,82.53950157785567,177.0960984995006,2.480214165349536,5.624530964342385,361.79982019268965,61.84198166186361,23.0,177.0960984995006,2.480214165349536,5.624530964342385
2026-04-30 10:58:07,41,wait_for_arrival,0,P1,318.5997314453125,-9.782087326049805,316.35821533203125,178.32681274414062,0.3636924922466278,75.41706848144531,318.5997314453125,-9.782087326049805,316.35821533203125,178.32681274414062,0.3636924922466278,75.41706848144531,367.4767025522469,-5.825595236318031,82.53950157785567,-2.483399089066169,-2.901178869834267,-84.24969697460666,307.761050796357,-19.74953286055595,82.53950157785567,177.0960984995006,2.480214165349536,5.624530964342385,307.761050796357,-19.74953286055595,23.0,177.0960984995006,2.480214165349536,5.624530964342385,300.2561827254165,54.77742367646682,82.53950157785567,177.0960984995006,2.480214165349536,5.624530964342385,300.2561827254165,54.77742367646682,23.0,177.0960984995006,2.480214165349536,5.624530964342385,361.79982019268965,61.84198166186361,82.53950157785567,177.0960984995006,2.480214165349536,5.624530964342385,361.79982019268965,61.84198166186361,23.0,177.0960984995006,2.480214165349536,5.624530964342385
2026-04-30 10:58:07,42,wait_for_arrival,-1,P1,,,,,,,,,,,,,367.4767025522469,-5.825595236318031,82.53950157785567,-2.483399089066169,-2.901178869834267,-84.24969697460666,307.761050796357,-19.74953286055595,82.53950157785567,177.0960984995006,2.480214165349536,5.624530964342385,307.761050796357,-19.74953286055595,23.0,177.0960984995006,2.480214165349536,5.624530964342385,300.2561827254165,54.77742367646682,82.53950157785567,177.0960984995006,2.480214165349536,5.624530964342385,300.2561827254165,54.77742367646682,23.0,177.0960984995006,2.480214165349536,5.624530964342385,361.79982019268965,61.84198166186361,82.53950157785567,177.0960984995006,2.480214165349536,5.624530964342385,361.79982019268965,61.84198166186361,23.0,177.0960984995006,2.480214165349536,5.624530964342385
2026-04-30 10:58:07,43,wait_for_arrival,0,P1,333.4622802734375,-4.645573616027832,271.5300598144531,178.69859313964844,0.6838488578796387,62.53591537475586,333.4622802734375,-4.645573616027832,271.5300598144531,178.69859313964844,0.6838488578796387,62.53591537475586,367.4767025522469,-5.825595236318031,82.53950157785567,-2.483399089066169,-2.901178869834267,-84.24969697460666,307.761050796357,-19.74953286055595,82.53950157785567,177.0960984995006,2.480214165349536,5.624530964342385,307.761050796357,-19.74953286055595,23.0,177.0960984995006,2.480214165349536,5.624530964342385,300.2561827254165,54.77742367646682,82.53950157785567,177.0960984995006,2.480214165349536,5.624530964342385,300.2561827254165,54.77742367646682,23.0,177.0960984995006,2.480214165349536,5.624530964342385,361.79982019268965,61.84198166186361,82.53950157785567,177.0960984995006,2.480214165349536,5.624530964342385,361.79982019268965,61.84198166186361,23.0,177.0960984995006,2.480214165349536,5.624530964342385
2026-04-30 10:58:08,44,wait_for_arrival,0,P1,333.7324523925781,-4.557419300079346,270.4642028808594,178.70404052734375,0.6928448677062988,62.24676513671875,333.7324523925781,-4.557419300079346,270.4642028808594,178.70404052734375,0.6928448677062988,62.24676513671875,367.4767025522469,-5.825595236318031,82.53950157785567,-2.483399089066169,-2.901178869834267,-84.24969697460666,307.761050796357,-19.74953286055595,82.53950157785567,177.0960984995006,2.480214165349536,5.624530964342385,307.761050796357,-19.74953286055595,23.0,177.0960984995006,2.480214165349536,5.624530964342385,300.2561827254165,54.77742367646682,82.53950157785567,177.0960984995006,2.480214165349536,5.624530964342385,300.2561827254165,54.77742367646682,23.0,177.0960984995006,2.480214165349536,5.624530964342385,361.79982019268965,61.84198166186361,82.53950157785567,177.0960984995006,2.480214165349536,5.624530964342385,361.79982019268965,61.84198166186361,23.0,177.0960984995006,2.480214165349536,5.624530964342385
2026-04-30 10:58:08,45,wait_for_arrival,0,P1,333.7324523925781,-4.557419300079346,270.4642028808594,178.70404052734375,0.6928448677062988,62.24676513671875,333.7324523925781,-4.557419300079346,270.4642028808594,178.70404052734375,0.6928448677062988,62.24676513671875,367.4767025522469,-5.825595236318031,82.53950157785567,-2.483399089066169,-2.901178869834267,-84.24969697460666,307.761050796357,-19.74953286055595,82.53950157785567,177.0960984995006,2.480214165349536,5.624530964342385,307.761050796357,-19.74953286055595,23.0,177.0960984995006,2.480214165349536,5.624530964342385,300.2561827254165,54.77742367646682,82.53950157785567,177.0960984995006,2.480214165349536,5.624530964342385,300.2561827254165,54.77742367646682,23.0,177.0960984995006,2.480214165349536,5.624530964342385,361.79982019268965,61.84198166186361,82.53950157785567,177.0960984995006,2.480214165349536,5.624530964342385,361.79982019268965,61.84198166186361,23.0,177.0960984995006,2.480214165349536,5.624530964342385
2026-04-30 10:58:08,46,wait_for_arrival,0,P1,337.8328552246094,-3.277998924255371,249.9844970703125,178.78395080566406,0.873060405254364,56.889774322509766,337.8328552246094,-3.277998924255371,249.9844970703125,178.78395080566406,0.873060405254364,56.889774322509766,367.4767025522469,-5.825595236318031,82.53950157785567,-2.483399089066169,-2.901178869834267,-84.24969697460666,307.761050796357,-19.74953286055595,82.53950157785567,177.0960984995006,2.480214165349536,5.624530964342385,307.761050796357,-19.74953286055595,23.0,177.0960984995006,2.480214165349536,5.624530964342385,300.2561827254165,54.77742367646682,82.53950157785567,177.0960984995006,2.480214165349536,5.624530964342385,300.2561827254165,54.77742367646682,23.0,177.0960984995006,2.480214165349536,5.624530964342385,361.79982019268965,61.84198166186361,82.53950157785567,177.0960984995006,2.480214165349536,5.624530964342385,361.79982019268965,61.84198166186361,23.0,177.0960984995006,2.480214165349536,5.624530964342385
2026-04-30 10:58:08,47,wait_for_arrival,0,P1,338.0134582519531,-3.2247862815856934,248.84414672851562,178.78817749023438,0.8852429986000061,56.603214263916016,338.0134582519531,-3.2247862815856934,248.84414672851562,178.78817749023438,0.8852429986000061,56.603214263916016,367.4767025522469,-5.825595236318031,82.53950157785567,-2.483399089066169,-2.901178869834267,-84.24969697460666,307.761050796357,-19.74953286055595,82.53950157785567,177.0960984995006,2.480214165349536,5.624530964342385,307.761050796357,-19.74953286055595,23.0,177.0960984995006,2.480214165349536,5.624530964342385,300.2561827254165,54.77742367646682,82.53950157785567,177.0960984995006,2.480214165349536,5.624530964342385,300.2561827254165,54.77742367646682,23.0,177.0960984995006,2.480214165349536,5.624530964342385,361.79982019268965,61.84198166186361,82.53950157785567,177.0960984995006,2.480214165349536,5.624530964342385,361.79982019268965,61.84198166186361,23.0,177.0960984995006,2.480214165349536,5.624530964342385
2026-04-30 10:58:09,48,wait_for_arrival,0,P1,338.0134582519531,-3.2247862815856934,248.84414672851562,178.78817749023438,0.8852429986000061,56.603214263916016,338.0134582519531,-3.2247862815856934,248.84414672851562,178.78817749023438,0.8852429986000061,56.603214263916016,367.4767025522469,-5.825595236318031,82.53950157785567,-2.483399089066169,-2.901178869834267,-84.24969697460666,307.761050796357,-19.74953286055595,82.53950157785567,177.0960984995006,2.480214165349536,5.624530964342385,307.761050796357,-19.74953286055595,23.0,177.0960984995006,2.480214165349536,5.624530964342385,300.2561827254165,54.77742367646682,82.53950157785567,177.0960984995006,2.480214165349536,5.624530964342385,300.2561827254165,54.77742367646682,23.0,177.0960984995006,2.480214165349536,5.624530964342385,361.79982019268965,61.84198166186361,82.53950157785567,177.0960984995006,2.480214165349536,5.624530964342385,361.79982019268965,61.84198166186361,23.0,177.0960984995006,2.480214165349536,5.624530964342385
2026-04-30 10:58:09,49,wait_for_arrival,0,P1,340.78961181640625,-2.4905505180358887,227.37521362304688,178.81983947753906,1.086448311805725,51.24858093261719,340.78961181640625,-2.4905505180358887,227.37521362304688,178.81983947753906,1.086448311805725,51.24858093261719,367.4767025522469,-5.825595236318031,82.53950157785567,-2.483399089066169,-2.901178869834267,-84.24969697460666,307.761050796357,-19.74953286055595,82.53950157785567,177.0960984995006,2.480214165349536,5.624530964342385,307.761050796357,-19.74953286055595,23.0,177.0960984995006,2.480214165349536,5.624530964342385,300.2561827254165,54.77742367646682,82.53950157785567,177.0960984995006,2.480214165349536,5.624530964342385,300.2561827254165,54.77742367646682,23.0,177.0960984995006,2.480214165349536,5.624530964342385,361.79982019268965,61.84198166186361,82.53950157785567,177.0960984995006,2.480214165349536,5.624530964342385,361.79982019268965,61.84198166186361,23.0,177.0960984995006,2.480214165349536,5.624530964342385
2026-04-30 10:58:09,50,wait_for_arrival,0,P1,340.8760986328125,-2.47843599319458,226.15545654296875,178.82159423828125,1.1005316972732544,50.95164108276367,340.8760986328125,-2.47843599319458,226.15545654296875,178.82159423828125,1.1005316972732544,50.95164108276367,367.4767025522469,-5.825595236318031,82.53950157785567,-2.483399089066169,-2.901178869834267,-84.24969697460666,307.761050796357,-19.74953286055595,82.53950157785567,177.0960984995006,2.480214165349536,5.624530964342385,307.761050796357,-19.74953286055595,23.0,177.0960984995006,2.480214165349536,5.624530964342385,300.2561827254165,54.77742367646682,82.53950157785567,177.0960984995006,2.480214165349536,5.624530964342385,300.2561827254165,54.77742367646682,23.0,177.0960984995006,2.480214165349536,5.624530964342385,361.79982019268965,61.84198166186361,82.53950157785567,177.0960984995006,2.480214165349536,5.624530964342385,361.79982019268965,61.84198166186361,23.0,177.0960984995006,2.480214165349536,5.624530964342385
2026-04-30 10:58:09,51,wait_for_arrival,0,P1,340.8760986328125,-2.47843599319458,226.15545654296875,178.82159423828125,1.1005316972732544,50.95164108276367,340.8760986328125,-2.47843599319458,226.15545654296875,178.82159423828125,1.1005316972732544,50.95164108276367,367.4767025522469,-5.825595236318031,82.53950157785567,-2.483399089066169,-2.901178869834267,-84.24969697460666,307.761050796357,-19.74953286055595,82.53950157785567,177.0960984995006,2.480214165349536,5.624530964342385,307.761050796357,-19.74953286055595,23.0,177.0960984995006,2.480214165349536,5.624530964342385,300.2561827254165,54.77742367646682,82.53950157785567,177.0960984995006,2.480214165349536,5.624530964342385,300.2561827254165,54.77742367646682,23.0,177.0960984995006,2.480214165349536,5.624530964342385,361.79982019268965,61.84198166186361,82.53950157785567,177.0960984995006,2.480214165349536,5.624530964342385,361.79982019268965,61.84198166186361,23.0,177.0960984995006,2.480214165349536,5.624530964342385
2026-04-30 10:58:09,52,wait_for_arrival,0,P1,342.26116943359375,-2.325697898864746,203.8369140625,178.80039978027344,1.3137224912643433,45.591796875,342.26116943359375,-2.325697898864746,203.8369140625,178.80039978027344,1.3137224912643433,45.591796875,367.4767025522469,-5.825595236318031,82.53950157785567,-2.483399089066169,-2.901178869834267,-84.24969697460666,307.761050796357,-19.74953286055595,82.53950157785567,177.0960984995006,2.480214165349536,5.624530964342385,307.761050796357,-19.74953286055595,23.0,177.0960984995006,2.480214165349536,5.624530964342385,300.2561827254165,54.77742367646682,82.53950157785567,177.0960984995006,2.480214165349536,5.624530964342385,300.2561827254165,54.77742367646682,23.0,177.0960984995006,2.480214165349536,5.624530964342385,361.79982019268965,61.84198166186361,82.53950157785567,177.0960984995006,2.480214165349536,5.624530964342385,361.79982019268965,61.84198166186361,23.0,177.0960984995006,2.480214165349536,5.624530964342385
2026-04-30 10:58:09,53,wait_for_arrival,0,P1,342.3133850097656,-2.3255910873413086,202.63125610351562,178.79617309570312,1.3214585781097412,45.30401611328125,342.3133850097656,-2.3255910873413086,202.63125610351562,178.79617309570312,1.3214585781097412,45.30401611328125,367.4767025522469,-5.825595236318031,82.53950157785567,-2.483399089066169,-2.901178869834267,-84.24969697460666,307.761050796357,-19.74953286055595,82.53950157785567,177.0960984995006,2.480214165349536,5.624530964342385,307.761050796357,-19.74953286055595,23.0,177.0960984995006,2.480214165349536,5.624530964342385,300.2561827254165,54.77742367646682,82.53950157785567,177.0960984995006,2.480214165349536,5.624530964342385,300.2561827254165,54.77742367646682,23.0,177.0960984995006,2.480214165349536,5.624530964342385,361.79982019268965,61.84198166186361,82.53950157785567,177.0960984995006,2.480214165349536,5.624530964342385,361.79982019268965,61.84198166186361,23.0,177.0960984995006,2.480214165349536,5.624530964342385
2026-04-30 10:58:10,54,wait_for_arrival,0,P1,342.3133850097656,-2.3255910873413086,202.63125610351562,178.79617309570312,1.3214585781097412,45.30401611328125,342.3133850097656,-2.3255910873413086,202.63125610351562,178.79617309570312,1.3214585781097412,45.30401611328125,367.4767025522469,-5.825595236318031,82.53950157785567,-2.483399089066169,-2.901178869834267,-84.24969697460666,307.761050796357,-19.74953286055595,82.53950157785567,177.0960984995006,2.480214165349536,5.624530964342385,307.761050796357,-19.74953286055595,23.0,177.0960984995006,2.480214165349536,5.624530964342385,300.2561827254165,54.77742367646682,82.53950157785567,177.0960984995006,2.480214165349536,5.624530964342385,300.2561827254165,54.77742367646682,23.0,177.0960984995006,2.480214165349536,5.624530964342385,361.79982019268965,61.84198166186361,82.53950157785567,177.0960984995006,2.480214165349536,5.624530964342385,361.79982019268965,61.84198166186361,23.0,177.0960984995006,2.480214165349536,5.624530964342385
2026-04-30 10:58:10,55,wait_for_arrival,0,P1,342.3133850097656,-2.3255910873413086,202.63125610351562,178.79617309570312,1.3214585781097412,45.30401611328125,342.3133850097656,-2.3255910873413086,202.63125610351562,178.79617309570312,1.3214585781097412,45.30401611328125,367.4767025522469,-5.825595236318031,82.53950157785567,-2.483399089066169,-2.901178869834267,-84.24969697460666,307.761050796357,-19.74953286055595,82.53950157785567,177.0960984995006,2.480214165349536,5.624530964342385,307.761050796357,-19.74953286055595,23.0,177.0960984995006,2.480214165349536,5.624530964342385,300.2561827254165,54.77742367646682,82.53950157785567,177.0960984995006,2.480214165349536,5.624530964342385,300.2561827254165,54.77742367646682,23.0,177.0960984995006,2.480214165349536,5.624530964342385,361.79982019268965,61.84198166186361,82.53950157785567,177.0960984995006,2.480214165349536,5.624530964342385,361.79982019268965,61.84198166186361,23.0,177.0960984995006,2.480214165349536,5.624530964342385
2026-04-30 10:58:11,56,wait_for_arrival,-1,P1,,,,,,,,,,,,,367.4767025522469,-5.825595236318031,82.53950157785567,-2.483399089066169,-2.901178869834267,-84.24969697460666,307.761050796357,-19.74953286055595,82.53950157785567,177.0960984995006,2.480214165349536,5.624530964342385,307.761050796357,-19.74953286055595,23.0,177.0960984995006,2.480214165349536,5.624530964342385,300.2561827254165,54.77742367646682,82.53950157785567,177.0960984995006,2.480214165349536,5.624530964342385,300.2561827254165,54.77742367646682,23.0,177.0960984995006,2.480214165349536,5.624530964342385,361.79982019268965,61.84198166186361,82.53950157785567,177.0960984995006,2.480214165349536,5.624530964342385,361.79982019268965,61.84198166186361,23.0,177.0960984995006,2.480214165349536,5.624530964342385
2026-04-30 10:58:11,57,wait_for_arrival,-1,P1,,,,,,,,,,,,,367.4767025522469,-5.825595236318031,82.53950157785567,-2.483399089066169,-2.901178869834267,-84.24969697460666,307.761050796357,-19.74953286055595,82.53950157785567,177.0960984995006,2.480214165349536,5.624530964342385,307.761050796357,-19.74953286055595,23.0,177.0960984995006,2.480214165349536,5.624530964342385,300.2561827254165,54.77742367646682,82.53950157785567,177.0960984995006,2.480214165349536,5.624530964342385,300.2561827254165,54.77742367646682,23.0,177.0960984995006,2.480214165349536,5.624530964342385,361.79982019268965,61.84198166186361,82.53950157785567,177.0960984995006,2.480214165349536,5.624530964342385,361.79982019268965,61.84198166186361,23.0,177.0960984995006,2.480214165349536,5.624530964342385
2026-04-30 10:58:11,58,wait_for_arrival,-1,P1,,,,,,,,,,,,,367.4767025522469,-5.825595236318031,82.53950157785567,-2.483399089066169,-2.901178869834267,-84.24969697460666,307.761050796357,-19.74953286055595,82.53950157785567,177.0960984995006,2.480214165349536,5.624530964342385,307.761050796357,-19.74953286055595,23.0,177.0960984995006,2.480214165349536,5.624530964342385,300.2561827254165,54.77742367646682,82.53950157785567,177.0960984995006,2.480214165349536,5.624530964342385,300.2561827254165,54.77742367646682,23.0,177.0960984995006,2.480214165349536,5.624530964342385,361.79982019268965,61.84198166186361,82.53950157785567,177.0960984995006,2.480214165349536,5.624530964342385,361.79982019268965,61.84198166186361,23.0,177.0960984995006,2.480214165349536,5.624530964342385
2026-04-30 10:58:11,59,wait_for_arrival,0,P1,334.45318603515625,-7.170092582702637,111.99578857421875,178.2411346435547,2.0984442234039307,24.888694763183594,334.45318603515625,-7.170092582702637,111.99578857421875,178.2411346435547,2.0984442234039307,24.888694763183594,367.4767025522469,-5.825595236318031,82.53950157785567,-2.483399089066169,-2.901178869834267,-84.24969697460666,307.761050796357,-19.74953286055595,82.53950157785567,177.0960984995006,2.480214165349536,5.624530964342385,307.761050796357,-19.74953286055595,23.0,177.0960984995006,2.480214165349536,5.624530964342385,300.2561827254165,54.77742367646682,82.53950157785567,177.0960984995006,2.480214165349536,5.624530964342385,300.2561827254165,54.77742367646682,23.0,177.0960984995006,2.480214165349536,5.624530964342385,361.79982019268965,61.84198166186361,82.53950157785567,177.0960984995006,2.480214165349536,5.624530964342385,361.79982019268965,61.84198166186361,23.0,177.0960984995006,2.480214165349536,5.624530964342385
2026-04-30 10:58:12,60,wait_for_arrival,0,P1,334.1770935058594,-7.3061981201171875,110.64102172851562,178.2277069091797,2.108992576599121,24.5902099609375,334.1770935058594,-7.3061981201171875,110.64102172851562,178.2277069091797,2.108992576599121,24.5902099609375,367.4767025522469,-5.825595236318031,82.53950157785567,-2.483399089066169,-2.901178869834267,-84.24969697460666,307.761050796357,-19.74953286055595,82.53950157785567,177.0960984995006,2.480214165349536,5.624530964342385,307.761050796357,-19.74953286055595,23.0,177.0960984995006,2.480214165349536,5.624530964342385,300.2561827254165,54.77742367646682,82.53950157785567,177.0960984995006,2.480214165349536,5.624530964342385,300.2561827254165,54.77742367646682,23.0,177.0960984995006,2.480214165349536,5.624530964342385,361.79982019268965,61.84198166186361,82.53950157785567,177.0960984995006,2.480214165349536,5.624530964342385,361.79982019268965,61.84198166186361,23.0,177.0960984995006,2.480214165349536,5.624530964342385
2026-04-30 10:58:12,61,wait_for_arrival,0,P1,334.1770935058594,-7.3061981201171875,110.64102172851562,178.2277069091797,2.108992576599121,24.5902099609375,334.1770935058594,-7.3061981201171875,110.64102172851562,178.2277069091797,2.108992576599121,24.5902099609375,367.4767025522469,-5.825595236318031,82.53950157785567,-2.483399089066169,-2.901178869834267,-84.24969697460666,307.761050796357,-19.74953286055595,82.53950157785567,177.0960984995006,2.480214165349536,5.624530964342385,307.761050796357,-19.74953286055595,23.0,177.0960984995006,2.480214165349536,5.624530964342385,300.2561827254165,54.77742367646682,82.53950157785567,177.0960984995006,2.480214165349536,5.624530964342385,300.2561827254165,54.77742367646682,23.0,177.0960984995006,2.480214165349536,5.624530964342385,361.79982019268965,61.84198166186361,82.53950157785567,177.0960984995006,2.480214165349536,5.624530964342385,361.79982019268965,61.84198166186361,23.0,177.0960984995006,2.480214165349536,5.624530964342385
2026-04-30 10:58:12,62,wait_for_arrival,0,P1,334.1770935058594,-7.3061981201171875,110.64102172851562,178.2277069091797,2.108992576599121,24.5902099609375,334.1770935058594,-7.3061981201171875,110.64102172851562,178.2277069091797,2.108992576599121,24.5902099609375,367.4767025522469,-5.825595236318031,82.53950157785567,-2.483399089066169,-2.901178869834267,-84.24969697460666,307.761050796357,-19.74953286055595,82.53950157785567,177.0960984995006,2.480214165349536,5.624530964342385,307.761050796357,-19.74953286055595,23.0,177.0960984995006,2.480214165349536,5.624530964342385,300.2561827254165,54.77742367646682,82.53950157785567,177.0960984995006,2.480214165349536,5.624530964342385,300.2561827254165,54.77742367646682,23.0,177.0960984995006,2.480214165349536,5.624530964342385,361.79982019268965,61.84198166186361,82.53950157785567,177.0960984995006,2.480214165349536,5.624530964342385,361.79982019268965,61.84198166186361,23.0,177.0960984995006,2.480214165349536,5.624530964342385
2026-04-30 10:58:12,63,wait_for_arrival,0,P1,323.7669372558594,-12.335226058959961,68.55072021484375,177.74656677246094,2.3473026752471924,15.462991714477539,323.7669372558594,-12.335226058959961,68.55072021484375,177.74656677246094,2.3473026752471924,15.462991714477539,367.4767025522469,-5.825595236318031,82.53950157785567,-2.483399089066169,-2.901178869834267,-84.24969697460666,307.761050796357,-19.74953286055595,82.53950157785567,177.0960984995006,2.480214165349536,5.624530964342385,307.761050796357,-19.74953286055595,23.0,177.0960984995006,2.480214165349536,5.624530964342385,300.2561827254165,54.77742367646682,82.53950157785567,177.0960984995006,2.480214165349536,5.624530964342385,300.2561827254165,54.77742367646682,23.0,177.0960984995006,2.480214165349536,5.624530964342385,361.79982019268965,61.84198166186361,82.53950157785567,177.0960984995006,2.480214165349536,5.624530964342385,361.79982019268965,61.84198166186361,23.0,177.0960984995006,2.480214165349536,5.624530964342385
2026-04-30 10:58:13,64,wait_for_arrival,0,P1,323.3504638671875,-12.52962875366211,67.19888305664062,177.72906494140625,2.3551533222198486,15.175559997558594,323.3504638671875,-12.52962875366211,67.19888305664062,177.72906494140625,2.3551533222198486,15.175559997558594,367.4767025522469,-5.825595236318031,82.53950157785567,-2.483399089066169,-2.901178869834267,-84.24969697460666,307.761050796357,-19.74953286055595,82.53950157785567,177.0960984995006,2.480214165349536,5.624530964342385,307.761050796357,-19.74953286055595,23.0,177.0960984995006,2.480214165349536,5.624530964342385,300.2561827254165,54.77742367646682,82.53950157785567,177.0960984995006,2.480214165349536,5.624530964342385,300.2561827254165,54.77742367646682,23.0,177.0960984995006,2.480214165349536,5.624530964342385,361.79982019268965,61.84198166186361,82.53950157785567,177.0960984995006,2.480214165349536,5.624530964342385,361.79982019268965,61.84198166186361,23.0,177.0960984995006,2.480214165349536,5.624530964342385
2026-04-30 10:58:13,65,wait_for_arrival,0,P1,323.3504638671875,-12.52962875366211,67.19888305664062,177.72906494140625,2.3551533222198486,15.175559997558594,323.3504638671875,-12.52962875366211,67.19888305664062,177.72906494140625,2.3551533222198486,15.175559997558594,367.4767025522469,-5.825595236318031,82.53950157785567,-2.483399089066169,-2.901178869834267,-84.24969697460666,307.761050796357,-19.74953286055595,82.53950157785567,177.0960984995006,2.480214165349536,5.624530964342385,307.761050796357,-19.74953286055595,23.0,177.0960984995006,2.480214165349536,5.624530964342385,300.2561827254165,54.77742367646682,82.53950157785567,177.0960984995006,2.480214165349536,5.624530964342385,300.2561827254165,54.77742367646682,23.0,177.0960984995006,2.480214165349536,5.624530964342385,361.79982019268965,61.84198166186361,82.53950157785567,177.0960984995006,2.480214165349536,5.624530964342385,361.79982019268965,61.84198166186361,23.0,177.0960984995006,2.480214165349536,5.624530964342385
2026-04-30 10:58:13,66,wait_for_arrival,0,P1,315.1565856933594,-16.348840713500977,42.350189208984375,177.387451171875,2.4445765018463135,9.812894821166992,315.1565856933594,-16.348840713500977,42.350189208984375,177.387451171875,2.4445765018463135,9.812894821166992,367.4767025522469,-5.825595236318031,82.53950157785567,-2.483399089066169,-2.901178869834267,-84.24969697460666,307.761050796357,-19.74953286055595,82.53950157785567,177.0960984995006,2.480214165349536,5.624530964342385,307.761050796357,-19.74953286055595,23.0,177.0960984995006,2.480214165349536,5.624530964342385,300.2561827254165,54.77742367646682,82.53950157785567,177.0960984995006,2.480214165349536,5.624530964342385,300.2561827254165,54.77742367646682,23.0,177.0960984995006,2.480214165349536,5.624530964342385,361.79982019268965,61.84198166186361,82.53950157785567,177.0960984995006,2.480214165349536,5.624530964342385,361.79982019268965,61.84198166186361,23.0,177.0960984995006,2.480214165349536,5.624530964342385
2026-04-30 10:58:13,67,wait_for_arrival,0,P1,314.7040100097656,-16.56031036376953,41.0443115234375,177.3688201904297,2.4445865154266357,9.525137901306152,314.7040100097656,-16.56031036376953,41.0443115234375,177.3688201904297,2.4445865154266357,9.525137901306152,367.4767025522469,-5.825595236318031,82.53950157785567,-2.483399089066169,-2.901178869834267,-84.24969697460666,307.761050796357,-19.74953286055595,82.53950157785567,177.0960984995006,2.480214165349536,5.624530964342385,307.761050796357,-19.74953286055595,23.0,177.0960984995006,2.480214165349536,5.624530964342385,300.2561827254165,54.77742367646682,82.53950157785567,177.0960984995006,2.480214165349536,5.624530964342385,300.2561827254165,54.77742367646682,23.0,177.0960984995006,2.480214165349536,5.624530964342385,361.79982019268965,61.84198166186361,82.53950157785567,177.0960984995006,2.480214165349536,5.624530964342385,361.79982019268965,61.84198166186361,23.0,177.0960984995006,2.480214165349536,5.624530964342385
2026-04-30 10:58:14,68,wait_for_arrival,0,P1,314.7040100097656,-16.56031036376953,41.0443115234375,177.3688201904297,2.4445865154266357,9.525137901306152,314.7040100097656,-16.56031036376953,41.0443115234375,177.3688201904297,2.4445865154266357,9.525137901306152,367.4767025522469,-5.825595236318031,82.53950157785567,-2.483399089066169,-2.901178869834267,-84.24969697460666,307.761050796357,-19.74953286055595,82.53950157785567,177.0960984995006,2.480214165349536,5.624530964342385,307.761050796357,-19.74953286055595,23.0,177.0960984995006,2.480214165349536,5.624530964342385,300.2561827254165,54.77742367646682,82.53950157785567,177.0960984995006,2.480214165349536,5.624530964342385,300.2561827254165,54.77742367646682,23.0,177.0960984995006,2.480214165349536,5.624530964342385,361.79982019268965,61.84198166186361,82.53950157785567,177.0960984995006,2.480214165349536,5.624530964342385,361.79982019268965,61.84198166186361,23.0,177.0960984995006,2.480214165349536,5.624530964342385
2026-04-30 10:58:14,69,wait_for_arrival,0,P1,307.7708740234375,-19.743661880493164,23.007720947265625,177.0962677001953,2.47792649269104,5.624380111694336,307.7708740234375,-19.743661880493164,23.007720947265625,177.0962677001953,2.47792649269104,5.624380111694336,367.4767025522469,-5.825595236318031,82.53950157785567,-2.483399089066169,-2.901178869834267,-84.24969697460666,307.761050796357,-19.74953286055595,82.53950157785567,177.0960984995006,2.480214165349536,5.624530964342385,307.761050796357,-19.74953286055595,23.0,177.0960984995006,2.480214165349536,5.624530964342385,300.2561827254165,54.77742367646682,82.53950157785567,177.0960984995006,2.480214165349536,5.624530964342385,300.2561827254165,54.77742367646682,23.0,177.0960984995006,2.480214165349536,5.624530964342385,361.79982019268965,61.84198166186361,82.53950157785567,177.0960984995006,2.480214165349536,5.624530964342385,361.79982019268965,61.84198166186361,23.0,177.0960984995006,2.480214165349536,5.624530964342385
2026-04-30 10:58:14,70,wait_for_arrival,0,P1,307.7708740234375,-19.743661880493164,23.007720947265625,177.0962677001953,2.47792649269104,5.624380111694336,307.7708740234375,-19.743661880493164,23.007720947265625,177.0962677001953,2.47792649269104,5.624380111694336,367.4767025522469,-5.825595236318031,82.53950157785567,-2.483399089066169,-2.901178869834267,-84.24969697460666,307.761050796357,-19.74953286055595,82.53950157785567,177.0960984995006,2.480214165349536,5.624530964342385,307.761050796357,-19.74953286055595,23.0,177.0960984995006,2.480214165349536,5.624530964342385,300.2561827254165,54.77742367646682,82.53950157785567,177.0960984995006,2.480214165349536,5.624530964342385,300.2561827254165,54.77742367646682,23.0,177.0960984995006,2.480214165349536,5.624530964342385,361.79982019268965,61.84198166186361,82.53950157785567,177.0960984995006,2.480214165349536,5.624530964342385,361.79982019268965,61.84198166186361,23.0,177.0960984995006,2.480214165349536,5.624530964342385
2026-04-30 10:58:15,71,main_loop,0,P1,307.7674255371094,-19.745073318481445,23.0069580078125,177.09613037109375,2.4784836769104004,5.6249284744262695,307.7674255371094,-19.745073318481445,23.0069580078125,177.09613037109375,2.4784836769104004,5.6249284744262695,367.4767025522469,-5.825595236318031,82.53950157785567,-2.483399089066169,-2.901178869834267,-84.24969697460666,307.761050796357,-19.74953286055595,82.53950157785567,177.0960984995006,2.480214165349536,5.624530964342385,307.761050796357,-19.74953286055595,23.0,177.0960984995006,2.480214165349536,5.624530964342385,300.2561827254165,54.77742367646682,82.53950157785567,177.0960984995006,2.480214165349536,5.624530964342385,300.2561827254165,54.77742367646682,23.0,177.0960984995006,2.480214165349536,5.624530964342385,361.79982019268965,61.84198166186361,82.53950157785567,177.0960984995006,2.480214165349536,5.624530964342385,361.79982019268965,61.84198166186361,23.0,177.0960984995006,2.480214165349536,5.624530964342385
2026-04-30 10:58:20,72,wait_for_arrival,0,P1,307.7651062011719,-19.746047973632812,23.004638671875,177.09605407714844,2.4788365364074707,5.6254754066467285,307.7651062011719,-19.746047973632812,23.004638671875,177.09605407714844,2.4788365364074707,5.6254754066467285,367.4767025522469,-5.825595236318031,82.53950157785567,-2.483399089066169,-2.901178869834267,-84.24969697460666,307.761050796357,-19.74953286055595,82.53950157785567,177.0960984995006,2.480214165349536,5.624530964342385,307.761050796357,-19.74953286055595,23.0,177.0960984995006,2.480214165349536,5.624530964342385,300.2561827254165,54.77742367646682,82.53950157785567,177.0960984995006,2.480214165349536,5.624530964342385,300.2561827254165,54.77742367646682,23.0,177.0960984995006,2.480214165349536,5.624530964342385,361.79982019268965,61.84198166186361,82.53950157785567,177.0960984995006,2.480214165349536,5.624530964342385,361.79982019268965,61.84198166186361,23.0,177.0960984995006,2.480214165349536,5.624530964342385
2026-04-30 10:58:20,73,wait_for_arrival,0,P1,307.76165771484375,-19.747461318969727,23.003814697265625,177.09588623046875,2.4793665409088135,5.625467777252197,307.76165771484375,-19.747461318969727,23.003814697265625,177.09588623046875,2.4793665409088135,5.625467777252197,367.4767025522469,-5.825595236318031,82.53950157785567,-2.483399089066169,-2.901178869834267,-84.24969697460666,307.761050796357,-19.74953286055595,82.53950157785567,177.0960984995006,2.480214165349536,5.624530964342385,307.761050796357,-19.74953286055595,23.0,177.0960984995006,2.480214165349536,5.624530964342385,300.2561827254165,54.77742367646682,82.53950157785567,177.0960984995006,2.480214165349536,5.624530964342385,300.2561827254165,54.77742367646682,23.0,177.0960984995006,2.480214165349536,5.624530964342385,361.79982019268965,61.84198166186361,82.53950157785567,177.0960984995006,2.480214165349536,5.624530964342385,361.79982019268965,61.84198166186361,23.0,177.0960984995006,2.480214165349536,5.624530964342385
2026-04-30 10:58:21,74,main_loop,0,P1,307.76165771484375,-19.747461318969727,23.003814697265625,177.09588623046875,2.4793665409088135,5.625467777252197,307.76165771484375,-19.747461318969727,23.003814697265625,177.09588623046875,2.4793665409088135,5.625467777252197,367.4767025522469,-5.825595236318031,82.53950157785567,-2.483399089066169,-2.901178869834267,-84.24969697460666,307.761050796357,-19.74953286055595,82.53950157785567,177.0960984995006,2.480214165349536,5.624530964342385,307.761050796357,-19.74953286055595,23.0,177.0960984995006,2.480214165349536,5.624530964342385,300.2561827254165,54.77742367646682,82.53950157785567,177.0960984995006,2.480214165349536,5.624530964342385,300.2561827254165,54.77742367646682,23.0,177.0960984995006,2.480214165349536,5.624530964342385,361.79982019268965,61.84198166186361,82.53950157785567,177.0960984995006,2.480214165349536,5.624530964342385,361.79982019268965,61.84198166186361,23.0,177.0960984995006,2.480214165349536,5.624530964342385
2026-04-30 10:58:21,75,main_loop,0,P1,307.76025390625,-19.744047164916992,23.003662109375,177.09642028808594,2.4795284271240234,5.625457763671875,307.76025390625,-19.744047164916992,23.003662109375,177.09642028808594,2.4795284271240234,5.625457763671875,367.4767025522469,-5.825595236318031,82.53950157785567,-2.483399089066169,-2.901178869834267,-84.24969697460666,307.761050796357,-19.74953286055595,82.53950157785567,177.0960984995006,2.480214165349536,5.624530964342385,307.761050796357,-19.74953286055595,23.0,177.0960984995006,2.480214165349536,5.624530964342385,300.2561827254165,54.77742367646682,82.53950157785567,177.0960984995006,2.480214165349536,5.624530964342385,300.2561827254165,54.77742367646682,23.0,177.0960984995006,2.480214165349536,5.624530964342385,361.79982019268965,61.84198166186361,82.53950157785567,177.0960984995006,2.480214165349536,5.624530964342385,361.79982019268965,61.84198166186361,23.0,177.0960984995006,2.480214165349536,5.624530964342385
2026-04-30 10:58:21,76,main_loop,0,P1,307.7576904296875,-19.745126724243164,23.001129150390625,177.0963134765625,2.479881763458252,5.625448703765869,307.7576904296875,-19.745126724243164,23.001129150390625,177.0963134765625,2.479881763458252,5.625448703765869,367.4767025522469,-5.825595236318031,82.53950157785567,-2.483399089066169,-2.901178869834267,-84.24969697460666,307.761050796357,-19.74953286055595,82.53950157785567,177.0960984995006,2.480214165349536,5.624530964342385,307.761050796357,-19.74953286055595,23.0,177.0960984995006,2.480214165349536,5.624530964342385,300.2561827254165,54.77742367646682,82.53950157785567,177.0960984995006,2.480214165349536,5.624530964342385,300.2561827254165,54.77742367646682,23.0,177.0960984995006,2.480214165349536,5.624530964342385,361.79982019268965,61.84198166186361,82.53950157785567,177.0960984995006,2.480214165349536,5.624530964342385,361.79982019268965,61.84198166186361,23.0,177.0960984995006,2.480214165349536,5.624530964342385
2026-04-30 10:58:21,77,main_loop,0,P1,307.7576904296875,-19.745126724243164,23.001129150390625,177.0963134765625,2.479881763458252,5.625448703765869,307.7576904296875,-19.745126724243164,23.001129150390625,177.0963134765625,2.479881763458252,5.625448703765869,367.4767025522469,-5.825595236318031,82.53950157785567,-2.483399089066169,-2.901178869834267,-84.24969697460666,307.761050796357,-19.74953286055595,82.53950157785567,177.0960984995006,2.480214165349536,5.624530964342385,307.761050796357,-19.74953286055595,23.0,177.0960984995006,2.480214165349536,5.624530964342385,300.2561827254165,54.77742367646682,82.53950157785567,177.0960984995006,2.480214165349536,5.624530964342385,300.2561827254165,54.77742367646682,23.0,177.0960984995006,2.480214165349536,5.624530964342385,361.79982019268965,61.84198166186361,82.53950157785567,177.0960984995006,2.480214165349536,5.624530964342385,361.79982019268965,61.84198166186361,23.0,177.0960984995006,2.480214165349536,5.624530964342385
2026-04-30 10:58:21,78,main_loop,0,P1,307.7576904296875,-19.745126724243164,23.001129150390625,177.0963134765625,2.479881763458252,5.625448703765869,307.7576904296875,-19.745126724243164,23.001129150390625,177.0963134765625,2.479881763458252,5.625448703765869,367.4767025522469,-5.825595236318031,82.53950157785567,-2.483399089066169,-2.901178869834267,-84.24969697460666,307.761050796357,-19.74953286055595,82.53950157785567,177.0960984995006,2.480214165349536,5.624530964342385,307.761050796357,-19.74953286055595,23.0,177.0960984995006,2.480214165349536,5.624530964342385,300.2561827254165,54.77742367646682,82.53950157785567,177.0960984995006,2.480214165349536,5.624530964342385,300.2561827254165,54.77742367646682,23.0,177.0960984995006,2.480214165349536,5.624530964342385,361.79982019268965,61.84198166186361,82.53950157785567,177.0960984995006,2.480214165349536,5.624530964342385,361.79982019268965,61.84198166186361,23.0,177.0960984995006,2.480214165349536,5.624530964342385
2026-04-30 10:58:21,79,main_loop,0,P1,307.7576904296875,-19.745126724243164,23.001129150390625,177.0963134765625,2.479881763458252,5.625448703765869,307.7576904296875,-19.745126724243164,23.001129150390625,177.0963134765625,2.479881763458252,5.625448703765869,367.4767025522469,-5.825595236318031,82.53950157785567,-2.483399089066169,-2.901178869834267,-84.24969697460666,307.761050796357,-19.74953286055595,82.53950157785567,177.0960984995006,2.480214165349536,5.624530964342385,307.761050796357,-19.74953286055595,23.0,177.0960984995006,2.480214165349536,5.624530964342385,300.2561827254165,54.77742367646682,82.53950157785567,177.0960984995006,2.480214165349536,5.624530964342385,300.2561827254165,54.77742367646682,23.0,177.0960984995006,2.480214165349536,5.624530964342385,361.79982019268965,61.84198166186361,82.53950157785567,177.0960984995006,2.480214165349536,5.624530964342385,361.79982019268965,61.84198166186361,23.0,177.0960984995006,2.480214165349536,5.624530964342385
2026-04-30 10:58:21,80,main_loop,0,P1,307.7576904296875,-19.745126724243164,23.001129150390625,177.0963134765625,2.479881763458252,5.625448703765869,307.7576904296875,-19.745126724243164,23.001129150390625,177.0963134765625,2.479881763458252,5.625448703765869,367.4767025522469,-5.825595236318031,82.53950157785567,-2.483399089066169,-2.901178869834267,-84.24969697460666,307.761050796357,-19.74953286055595,82.53950157785567,177.0960984995006,2.480214165349536,5.624530964342385,307.761050796357,-19.74953286055595,23.0,177.0960984995006,2.480214165349536,5.624530964342385,300.2561827254165,54.77742367646682,82.53950157785567,177.0960984995006,2.480214165349536,5.624530964342385,300.2561827254165,54.77742367646682,23.0,177.0960984995006,2.480214165349536,5.624530964342385,361.79982019268965,61.84198166186361,82.53950157785567,177.0960984995006,2.480214165349536,5.624530964342385,361.79982019268965,61.84198166186361,23.0,177.0960984995006,2.480214165349536,5.624530964342385
2026-04-30 10:58:21,81,main_loop,0,P1,307.7576904296875,-19.745126724243164,23.001129150390625,177.0963134765625,2.479881763458252,5.625448703765869,307.7576904296875,-19.745126724243164,23.001129150390625,177.0963134765625,2.479881763458252,5.625448703765869,367.4767025522469,-5.825595236318031,82.53950157785567,-2.483399089066169,-2.901178869834267,-84.24969697460666,307.761050796357,-19.74953286055595,82.53950157785567,177.0960984995006,2.480214165349536,5.624530964342385,307.761050796357,-19.74953286055595,23.0,177.0960984995006,2.480214165349536,5.624530964342385,300.2561827254165,54.77742367646682,82.53950157785567,177.0960984995006,2.480214165349536,5.624530964342385,300.2561827254165,54.77742367646682,23.0,177.0960984995006,2.480214165349536,5.624530964342385,361.79982019268965,61.84198166186361,82.53950157785567,177.0960984995006,2.480214165349536,5.624530964342385,361.79982019268965,61.84198166186361,23.0,177.0960984995006,2.480214165349536,5.624530964342385
2026-04-30 10:58:21,82,main_loop,0,P1,307.7575988769531,-19.747011184692383,23.001129150390625,177.0963134765625,2.479881525039673,5.625100135803223,307.7575988769531,-19.747011184692383,23.001129150390625,177.0963134765625,2.479881525039673,5.625100135803223,367.4767025522469,-5.825595236318031,82.53950157785567,-2.483399089066169,-2.901178869834267,-84.24969697460666,307.761050796357,-19.74953286055595,82.53950157785567,177.0960984995006,2.480214165349536,5.624530964342385,307.761050796357,-19.74953286055595,23.0,177.0960984995006,2.480214165349536,5.624530964342385,300.2561827254165,54.77742367646682,82.53950157785567,177.0960984995006,2.480214165349536,5.624530964342385,300.2561827254165,54.77742367646682,23.0,177.0960984995006,2.480214165349536,5.624530964342385,361.79982019268965,61.84198166186361,82.53950157785567,177.0960984995006,2.480214165349536,5.624530964342385,361.79982019268965,61.84198166186361,23.0,177.0960984995006,2.480214165349536,5.624530964342385
2026-04-30 10:58:21,83,main_loop,0,P1,307.7575988769531,-19.747011184692383,23.001129150390625,177.0963134765625,2.479881525039673,5.625100135803223,307.7575988769531,-19.747011184692383,23.001129150390625,177.0963134765625,2.479881525039673,5.625100135803223,367.4767025522469,-5.825595236318031,82.53950157785567,-2.483399089066169,-2.901178869834267,-84.24969697460666,307.761050796357,-19.74953286055595,82.53950157785567,177.0960984995006,2.480214165349536,5.624530964342385,307.761050796357,-19.74953286055595,23.0,177.0960984995006,2.480214165349536,5.624530964342385,300.2561827254165,54.77742367646682,82.53950157785567,177.0960984995006,2.480214165349536,5.624530964342385,300.2561827254165,54.77742367646682,23.0,177.0960984995006,2.480214165349536,5.624530964342385,361.79982019268965,61.84198166186361,82.53950157785567,177.0960984995006,2.480214165349536,5.624530964342385,361.79982019268965,61.84198166186361,23.0,177.0960984995006,2.480214165349536,5.624530964342385
2026-04-30 10:58:21,84,main_loop,0,P1,307.7575988769531,-19.747011184692383,23.001129150390625,177.0963134765625,2.479881525039673,5.625100135803223,307.7575988769531,-19.747011184692383,23.001129150390625,177.0963134765625,2.479881525039673,5.625100135803223,367.4767025522469,-5.825595236318031,82.53950157785567,-2.483399089066169,-2.901178869834267,-84.24969697460666,307.761050796357,-19.74953286055595,82.53950157785567,177.0960984995006,2.480214165349536,5.624530964342385,307.761050796357,-19.74953286055595,23.0,177.0960984995006,2.480214165349536,5.624530964342385,300.2561827254165,54.77742367646682,82.53950157785567,177.0960984995006,2.480214165349536,5.624530964342385,300.2561827254165,54.77742367646682,23.0,177.0960984995006,2.480214165349536,5.624530964342385,361.79982019268965,61.84198166186361,82.53950157785567,177.0960984995006,2.480214165349536,5.624530964342385,361.79982019268965,61.84198166186361,23.0,177.0960984995006,2.480214165349536,5.624530964342385
2026-04-30 10:58:21,85,main_loop,0,P1,307.7575988769531,-19.747011184692383,23.001129150390625,177.0963134765625,2.479881525039673,5.625100135803223,307.7575988769531,-19.747011184692383,23.001129150390625,177.0963134765625,2.479881525039673,5.625100135803223,367.4767025522469,-5.825595236318031,82.53950157785567,-2.483399089066169,-2.901178869834267,-84.24969697460666,307.761050796357,-19.74953286055595,82.53950157785567,177.0960984995006,2.480214165349536,5.624530964342385,307.761050796357,-19.74953286055595,23.0,177.0960984995006,2.480214165349536,5.624530964342385,300.2561827254165,54.77742367646682,82.53950157785567,177.0960984995006,2.480214165349536,5.624530964342385,300.2561827254165,54.77742367646682,23.0,177.0960984995006,2.480214165349536,5.624530964342385,361.79982019268965,61.84198166186361,82.53950157785567,177.0960984995006,2.480214165349536,5.624530964342385,361.79982019268965,61.84198166186361,23.0,177.0960984995006,2.480214165349536,5.624530964342385
2026-04-30 10:58:21,86,main_loop,0,P1,307.7575988769531,-19.747011184692383,23.001129150390625,177.0963134765625,2.479881525039673,5.625100135803223,307.7575988769531,-19.747011184692383,23.001129150390625,177.0963134765625,2.479881525039673,5.625100135803223,367.4767025522469,-5.825595236318031,82.53950157785567,-2.483399089066169,-2.901178869834267,-84.24969697460666,307.761050796357,-19.74953286055595,82.53950157785567,177.0960984995006,2.480214165349536,5.624530964342385,307.761050796357,-19.74953286055595,23.0,177.0960984995006,2.480214165349536,5.624530964342385,300.2561827254165,54.77742367646682,82.53950157785567,177.0960984995006,2.480214165349536,5.624530964342385,300.2561827254165,54.77742367646682,23.0,177.0960984995006,2.480214165349536,5.624530964342385,361.79982019268965,61.84198166186361,82.53950157785567,177.0960984995006,2.480214165349536,5.624530964342385,361.79982019268965,61.84198166186361,23.0,177.0960984995006,2.480214165349536,5.624530964342385
2026-04-30 10:58:21,87,main_loop,0,P1,307.7601623535156,-19.74594497680664,23.003662109375,177.09642028808594,2.4795281887054443,5.625105381011963,307.7601623535156,-19.74594497680664,23.003662109375,177.09642028808594,2.4795281887054443,5.625105381011963,367.4767025522469,-5.825595236318031,82.53950157785567,-2.483399089066169,-2.901178869834267,-84.24969697460666,307.761050796357,-19.74953286055595,82.53950157785567,177.0960984995006,2.480214165349536,5.624530964342385,307.761050796357,-19.74953286055595,23.0,177.0960984995006,2.480214165349536,5.624530964342385,300.2561827254165,54.77742367646682,82.53950157785567,177.0960984995006,2.480214165349536,5.624530964342385,300.2561827254165,54.77742367646682,23.0,177.0960984995006,2.480214165349536,5.624530964342385,361.79982019268965,61.84198166186361,82.53950157785567,177.0960984995006,2.480214165349536,5.624530964342385,361.79982019268965,61.84198166186361,23.0,177.0960984995006,2.480214165349536,5.624530964342385
2026-04-30 10:58:21,88,main_loop,0,P1,307.7601623535156,-19.74594497680664,23.003662109375,177.09642028808594,2.4795281887054443,5.625105381011963,307.7601623535156,-19.74594497680664,23.003662109375,177.09642028808594,2.4795281887054443,5.625105381011963,367.4767025522469,-5.825595236318031,82.53950157785567,-2.483399089066169,-2.901178869834267,-84.24969697460666,307.761050796357,-19.74953286055595,82.53950157785567,177.0960984995006,2.480214165349536,5.624530964342385,307.761050796357,-19.74953286055595,23.0,177.0960984995006,2.480214165349536,5.624530964342385,300.2561827254165,54.77742367646682,82.53950157785567,177.0960984995006,2.480214165349536,5.624530964342385,300.2561827254165,54.77742367646682,23.0,177.0960984995006,2.480214165349536,5.624530964342385,361.79982019268965,61.84198166186361,82.53950157785567,177.0960984995006,2.480214165349536,5.624530964342385,361.79982019268965,61.84198166186361,23.0,177.0960984995006,2.480214165349536,5.624530964342385
2026-04-30 10:58:21,89,main_loop,0,P1,307.7600402832031,-19.747873306274414,23.003662109375,177.09642028808594,2.4795284271240234,5.624748706817627,307.7600402832031,-19.747873306274414,23.003662109375,177.09642028808594,2.4795284271240234,5.624748706817627,367.4767025522469,-5.825595236318031,82.53950157785567,-2.483399089066169,-2.901178869834267,-84.24969697460666,307.761050796357,-19.74953286055595,82.53950157785567,177.0960984995006,2.480214165349536,5.624530964342385,307.761050796357,-19.74953286055595,23.0,177.0960984995006,2.480214165349536,5.624530964342385,300.2561827254165,54.77742367646682,82.53950157785567,177.0960984995006,2.480214165349536,5.624530964342385,300.2561827254165,54.77742367646682,23.0,177.0960984995006,2.480214165349536,5.624530964342385,361.79982019268965,61.84198166186361,82.53950157785567,177.0960984995006,2.480214165349536,5.624530964342385,361.79982019268965,61.84198166186361,23.0,177.0960984995006,2.480214165349536,5.624530964342385
2026-04-30 10:58:21,90,main_loop,0,P1,307.7600402832031,-19.747873306274414,23.003662109375,177.09642028808594,2.4795284271240234,5.624748706817627,307.7600402832031,-19.747873306274414,23.003662109375,177.09642028808594,2.4795284271240234,5.624748706817627,367.4767025522469,-5.825595236318031,82.53950157785567,-2.483399089066169,-2.901178869834267,-84.24969697460666,307.761050796357,-19.74953286055595,82.53950157785567,177.0960984995006,2.480214165349536,5.624530964342385,307.761050796357,-19.74953286055595,23.0,177.0960984995006,2.480214165349536,5.624530964342385,300.2561827254165,54.77742367646682,82.53950157785567,177.0960984995006,2.480214165349536,5.624530964342385,300.2561827254165,54.77742367646682,23.0,177.0960984995006,2.480214165349536,5.624530964342385,361.79982019268965,61.84198166186361,82.53950157785567,177.0960984995006,2.480214165349536,5.624530964342385,361.79982019268965,61.84198166186361,23.0,177.0960984995006,2.480214165349536,5.624530964342385
2026-04-30 10:58:21,91,main_loop,0,P1,307.7593688964844,-19.74816131591797,23.001953125,177.09632873535156,2.4798583984375,5.624743461608887,307.7593688964844,-19.74816131591797,23.001953125,177.09632873535156,2.4798583984375,5.624743461608887,367.4767025522469,-5.825595236318031,82.53950157785567,-2.483399089066169,-2.901178869834267,-84.24969697460666,307.761050796357,-19.74953286055595,82.53950157785567,177.0960984995006,2.480214165349536,5.624530964342385,307.761050796357,-19.74953286055595,23.0,177.0960984995006,2.480214165349536,5.624530964342385,300.2561827254165,54.77742367646682,82.53950157785567,177.0960984995006,2.480214165349536,5.624530964342385,300.2561827254165,54.77742367646682,23.0,177.0960984995006,2.480214165349536,5.624530964342385,361.79982019268965,61.84198166186361,82.53950157785567,177.0960984995006,2.480214165349536,5.624530964342385,361.79982019268965,61.84198166186361,23.0,177.0960984995006,2.480214165349536,5.624530964342385
2026-04-30 10:58:21,92,main_loop,0,P1,307.7593688964844,-19.74816131591797,23.001953125,177.09632873535156,2.4798583984375,5.624743461608887,307.7593688964844,-19.74816131591797,23.001953125,177.09632873535156,2.4798583984375,5.624743461608887,367.4767025522469,-5.825595236318031,82.53950157785567,-2.483399089066169,-2.901178869834267,-84.24969697460666,307.761050796357,-19.74953286055595,82.53950157785567,177.0960984995006,2.480214165349536,5.624530964342385,307.761050796357,-19.74953286055595,23.0,177.0960984995006,2.480214165349536,5.624530964342385,300.2561827254165,54.77742367646682,82.53950157785567,177.0960984995006,2.480214165349536,5.624530964342385,300.2561827254165,54.77742367646682,23.0,177.0960984995006,2.480214165349536,5.624530964342385,361.79982019268965,61.84198166186361,82.53950157785567,177.0960984995006,2.480214165349536,5.624530964342385,361.79982019268965,61.84198166186361,23.0,177.0960984995006,2.480214165349536,5.624530964342385
2026-04-30 10:58:21,93,main_loop,0,P1,307.7593688964844,-19.74816131591797,23.001953125,177.09632873535156,2.4798583984375,5.624743461608887,307.7593688964844,-19.74816131591797,23.001953125,177.09632873535156,2.4798583984375,5.624743461608887,367.4767025522469,-5.825595236318031,82.53950157785567,-2.483399089066169,-2.901178869834267,-84.24969697460666,307.761050796357,-19.74953286055595,82.53950157785567,177.0960984995006,2.480214165349536,5.624530964342385,307.761050796357,-19.74953286055595,23.0,177.0960984995006,2.480214165349536,5.624530964342385,300.2561827254165,54.77742367646682,82.53950157785567,177.0960984995006,2.480214165349536,5.624530964342385,300.2561827254165,54.77742367646682,23.0,177.0960984995006,2.480214165349536,5.624530964342385,361.79982019268965,61.84198166186361,82.53950157785567,177.0960984995006,2.480214165349536,5.624530964342385,361.79982019268965,61.84198166186361,23.0,177.0960984995006,2.480214165349536,5.624530964342385
2026-04-30 10:58:21,94,main_loop,0,P1,307.7593688964844,-19.74816131591797,23.001953125,177.09632873535156,2.4798583984375,5.624743461608887,307.7593688964844,-19.74816131591797,23.001953125,177.09632873535156,2.4798583984375,5.624743461608887,367.4767025522469,-5.825595236318031,82.53950157785567,-2.483399089066169,-2.901178869834267,-84.24969697460666,307.761050796357,-19.74953286055595,82.53950157785567,177.0960984995006,2.480214165349536,5.624530964342385,307.761050796357,-19.74953286055595,23.0,177.0960984995006,2.480214165349536,5.624530964342385,300.2561827254165,54.77742367646682,82.53950157785567,177.0960984995006,2.480214165349536,5.624530964342385,300.2561827254165,54.77742367646682,23.0,177.0960984995006,2.480214165349536,5.624530964342385,361.79982019268965,61.84198166186361,82.53950157785567,177.0960984995006,2.480214165349536,5.624530964342385,361.79982019268965,61.84198166186361,23.0,177.0960984995006,2.480214165349536,5.624530964342385
2026-04-30 10:58:21,95,main_loop,0,P1,307.7593688964844,-19.74816131591797,23.001953125,177.09632873535156,2.4798583984375,5.624743461608887,307.7593688964844,-19.74816131591797,23.001953125,177.09632873535156,2.4798583984375,5.624743461608887,367.4767025522469,-5.825595236318031,82.53950157785567,-2.483399089066169,-2.901178869834267,-84.24969697460666,307.761050796357,-19.74953286055595,82.53950157785567,177.0960984995006,2.480214165349536,5.624530964342385,307.761050796357,-19.74953286055595,23.0,177.0960984995006,2.480214165349536,5.624530964342385,300.2561827254165,54.77742367646682,82.53950157785567,177.0960984995006,2.480214165349536,5.624530964342385,300.2561827254165,54.77742367646682,23.0,177.0960984995006,2.480214165349536,5.624530964342385,361.79982019268965,61.84198166186361,82.53950157785567,177.0960984995006,2.480214165349536,5.624530964342385,361.79982019268965,61.84198166186361,23.0,177.0960984995006,2.480214165349536,5.624530964342385
2026-04-30 10:58:21,96,main_loop,0,P1,307.7593688964844,-19.74816131591797,23.001953125,177.09632873535156,2.4798583984375,5.624743461608887,307.7593688964844,-19.74816131591797,23.001953125,177.09632873535156,2.4798583984375,5.624743461608887,367.4767025522469,-5.825595236318031,82.53950157785567,-2.483399089066169,-2.901178869834267,-84.24969697460666,307.761050796357,-19.74953286055595,82.53950157785567,177.0960984995006,2.480214165349536,5.624530964342385,307.761050796357,-19.74953286055595,23.0,177.0960984995006,2.480214165349536,5.624530964342385,300.2561827254165,54.77742367646682,82.53950157785567,177.0960984995006,2.480214165349536,5.624530964342385,300.2561827254165,54.77742367646682,23.0,177.0960984995006,2.480214165349536,5.624530964342385,361.79982019268965,61.84198166186361,82.53950157785567,177.0960984995006,2.480214165349536,5.624530964342385,361.79982019268965,61.84198166186361,23.0,177.0960984995006,2.480214165349536,5.624530964342385
2026-04-30 10:58:22,97,main_loop,0,P1,307.7593688964844,-19.74816131591797,23.001953125,177.09632873535156,2.4798583984375,5.624743461608887,307.7593688964844,-19.74816131591797,23.001953125,177.09632873535156,2.4798583984375,5.624743461608887,367.4767025522469,-5.825595236318031,82.53950157785567,-2.483399089066169,-2.901178869834267,-84.24969697460666,307.761050796357,-19.74953286055595,82.53950157785567,177.0960984995006,2.480214165349536,5.624530964342385,307.761050796357,-19.74953286055595,23.0,177.0960984995006,2.480214165349536,5.624530964342385,300.2561827254165,54.77742367646682,82.53950157785567,177.0960984995006,2.480214165349536,5.624530964342385,300.2561827254165,54.77742367646682,23.0,177.0960984995006,2.480214165349536,5.624530964342385,361.79982019268965,61.84198166186361,82.53950157785567,177.0960984995006,2.480214165349536,5.624530964342385,361.79982019268965,61.84198166186361,23.0,177.0960984995006,2.480214165349536,5.624530964342385
2026-04-30 10:58:22,98,main_loop,-1,P1,,,,,,,,,,,,,367.4767025522469,-5.825595236318031,82.53950157785567,-2.483399089066169,-2.901178869834267,-84.24969697460666,307.761050796357,-19.74953286055595,82.53950157785567,177.0960984995006,2.480214165349536,5.624530964342385,307.761050796357,-19.74953286055595,23.0,177.0960984995006,2.480214165349536,5.624530964342385,300.2561827254165,54.77742367646682,82.53950157785567,177.0960984995006,2.480214165349536,5.624530964342385,300.2561827254165,54.77742367646682,23.0,177.0960984995006,2.480214165349536,5.624530964342385,361.79982019268965,61.84198166186361,82.53950157785567,177.0960984995006,2.480214165349536,5.624530964342385,361.79982019268965,61.84198166186361,23.0,177.0960984995006,2.480214165349536,5.624530964342385
2026-04-30 10:58:22,99,main_loop,-1,P1,,,,,,,,,,,,,367.4767025522469,-5.825595236318031,82.53950157785567,-2.483399089066169,-2.901178869834267,-84.24969697460666,307.761050796357,-19.74953286055595,82.53950157785567,177.0960984995006,2.480214165349536,5.624530964342385,307.761050796357,-19.74953286055595,23.0,177.0960984995006,2.480214165349536,5.624530964342385,300.2561827254165,54.77742367646682,82.53950157785567,177.0960984995006,2.480214165349536,5.624530964342385,300.2561827254165,54.77742367646682,23.0,177.0960984995006,2.480214165349536,5.624530964342385,361.79982019268965,61.84198166186361,82.53950157785567,177.0960984995006,2.480214165349536,5.624530964342385,361.79982019268965,61.84198166186361,23.0,177.0960984995006,2.480214165349536,5.624530964342385
2026-04-30 10:58:23,100,main_loop,-1,P1,,,,,,,,,,,,,367.4767025522469,-5.825595236318031,82.53950157785567,-2.483399089066169,-2.901178869834267,-84.24969697460666,307.761050796357,-19.74953286055595,82.53950157785567,177.0960984995006,2.480214165349536,5.624530964342385,307.761050796357,-19.74953286055595,23.0,177.0960984995006,2.480214165349536,5.624530964342385,300.2561827254165,54.77742367646682,82.53950157785567,177.0960984995006,2.480214165349536,5.624530964342385,300.2561827254165,54.77742367646682,23.0,177.0960984995006,2.480214165349536,5.624530964342385,361.79982019268965,61.84198166186361,82.53950157785567,177.0960984995006,2.480214165349536,5.624530964342385,361.79982019268965,61.84198166186361,23.0,177.0960984995006,2.480214165349536,5.624530964342385
2026-04-30 10:58:23,101,main_loop,-1,P1,,,,,,,,,,,,,367.4767025522469,-5.825595236318031,82.53950157785567,-2.483399089066169,-2.901178869834267,-84.24969697460666,307.761050796357,-19.74953286055595,82.53950157785567,177.0960984995006,2.480214165349536,5.624530964342385,307.761050796357,-19.74953286055595,23.0,177.0960984995006,2.480214165349536,5.624530964342385,300.2561827254165,54.77742367646682,82.53950157785567,177.0960984995006,2.480214165349536,5.624530964342385,300.2561827254165,54.77742367646682,23.0,177.0960984995006,2.480214165349536,5.624530964342385,361.79982019268965,61.84198166186361,82.53950157785567,177.0960984995006,2.480214165349536,5.624530964342385,361.79982019268965,61.84198166186361,23.0,177.0960984995006,2.480214165349536,5.624530964342385
2026-04-30 10:58:23,102,main_loop,-1,P1,,,,,,,,,,,,,367.4767025522469,-5.825595236318031,82.53950157785567,-2.483399089066169,-2.901178869834267,-84.24969697460666,307.761050796357,-19.74953286055595,82.53950157785567,177.0960984995006,2.480214165349536,5.624530964342385,307.761050796357,-19.74953286055595,23.0,177.0960984995006,2.480214165349536,5.624530964342385,300.2561827254165,54.77742367646682,82.53950157785567,177.0960984995006,2.480214165349536,5.624530964342385,300.2561827254165,54.77742367646682,23.0,177.0960984995006,2.480214165349536,5.624530964342385,361.79982019268965,61.84198166186361,82.53950157785567,177.0960984995006,2.480214165349536,5.624530964342385,361.79982019268965,61.84198166186361,23.0,177.0960984995006,2.480214165349536,5.624530964342385
2026-04-30 10:58:24,103,main_loop,-1,P1,,,,,,,,,,,,,367.4767025522469,-5.825595236318031,82.53950157785567,-2.483399089066169,-2.901178869834267,-84.24969697460666,307.761050796357,-19.74953286055595,82.53950157785567,177.0960984995006,2.480214165349536,5.624530964342385,307.761050796357,-19.74953286055595,23.0,177.0960984995006,2.480214165349536,5.624530964342385,300.2561827254165,54.77742367646682,82.53950157785567,177.0960984995006,2.480214165349536,5.624530964342385,300.2561827254165,54.77742367646682,23.0,177.0960984995006,2.480214165349536,5.624530964342385,361.79982019268965,61.84198166186361,82.53950157785567,177.0960984995006,2.480214165349536,5.624530964342385,361.79982019268965,61.84198166186361,23.0,177.0960984995006,2.480214165349536,5.624530964342385
2026-04-30 10:58:24,104,main_loop,-1,P1,,,,,,,,,,,,,367.4767025522469,-5.825595236318031,82.53950157785567,-2.483399089066169,-2.901178869834267,-84.24969697460666,307.761050796357,-19.74953286055595,82.53950157785567,177.0960984995006,2.480214165349536,5.624530964342385,307.761050796357,-19.74953286055595,23.0,177.0960984995006,2.480214165349536,5.624530964342385,300.2561827254165,54.77742367646682,82.53950157785567,177.0960984995006,2.480214165349536,5.624530964342385,300.2561827254165,54.77742367646682,23.0,177.0960984995006,2.480214165349536,5.624530964342385,361.79982019268965,61.84198166186361,82.53950157785567,177.0960984995006,2.480214165349536,5.624530964342385,361.79982019268965,61.84198166186361,23.0,177.0960984995006,2.480214165349536,5.624530964342385
2026-04-30 10:58:24,105,main_loop,-1,P1,,,,,,,,,,,,,367.4767025522469,-5.825595236318031,82.53950157785567,-2.483399089066169,-2.901178869834267,-84.24969697460666,307.761050796357,-19.74953286055595,82.53950157785567,177.0960984995006,2.480214165349536,5.624530964342385,307.761050796357,-19.74953286055595,23.0,177.0960984995006,2.480214165349536,5.624530964342385,300.2561827254165,54.77742367646682,82.53950157785567,177.0960984995006,2.480214165349536,5.624530964342385,300.2561827254165,54.77742367646682,23.0,177.0960984995006,2.480214165349536,5.624530964342385,361.79982019268965,61.84198166186361,82.53950157785567,177.0960984995006,2.480214165349536,5.624530964342385,361.79982019268965,61.84198166186361,23.0,177.0960984995006,2.480214165349536,5.624530964342385
2026-04-30 10:58:25,106,main_loop,-1,P1,,,,,,,,,,,,,367.4767025522469,-5.825595236318031,82.53950157785567,-2.483399089066169,-2.901178869834267,-84.24969697460666,307.761050796357,-19.74953286055595,82.53950157785567,177.0960984995006,2.480214165349536,5.624530964342385,307.761050796357,-19.74953286055595,23.0,177.0960984995006,2.480214165349536,5.624530964342385,300.2561827254165,54.77742367646682,82.53950157785567,177.0960984995006,2.480214165349536,5.624530964342385,300.2561827254165,54.77742367646682,23.0,177.0960984995006,2.480214165349536,5.624530964342385,361.79982019268965,61.84198166186361,82.53950157785567,177.0960984995006,2.480214165349536,5.624530964342385,361.79982019268965,61.84198166186361,23.0,177.0960984995006,2.480214165349536,5.624530964342385
2026-04-30 10:58:25,107,main_loop,-1,P1,,,,,,,,,,,,,367.4767025522469,-5.825595236318031,82.53950157785567,-2.483399089066169,-2.901178869834267,-84.24969697460666,307.761050796357,-19.74953286055595,82.53950157785567,177.0960984995006,2.480214165349536,5.624530964342385,307.761050796357,-19.74953286055595,23.0,177.0960984995006,2.480214165349536,5.624530964342385,300.2561827254165,54.77742367646682,82.53950157785567,177.0960984995006,2.480214165349536,5.624530964342385,300.2561827254165,54.77742367646682,23.0,177.0960984995006,2.480214165349536,5.624530964342385,361.79982019268965,61.84198166186361,82.53950157785567,177.0960984995006,2.480214165349536,5.624530964342385,361.79982019268965,61.84198166186361,23.0,177.0960984995006,2.480214165349536,5.624530964342385
2026-04-30 10:58:32,108,wait_for_arrival,0,P1,307.761962890625,-19.748947143554688,23.00103759765625,177.0963592529297,2.479649305343628,5.623834609985352,307.761962890625,-19.748947143554688,23.00103759765625,177.0963592529297,2.479649305343628,5.623834609985352,367.4767025522469,-5.825595236318031,82.53950157785567,-2.483399089066169,-2.901178869834267,-84.24969697460666,307.761050796357,-19.74953286055595,82.53950157785567,177.0960984995006,2.480214165349536,5.624530964342385,307.761050796357,-19.74953286055595,23.0,177.0960984995006,2.480214165349536,5.624530964342385,300.2561827254165,54.77742367646682,82.53950157785567,177.0960984995006,2.480214165349536,5.624530964342385,300.2561827254165,54.77742367646682,23.0,177.0960984995006,2.480214165349536,5.624530964342385,361.79982019268965,61.84198166186361,82.53950157785567,177.0960984995006,2.480214165349536,5.624530964342385,361.79982019268965,61.84198166186361,23.0,177.0960984995006,2.480214165349536,5.624530964342385
2026-04-30 10:58:32,109,wait_for_arrival,0,P1,307.761962890625,-19.748947143554688,23.00103759765625,177.0963592529297,2.479649305343628,5.623834609985352,307.761962890625,-19.748947143554688,23.00103759765625,177.0963592529297,2.479649305343628,5.623834609985352,367.4767025522469,-5.825595236318031,82.53950157785567,-2.483399089066169,-2.901178869834267,-84.24969697460666,307.761050796357,-19.74953286055595,82.53950157785567,177.0960984995006,2.480214165349536,5.624530964342385,307.761050796357,-19.74953286055595,23.0,177.0960984995006,2.480214165349536,5.624530964342385,300.2561827254165,54.77742367646682,82.53950157785567,177.0960984995006,2.480214165349536,5.624530964342385,300.2561827254165,54.77742367646682,23.0,177.0960984995006,2.480214165349536,5.624530964342385,361.79982019268965,61.84198166186361,82.53950157785567,177.0960984995006,2.480214165349536,5.624530964342385,361.79982019268965,61.84198166186361,23.0,177.0960984995006,2.480214165349536,5.624530964342385
2026-04-30 10:58:32,110,wait_for_arrival,0,P1,307.761962890625,-19.748947143554688,23.00103759765625,177.0963897705078,2.479677677154541,5.624388217926025,307.761962890625,-19.748947143554688,23.00103759765625,177.0963897705078,2.479677677154541,5.624388217926025,367.4767025522469,-5.825595236318031,82.53950157785567,-2.483399089066169,-2.901178869834267,-84.24969697460666,307.761050796357,-19.74953286055595,82.53950157785567,177.0960984995006,2.480214165349536,5.624530964342385,307.761050796357,-19.74953286055595,23.0,177.0960984995006,2.480214165349536,5.624530964342385,300.2561827254165,54.77742367646682,82.53950157785567,177.0960984995006,2.480214165349536,5.624530964342385,300.2561827254165,54.77742367646682,23.0,177.0960984995006,2.480214165349536,5.624530964342385,361.79982019268965,61.84198166186361,82.53950157785567,177.0960984995006,2.480214165349536,5.624530964342385,361.79982019268965,61.84198166186361,23.0,177.0960984995006,2.480214165349536,5.624530964342385
2026-04-30 10:58:32,111,wait_for_arrival,0,P1,307.76123046875,-19.749238967895508,22.999298095703125,177.0962677001953,2.4800162315368652,5.624381065368652,307.76123046875,-19.749238967895508,22.999298095703125,177.0962677001953,2.4800162315368652,5.624381065368652,367.4767025522469,-5.825595236318031,82.53950157785567,-2.483399089066169,-2.901178869834267,-84.24969697460666,307.761050796357,-19.74953286055595,82.53950157785567,177.0960984995006,2.480214165349536,5.624530964342385,307.761050796357,-19.74953286055595,23.0,177.0960984995006,2.480214165349536,5.624530964342385,300.2561827254165,54.77742367646682,82.53950157785567,177.0960984995006,2.480214165349536,5.624530964342385,300.2561827254165,54.77742367646682,23.0,177.0960984995006,2.480214165349536,5.624530964342385,361.79982019268965,61.84198166186361,82.53950157785567,177.0960984995006,2.480214165349536,5.624530964342385,361.79982019268965,61.84198166186361,23.0,177.0960984995006,2.480214165349536,5.624530964342385
2026-04-30 10:58:33,112,wait_for_arrival,0,P1,307.76123046875,-19.749238967895508,22.999298095703125,177.0962677001953,2.4800162315368652,5.624381065368652,307.76123046875,-19.749238967895508,22.999298095703125,177.0962677001953,2.4800162315368652,5.624381065368652,367.4767025522469,-5.825595236318031,82.53950157785567,-2.483399089066169,-2.901178869834267,-84.24969697460666,307.761050796357,-19.74953286055595,82.53950157785567,177.0960984995006,2.480214165349536,5.624530964342385,307.761050796357,-19.74953286055595,23.0,177.0960984995006,2.480214165349536,5.624530964342385,300.2561827254165,54.77742367646682,82.53950157785567,177.0960984995006,2.480214165349536,5.624530964342385,300.2561827254165,54.77742367646682,23.0,177.0960984995006,2.480214165349536,5.624530964342385,361.79982019268965,61.84198166186361,82.53950157785567,177.0960984995006,2.480214165349536,5.624530964342385,361.79982019268965,61.84198166186361,23.0,177.0960984995006,2.480214165349536,5.624530964342385
2026-04-30 10:58:33,113,wait_for_arrival,0,P1,307.7578125,-19.750654220581055,22.998504638671875,177.09613037109375,2.4805469512939453,5.6243767738342285,307.7578125,-19.750654220581055,22.998504638671875,177.09613037109375,2.4805469512939453,5.6243767738342285,367.4767025522469,-5.825595236318031,82.53950157785567,-2.483399089066169,-2.901178869834267,-84.24969697460666,307.761050796357,-19.74953286055595,82.53950157785567,177.0960984995006,2.480214165349536,5.624530964342385,307.761050796357,-19.74953286055595,23.0,177.0960984995006,2.480214165349536,5.624530964342385,300.2561827254165,54.77742367646682,82.53950157785567,177.0960984995006,2.480214165349536,5.624530964342385,300.2561827254165,54.77742367646682,23.0,177.0960984995006,2.480214165349536,5.624530964342385,361.79982019268965,61.84198166186361,82.53950157785567,177.0960984995006,2.480214165349536,5.624530964342385,361.79982019268965,61.84198166186361,23.0,177.0960984995006,2.480214165349536,5.624530964342385
2026-04-30 10:58:33,114,wait_for_arrival,0,P1,307.7578125,-19.750654220581055,22.998504638671875,177.09613037109375,2.4805469512939453,5.6243767738342285,307.7578125,-19.750654220581055,22.998504638671875,177.09613037109375,2.4805469512939453,5.6243767738342285,367.4767025522469,-5.825595236318031,82.53950157785567,-2.483399089066169,-2.901178869834267,-84.24969697460666,307.761050796357,-19.74953286055595,82.53950157785567,177.0960984995006,2.480214165349536,5.624530964342385,307.761050796357,-19.74953286055595,23.0,177.0960984995006,2.480214165349536,5.624530964342385,300.2561827254165,54.77742367646682,82.53950157785567,177.0960984995006,2.480214165349536,5.624530964342385,300.2561827254165,54.77742367646682,23.0,177.0960984995006,2.480214165349536,5.624530964342385,361.79982019268965,61.84198166186361,82.53950157785567,177.0960984995006,2.480214165349536,5.624530964342385,361.79982019268965,61.84198166186361,23.0,177.0960984995006,2.480214165349536,5.624530964342385
2026-04-30 10:58:33,115,wait_for_arrival,0,P1,307.7578125,-19.750654220581055,22.998504638671875,177.09613037109375,2.4805469512939453,5.6243767738342285,307.7578125,-19.750654220581055,22.998504638671875,177.09613037109375,2.4805469512939453,5.6243767738342285,367.4767025522469,-5.825595236318031,82.53950157785567,-2.483399089066169,-2.901178869834267,-84.24969697460666,307.761050796357,-19.74953286055595,82.53950157785567,177.0960984995006,2.480214165349536,5.624530964342385,307.761050796357,-19.74953286055595,23.0,177.0960984995006,2.480214165349536,5.624530964342385,300.2561827254165,54.77742367646682,82.53950157785567,177.0960984995006,2.480214165349536,5.624530964342385,300.2561827254165,54.77742367646682,23.0,177.0960984995006,2.480214165349536,5.624530964342385,361.79982019268965,61.84198166186361,82.53950157785567,177.0960984995006,2.480214165349536,5.624530964342385,361.79982019268965,61.84198166186361,23.0,177.0960984995006,2.480214165349536,5.624530964342385
2026-04-30 10:58:33,116,wait_for_arrival,0,P1,307.7578125,-19.750654220581055,22.998504638671875,177.09613037109375,2.4805469512939453,5.6243767738342285,307.7578125,-19.750654220581055,22.998504638671875,177.09613037109375,2.4805469512939453,5.6243767738342285,367.4767025522469,-5.825595236318031,82.53950157785567,-2.483399089066169,-2.901178869834267,-84.24969697460666,307.761050796357,-19.74953286055595,82.53950157785567,177.0960984995006,2.480214165349536,5.624530964342385,307.761050796357,-19.74953286055595,23.0,177.0960984995006,2.480214165349536,5.624530964342385,300.2561827254165,54.77742367646682,82.53950157785567,177.0960984995006,2.480214165349536,5.624530964342385,300.2561827254165,54.77742367646682,23.0,177.0960984995006,2.480214165349536,5.624530964342385,361.79982019268965,61.84198166186361,82.53950157785567,177.0960984995006,2.480214165349536,5.624530964342385,361.79982019268965,61.84198166186361,23.0,177.0960984995006,2.480214165349536,5.624530964342385
2026-04-30 10:58:33,117,wait_for_arrival,0,P1,307.7578125,-19.750654220581055,22.998504638671875,177.09613037109375,2.4805469512939453,5.6243767738342285,307.7578125,-19.750654220581055,22.998504638671875,177.09613037109375,2.4805469512939453,5.6243767738342285,367.4767025522469,-5.825595236318031,82.53950157785567,-2.483399089066169,-2.901178869834267,-84.24969697460666,307.761050796357,-19.74953286055595,82.53950157785567,177.0960984995006,2.480214165349536,5.624530964342385,307.761050796357,-19.74953286055595,23.0,177.0960984995006,2.480214165349536,5.624530964342385,300.2561827254165,54.77742367646682,82.53950157785567,177.0960984995006,2.480214165349536,5.624530964342385,300.2561827254165,54.77742367646682,23.0,177.0960984995006,2.480214165349536,5.624530964342385,361.79982019268965,61.84198166186361,82.53950157785567,177.0960984995006,2.480214165349536,5.624530964342385,361.79982019268965,61.84198166186361,23.0,177.0960984995006,2.480214165349536,5.624530964342385
2026-04-30 10:58:33,118,wait_for_arrival,0,P1,307.7578125,-19.750654220581055,22.998504638671875,177.09613037109375,2.4805469512939453,5.6243767738342285,307.7578125,-19.750654220581055,22.998504638671875,177.09613037109375,2.4805469512939453,5.6243767738342285,367.4767025522469,-5.825595236318031,82.53950157785567,-2.483399089066169,-2.901178869834267,-84.24969697460666,307.761050796357,-19.74953286055595,82.53950157785567,177.0960984995006,2.480214165349536,5.624530964342385,307.761050796357,-19.74953286055595,23.0,177.0960984995006,2.480214165349536,5.624530964342385,300.2561827254165,54.77742367646682,82.53950157785567,177.0960984995006,2.480214165349536,5.624530964342385,300.2561827254165,54.77742367646682,23.0,177.0960984995006,2.480214165349536,5.624530964342385,361.79982019268965,61.84198166186361,82.53950157785567,177.0960984995006,2.480214165349536,5.624530964342385,361.79982019268965,61.84198166186361,23.0,177.0960984995006,2.480214165349536,5.624530964342385
2026-04-30 10:58:33,119,wait_for_arrival,0,P1,307.7578125,-19.750654220581055,22.998504638671875,177.09613037109375,2.4805469512939453,5.6243767738342285,307.7578125,-19.750654220581055,22.998504638671875,177.09613037109375,2.4805469512939453,5.6243767738342285,367.4767025522469,-5.825595236318031,82.53950157785567,-2.483399089066169,-2.901178869834267,-84.24969697460666,307.761050796357,-19.74953286055595,82.53950157785567,177.0960984995006,2.480214165349536,5.624530964342385,307.761050796357,-19.74953286055595,23.0,177.0960984995006,2.480214165349536,5.624530964342385,300.2561827254165,54.77742367646682,82.53950157785567,177.0960984995006,2.480214165349536,5.624530964342385,300.2561827254165,54.77742367646682,23.0,177.0960984995006,2.480214165349536,5.624530964342385,361.79982019268965,61.84198166186361,82.53950157785567,177.0960984995006,2.480214165349536,5.624530964342385,361.79982019268965,61.84198166186361,23.0,177.0960984995006,2.480214165349536,5.624530964342385
2026-04-30 10:58:33,120,wait_for_arrival,0,P1,307.7578125,-19.750654220581055,22.998504638671875,177.09613037109375,2.4805469512939453,5.6243767738342285,307.7578125,-19.750654220581055,22.998504638671875,177.09613037109375,2.4805469512939453,5.6243767738342285,367.4767025522469,-5.825595236318031,82.53950157785567,-2.483399089066169,-2.901178869834267,-84.24969697460666,307.761050796357,-19.74953286055595,82.53950157785567,177.0960984995006,2.480214165349536,5.624530964342385,307.761050796357,-19.74953286055595,23.0,177.0960984995006,2.480214165349536,5.624530964342385,300.2561827254165,54.77742367646682,82.53950157785567,177.0960984995006,2.480214165349536,5.624530964342385,300.2561827254165,54.77742367646682,23.0,177.0960984995006,2.480214165349536,5.624530964342385,361.79982019268965,61.84198166186361,82.53950157785567,177.0960984995006,2.480214165349536,5.624530964342385,361.79982019268965,61.84198166186361,23.0,177.0960984995006,2.480214165349536,5.624530964342385
2026-04-30 10:58:33,121,wait_for_arrival,0,P1,307.7578125,-19.750654220581055,22.998504638671875,177.09613037109375,2.4805469512939453,5.6243767738342285,307.7578125,-19.750654220581055,22.998504638671875,177.09613037109375,2.4805469512939453,5.6243767738342285,367.4767025522469,-5.825595236318031,82.53950157785567,-2.483399089066169,-2.901178869834267,-84.24969697460666,307.761050796357,-19.74953286055595,82.53950157785567,177.0960984995006,2.480214165349536,5.624530964342385,307.761050796357,-19.74953286055595,23.0,177.0960984995006,2.480214165349536,5.624530964342385,300.2561827254165,54.77742367646682,82.53950157785567,177.0960984995006,2.480214165349536,5.624530964342385,300.2561827254165,54.77742367646682,23.0,177.0960984995006,2.480214165349536,5.624530964342385,361.79982019268965,61.84198166186361,82.53950157785567,177.0960984995006,2.480214165349536,5.624530964342385,361.79982019268965,61.84198166186361,23.0,177.0960984995006,2.480214165349536,5.624530964342385
2026-04-30 10:58:34,122,wait_for_arrival,0,P1,307.7578125,-19.750654220581055,22.998504638671875,177.09613037109375,2.4805469512939453,5.6243767738342285,307.7578125,-19.750654220581055,22.998504638671875,177.09613037109375,2.4805469512939453,5.6243767738342285,367.4767025522469,-5.825595236318031,82.53950157785567,-2.483399089066169,-2.901178869834267,-84.24969697460666,307.761050796357,-19.74953286055595,82.53950157785567,177.0960984995006,2.480214165349536,5.624530964342385,307.761050796357,-19.74953286055595,23.0,177.0960984995006,2.480214165349536,5.624530964342385,300.2561827254165,54.77742367646682,82.53950157785567,177.0960984995006,2.480214165349536,5.624530964342385,300.2561827254165,54.77742367646682,23.0,177.0960984995006,2.480214165349536,5.624530964342385,361.79982019268965,61.84198166186361,82.53950157785567,177.0960984995006,2.480214165349536,5.624530964342385,361.79982019268965,61.84198166186361,23.0,177.0960984995006,2.480214165349536,5.624530964342385
2026-04-30 10:58:34,123,wait_for_arrival,0,P1,307.7578125,-19.750654220581055,22.998504638671875,177.09613037109375,2.4805469512939453,5.6243767738342285,307.7578125,-19.750654220581055,22.998504638671875,177.09613037109375,2.4805469512939453,5.6243767738342285,367.4767025522469,-5.825595236318031,82.53950157785567,-2.483399089066169,-2.901178869834267,-84.24969697460666,307.761050796357,-19.74953286055595,82.53950157785567,177.0960984995006,2.480214165349536,5.624530964342385,307.761050796357,-19.74953286055595,23.0,177.0960984995006,2.480214165349536,5.624530964342385,300.2561827254165,54.77742367646682,82.53950157785567,177.0960984995006,2.480214165349536,5.624530964342385,300.2561827254165,54.77742367646682,23.0,177.0960984995006,2.480214165349536,5.624530964342385,361.79982019268965,61.84198166186361,82.53950157785567,177.0960984995006,2.480214165349536,5.624530964342385,361.79982019268965,61.84198166186361,23.0,177.0960984995006,2.480214165349536,5.624530964342385
2026-04-30 10:58:34,124,wait_for_arrival,0,P1,307.7578125,-19.750654220581055,22.998504638671875,177.09613037109375,2.4805469512939453,5.6243767738342285,307.7578125,-19.750654220581055,22.998504638671875,177.09613037109375,2.4805469512939453,5.6243767738342285,367.4767025522469,-5.825595236318031,82.53950157785567,-2.483399089066169,-2.901178869834267,-84.24969697460666,307.761050796357,-19.74953286055595,82.53950157785567,177.0960984995006,2.480214165349536,5.624530964342385,307.761050796357,-19.74953286055595,23.0,177.0960984995006,2.480214165349536,5.624530964342385,300.2561827254165,54.77742367646682,82.53950157785567,177.0960984995006,2.480214165349536,5.624530964342385,300.2561827254165,54.77742367646682,23.0,177.0960984995006,2.480214165349536,5.624530964342385,361.79982019268965,61.84198166186361,82.53950157785567,177.0960984995006,2.480214165349536,5.624530964342385,361.79982019268965,61.84198166186361,23.0,177.0960984995006,2.480214165349536,5.624530964342385
2026-04-30 10:58:34,125,wait_for_arrival,0,P1,307.7578125,-19.750654220581055,22.998504638671875,177.09613037109375,2.4805469512939453,5.6243767738342285,307.7578125,-19.750654220581055,22.998504638671875,177.09613037109375,2.4805469512939453,5.6243767738342285,367.4767025522469,-5.825595236318031,82.53950157785567,-2.483399089066169,-2.901178869834267,-84.24969697460666,307.761050796357,-19.74953286055595,82.53950157785567,177.0960984995006,2.480214165349536,5.624530964342385,307.761050796357,-19.74953286055595,23.0,177.0960984995006,2.480214165349536,5.624530964342385,300.2561827254165,54.77742367646682,82.53950157785567,177.0960984995006,2.480214165349536,5.624530964342385,300.2561827254165,54.77742367646682,23.0,177.0960984995006,2.480214165349536,5.624530964342385,361.79982019268965,61.84198166186361,82.53950157785567,177.0960984995006,2.480214165349536,5.624530964342385,361.79982019268965,61.84198166186361,23.0,177.0960984995006,2.480214165349536,5.624530964342385
2026-04-30 10:58:34,126,wait_for_arrival,0,P1,307.7578125,-19.750654220581055,22.998504638671875,177.09613037109375,2.4805469512939453,5.6243767738342285,307.7578125,-19.750654220581055,22.998504638671875,177.09613037109375,2.4805469512939453,5.6243767738342285,367.4767025522469,-5.825595236318031,82.53950157785567,-2.483399089066169,-2.901178869834267,-84.24969697460666,307.761050796357,-19.74953286055595,82.53950157785567,177.0960984995006,2.480214165349536,5.624530964342385,307.761050796357,-19.74953286055595,23.0,177.0960984995006,2.480214165349536,5.624530964342385,300.2561827254165,54.77742367646682,82.53950157785567,177.0960984995006,2.480214165349536,5.624530964342385,300.2561827254165,54.77742367646682,23.0,177.0960984995006,2.480214165349536,5.624530964342385,361.79982019268965,61.84198166186361,82.53950157785567,177.0960984995006,2.480214165349536,5.624530964342385,361.79982019268965,61.84198166186361,23.0,177.0960984995006,2.480214165349536,5.624530964342385
2026-04-30 10:58:34,127,wait_for_arrival,0,P1,307.7578125,-19.750654220581055,22.998504638671875,177.09613037109375,2.4805469512939453,5.6243767738342285,307.7578125,-19.750654220581055,22.998504638671875,177.09613037109375,2.4805469512939453,5.6243767738342285,367.4767025522469,-5.825595236318031,82.53950157785567,-2.483399089066169,-2.901178869834267,-84.24969697460666,307.761050796357,-19.74953286055595,82.53950157785567,177.0960984995006,2.480214165349536,5.624530964342385,307.761050796357,-19.74953286055595,23.0,177.0960984995006,2.480214165349536,5.624530964342385,300.2561827254165,54.77742367646682,82.53950157785567,177.0960984995006,2.480214165349536,5.624530964342385,300.2561827254165,54.77742367646682,23.0,177.0960984995006,2.480214165349536,5.624530964342385,361.79982019268965,61.84198166186361,82.53950157785567,177.0960984995006,2.480214165349536,5.624530964342385,361.79982019268965,61.84198166186361,23.0,177.0960984995006,2.480214165349536,5.624530964342385
2026-04-30 10:58:34,128,wait_for_arrival,0,P1,307.7578125,-19.750654220581055,22.998504638671875,177.09609985351562,2.4805185794830322,5.623824119567871,307.7578125,-19.750654220581055,22.998504638671875,177.09609985351562,2.4805185794830322,5.623824119567871,367.4767025522469,-5.825595236318031,82.53950157785567,-2.483399089066169,-2.901178869834267,-84.24969697460666,307.761050796357,-19.74953286055595,82.53950157785567,177.0960984995006,2.480214165349536,5.624530964342385,307.761050796357,-19.74953286055595,23.0,177.0960984995006,2.480214165349536,5.624530964342385,300.2561827254165,54.77742367646682,82.53950157785567,177.0960984995006,2.480214165349536,5.624530964342385,300.2561827254165,54.77742367646682,23.0,177.0960984995006,2.480214165349536,5.624530964342385,361.79982019268965,61.84198166186361,82.53950157785567,177.0960984995006,2.480214165349536,5.624530964342385,361.79982019268965,61.84198166186361,23.0,177.0960984995006,2.480214165349536,5.624530964342385
2026-04-30 10:58:34,129,wait_for_arrival,0,P1,307.7578125,-19.750654220581055,22.998504638671875,177.09609985351562,2.4805185794830322,5.623824119567871,307.7578125,-19.750654220581055,22.998504638671875,177.09609985351562,2.4805185794830322,5.623824119567871,367.4767025522469,-5.825595236318031,82.53950157785567,-2.483399089066169,-2.901178869834267,-84.24969697460666,307.761050796357,-19.74953286055595,82.53950157785567,177.0960984995006,2.480214165349536,5.624530964342385,307.761050796357,-19.74953286055595,23.0,177.0960984995006,2.480214165349536,5.624530964342385,300.2561827254165,54.77742367646682,82.53950157785567,177.0960984995006,2.480214165349536,5.624530964342385,300.2561827254165,54.77742367646682,23.0,177.0960984995006,2.480214165349536,5.624530964342385,361.79982019268965,61.84198166186361,82.53950157785567,177.0960984995006,2.480214165349536,5.624530964342385,361.79982019268965,61.84198166186361,23.0,177.0960984995006,2.480214165349536,5.624530964342385
2026-04-30 10:58:34,130,wait_for_arrival,0,P1,307.7578125,-19.750654220581055,22.998504638671875,177.09609985351562,2.4805185794830322,5.623824119567871,307.7578125,-19.750654220581055,22.998504638671875,177.09609985351562,2.4805185794830322,5.623824119567871,367.4767025522469,-5.825595236318031,82.53950157785567,-2.483399089066169,-2.901178869834267,-84.24969697460666,307.761050796357,-19.74953286055595,82.53950157785567,177.0960984995006,2.480214165349536,5.624530964342385,307.761050796357,-19.74953286055595,23.0,177.0960984995006,2.480214165349536,5.624530964342385,300.2561827254165,54.77742367646682,82.53950157785567,177.0960984995006,2.480214165349536,5.624530964342385,300.2561827254165,54.77742367646682,23.0,177.0960984995006,2.480214165349536,5.624530964342385,361.79982019268965,61.84198166186361,82.53950157785567,177.0960984995006,2.480214165349536,5.624530964342385,361.79982019268965,61.84198166186361,23.0,177.0960984995006,2.480214165349536,5.624530964342385
2026-04-30 10:58:34,131,wait_for_arrival,0,P1,307.76123046875,-19.749238967895508,22.999298095703125,177.0962677001953,2.4799883365631104,5.6238274574279785,307.76123046875,-19.749238967895508,22.999298095703125,177.0962677001953,2.4799883365631104,5.6238274574279785,367.4767025522469,-5.825595236318031,82.53950157785567,-2.483399089066169,-2.901178869834267,-84.24969697460666,307.761050796357,-19.74953286055595,82.53950157785567,177.0960984995006,2.480214165349536,5.624530964342385,307.761050796357,-19.74953286055595,23.0,177.0960984995006,2.480214165349536,5.624530964342385,300.2561827254165,54.77742367646682,82.53950157785567,177.0960984995006,2.480214165349536,5.624530964342385,300.2561827254165,54.77742367646682,23.0,177.0960984995006,2.480214165349536,5.624530964342385,361.79982019268965,61.84198166186361,82.53950157785567,177.0960984995006,2.480214165349536,5.624530964342385,361.79982019268965,61.84198166186361,23.0,177.0960984995006,2.480214165349536,5.624530964342385
2026-04-30 10:58:35,132,wait_for_arrival,0,P1,307.76123046875,-19.749238967895508,22.999298095703125,177.0962677001953,2.4799883365631104,5.6238274574279785,307.76123046875,-19.749238967895508,22.999298095703125,177.0962677001953,2.4799883365631104,5.6238274574279785,367.4767025522469,-5.825595236318031,82.53950157785567,-2.483399089066169,-2.901178869834267,-84.24969697460666,307.761050796357,-19.74953286055595,82.53950157785567,177.0960984995006,2.480214165349536,5.624530964342385,307.761050796357,-19.74953286055595,23.0,177.0960984995006,2.480214165349536,5.624530964342385,300.2561827254165,54.77742367646682,82.53950157785567,177.0960984995006,2.480214165349536,5.624530964342385,300.2561827254165,54.77742367646682,23.0,177.0960984995006,2.480214165349536,5.624530964342385,361.79982019268965,61.84198166186361,82.53950157785567,177.0960984995006,2.480214165349536,5.624530964342385,361.79982019268965,61.84198166186361,23.0,177.0960984995006,2.480214165349536,5.624530964342385
2026-04-30 10:58:35,133,wait_for_arrival,0,P1,307.76123046875,-19.749238967895508,22.999298095703125,177.0962677001953,2.4799883365631104,5.6238274574279785,307.76123046875,-19.749238967895508,22.999298095703125,177.0962677001953,2.4799883365631104,5.6238274574279785,367.4767025522469,-5.825595236318031,82.53950157785567,-2.483399089066169,-2.901178869834267,-84.24969697460666,307.761050796357,-19.74953286055595,82.53950157785567,177.0960984995006,2.480214165349536,5.624530964342385,307.761050796357,-19.74953286055595,23.0,177.0960984995006,2.480214165349536,5.624530964342385,300.2561827254165,54.77742367646682,82.53950157785567,177.0960984995006,2.480214165349536,5.624530964342385,300.2561827254165,54.77742367646682,23.0,177.0960984995006,2.480214165349536,5.624530964342385,361.79982019268965,61.84198166186361,82.53950157785567,177.0960984995006,2.480214165349536,5.624530964342385,361.79982019268965,61.84198166186361,23.0,177.0960984995006,2.480214165349536,5.624530964342385
2026-04-30 10:58:35,134,wait_for_arrival,0,P1,307.82049560546875,-9.680108070373535,22.9970703125,177.1036376953125,2.4716391563415527,5.632220268249512,307.82049560546875,-9.680108070373535,22.9970703125,177.1036376953125,2.4716391563415527,5.632220268249512,367.4767025522469,-5.825595236318031,82.53950157785567,-2.483399089066169,-2.901178869834267,-84.24969697460666,307.761050796357,-19.74953286055595,82.53950157785567,177.0960984995006,2.480214165349536,5.624530964342385,307.761050796357,-19.74953286055595,23.0,177.0960984995006,2.480214165349536,5.624530964342385,300.2561827254165,54.77742367646682,82.53950157785567,177.0960984995006,2.480214165349536,5.624530964342385,300.2561827254165,54.77742367646682,23.0,177.0960984995006,2.480214165349536,5.624530964342385,361.79982019268965,61.84198166186361,82.53950157785567,177.0960984995006,2.480214165349536,5.624530964342385,361.79982019268965,61.84198166186361,23.0,177.0960984995006,2.480214165349536,5.624530964342385
2026-04-30 10:58:35,135,wait_for_arrival,0,P1,307.79986572265625,-8.12650203704834,22.999603271484375,177.10568237304688,2.47011137008667,5.6270647048950195,307.79986572265625,-8.12650203704834,22.999603271484375,177.10568237304688,2.47011137008667,5.6270647048950195,367.4767025522469,-5.825595236318031,82.53950157785567,-2.483399089066169,-2.901178869834267,-84.24969697460666,307.761050796357,-19.74953286055595,82.53950157785567,177.0960984995006,2.480214165349536,5.624530964342385,307.761050796357,-19.74953286055595,23.0,177.0960984995006,2.480214165349536,5.624530964342385,300.2561827254165,54.77742367646682,82.53950157785567,177.0960984995006,2.480214165349536,5.624530964342385,300.2561827254165,54.77742367646682,23.0,177.0960984995006,2.480214165349536,5.624530964342385,361.79982019268965,61.84198166186361,82.53950157785567,177.0960984995006,2.480214165349536,5.624530964342385,361.79982019268965,61.84198166186361,23.0,177.0960984995006,2.480214165349536,5.624530964342385
2026-04-30 10:58:35,136,wait_for_arrival,0,P1,307.08740234375,8.485817909240723,22.995513916015625,177.11351013183594,2.463189125061035,5.627312183380127,307.08740234375,8.485817909240723,22.995513916015625,177.11351013183594,2.463189125061035,5.627312183380127,367.4767025522469,-5.825595236318031,82.53950157785567,-2.483399089066169,-2.901178869834267,-84.24969697460666,307.761050796357,-19.74953286055595,82.53950157785567,177.0960984995006,2.480214165349536,5.624530964342385,307.761050796357,-19.74953286055595,23.0,177.0960984995006,2.480214165349536,5.624530964342385,300.2561827254165,54.77742367646682,82.53950157785567,177.0960984995006,2.480214165349536,5.624530964342385,300.2561827254165,54.77742367646682,23.0,177.0960984995006,2.480214165349536,5.624530964342385,361.79982019268965,61.84198166186361,82.53950157785567,177.0960984995006,2.480214165349536,5.624530964342385,361.79982019268965,61.84198166186361,23.0,177.0960984995006,2.480214165349536,5.624530964342385
2026-04-30 10:58:35,137,wait_for_arrival,0,P1,306.97021484375,10.054574966430664,22.994476318359375,177.11453247070312,2.463719129562378,5.628916263580322,306.97021484375,10.054574966430664,22.994476318359375,177.11453247070312,2.463719129562378,5.628916263580322,367.4767025522469,-5.825595236318031,82.53950157785567,-2.483399089066169,-2.901178869834267,-84.24969697460666,307.761050796357,-19.74953286055595,82.53950157785567,177.0960984995006,2.480214165349536,5.624530964342385,307.761050796357,-19.74953286055595,23.0,177.0960984995006,2.480214165349536,5.624530964342385,300.2561827254165,54.77742367646682,82.53950157785567,177.0960984995006,2.480214165349536,5.624530964342385,300.2561827254165,54.77742367646682,23.0,177.0960984995006,2.480214165349536,5.624530964342385,361.79982019268965,61.84198166186361,82.53950157785567,177.0960984995006,2.480214165349536,5.624530964342385,361.79982019268965,61.84198166186361,23.0,177.0960984995006,2.480214165349536,5.624530964342385
2026-04-30 10:58:35,138,wait_for_arrival,0,P1,305.27435302734375,26.586933135986328,22.992095947265625,177.11520385742188,2.4649298191070557,5.630548000335693,305.27435302734375,26.586933135986328,22.992095947265625,177.11520385742188,2.4649298191070557,5.630548000335693,367.4767025522469,-5.825595236318031,82.53950157785567,-2.483399089066169,-2.901178869834267,-84.24969697460666,307.761050796357,-19.74953286055595,82.53950157785567,177.0960984995006,2.480214165349536,5.624530964342385,307.761050796357,-19.74953286055595,23.0,177.0960984995006,2.480214165349536,5.624530964342385,300.2561827254165,54.77742367646682,82.53950157785567,177.0960984995006,2.480214165349536,5.624530964342385,300.2561827254165,54.77742367646682,23.0,177.0960984995006,2.480214165349536,5.624530964342385,361.79982019268965,61.84198166186361,82.53950157785567,177.0960984995006,2.480214165349536,5.624530964342385,361.79982019268965,61.84198166186361,23.0,177.0960984995006,2.480214165349536,5.624530964342385
2026-04-30 10:58:35,139,wait_for_arrival,0,P1,305.06597900390625,28.17470932006836,22.99334716796875,177.114013671875,2.464752435684204,5.627021312713623,305.06597900390625,28.17470932006836,22.99334716796875,177.114013671875,2.464752435684204,5.627021312713623,367.4767025522469,-5.825595236318031,82.53950157785567,-2.483399089066169,-2.901178869834267,-84.24969697460666,307.761050796357,-19.74953286055595,82.53950157785567,177.0960984995006,2.480214165349536,5.624530964342385,307.761050796357,-19.74953286055595,23.0,177.0960984995006,2.480214165349536,5.624530964342385,300.2561827254165,54.77742367646682,82.53950157785567,177.0960984995006,2.480214165349536,5.624530964342385,300.2561827254165,54.77742367646682,23.0,177.0960984995006,2.480214165349536,5.624530964342385,361.79982019268965,61.84198166186361,82.53950157785567,177.0960984995006,2.480214165349536,5.624530964342385,361.79982019268965,61.84198166186361,23.0,177.0960984995006,2.480214165349536,5.624530964342385
2026-04-30 10:58:35,140,wait_for_arrival,0,P1,302.10516357421875,46.07541275024414,23.008026123046875,177.1052703857422,2.4717209339141846,5.627696990966797,302.10516357421875,46.07541275024414,23.008026123046875,177.1052703857422,2.4717209339141846,5.627696990966797,367.4767025522469,-5.825595236318031,82.53950157785567,-2.483399089066169,-2.901178869834267,-84.24969697460666,307.761050796357,-19.74953286055595,82.53950157785567,177.0960984995006,2.480214165349536,5.624530964342385,307.761050796357,-19.74953286055595,23.0,177.0960984995006,2.480214165349536,5.624530964342385,300.2561827254165,54.77742367646682,82.53950157785567,177.0960984995006,2.480214165349536,5.624530964342385,300.2561827254165,54.77742367646682,23.0,177.0960984995006,2.480214165349536,5.624530964342385,361.79982019268965,61.84198166186361,82.53950157785567,177.0960984995006,2.480214165349536,5.624530964342385,361.79982019268965,61.84198166186361,23.0,177.0960984995006,2.480214165349536,5.624530964342385
2026-04-30 10:58:35,141,wait_for_arrival,0,P1,300.25177001953125,54.788997650146484,23.000091552734375,177.09669494628906,2.4811508655548096,5.623039722442627,300.25177001953125,54.788997650146484,23.000091552734375,177.09669494628906,2.4811508655548096,5.623039722442627,367.4767025522469,-5.825595236318031,82.53950157785567,-2.483399089066169,-2.901178869834267,-84.24969697460666,307.761050796357,-19.74953286055595,82.53950157785567,177.0960984995006,2.480214165349536,5.624530964342385,307.761050796357,-19.74953286055595,23.0,177.0960984995006,2.480214165349536,5.624530964342385,300.2561827254165,54.77742367646682,82.53950157785567,177.0960984995006,2.480214165349536,5.624530964342385,300.2561827254165,54.77742367646682,23.0,177.0960984995006,2.480214165349536,5.624530964342385,361.79982019268965,61.84198166186361,82.53950157785567,177.0960984995006,2.480214165349536,5.624530964342385,361.79982019268965,61.84198166186361,23.0,177.0960984995006,2.480214165349536,5.624530964342385
2026-04-30 10:58:36,142,wait_for_arrival,0,P1,300.25604248046875,54.78759002685547,23.00262451171875,177.09652709960938,2.48071026802063,5.625851631164551,300.25604248046875,54.78759002685547,23.00262451171875,177.09652709960938,2.48071026802063,5.625851631164551,367.4767025522469,-5.825595236318031,82.53950157785567,-2.483399089066169,-2.901178869834267,-84.24969697460666,307.761050796357,-19.74953286055595,82.53950157785567,177.0960984995006,2.480214165349536,5.624530964342385,307.761050796357,-19.74953286055595,23.0,177.0960984995006,2.480214165349536,5.624530964342385,300.2561827254165,54.77742367646682,82.53950157785567,177.0960984995006,2.480214165349536,5.624530964342385,300.2561827254165,54.77742367646682,23.0,177.0960984995006,2.480214165349536,5.624530964342385,361.79982019268965,61.84198166186361,82.53950157785567,177.0960984995006,2.480214165349536,5.624530964342385,361.79982019268965,61.84198166186361,23.0,177.0960984995006,2.480214165349536,5.624530964342385
2026-04-30 10:58:36,143,main_loop,0,P1,300.25604248046875,54.78759002685547,23.00262451171875,177.09652709960938,2.48071026802063,5.625851631164551,300.25604248046875,54.78759002685547,23.00262451171875,177.09652709960938,2.48071026802063,5.625851631164551,367.4767025522469,-5.825595236318031,82.53950157785567,-2.483399089066169,-2.901178869834267,-84.24969697460666,307.761050796357,-19.74953286055595,82.53950157785567,177.0960984995006,2.480214165349536,5.624530964342385,307.761050796357,-19.74953286055595,23.0,177.0960984995006,2.480214165349536,5.624530964342385,300.2561827254165,54.77742367646682,82.53950157785567,177.0960984995006,2.480214165349536,5.624530964342385,300.2561827254165,54.77742367646682,23.0,177.0960984995006,2.480214165349536,5.624530964342385,361.79982019268965,61.84198166186361,82.53950157785567,177.0960984995006,2.480214165349536,5.624530964342385,361.79982019268965,61.84198166186361,23.0,177.0960984995006,2.480214165349536,5.624530964342385
2026-04-30 10:58:36,144,main_loop,0,P1,300.25604248046875,54.78759002685547,23.00262451171875,177.09652709960938,2.48071026802063,5.625851631164551,300.25604248046875,54.78759002685547,23.00262451171875,177.09652709960938,2.48071026802063,5.625851631164551,367.4767025522469,-5.825595236318031,82.53950157785567,-2.483399089066169,-2.901178869834267,-84.24969697460666,307.761050796357,-19.74953286055595,82.53950157785567,177.0960984995006,2.480214165349536,5.624530964342385,307.761050796357,-19.74953286055595,23.0,177.0960984995006,2.480214165349536,5.624530964342385,300.2561827254165,54.77742367646682,82.53950157785567,177.0960984995006,2.480214165349536,5.624530964342385,300.2561827254165,54.77742367646682,23.0,177.0960984995006,2.480214165349536,5.624530964342385,361.79982019268965,61.84198166186361,82.53950157785567,177.0960984995006,2.480214165349536,5.624530964342385,361.79982019268965,61.84198166186361,23.0,177.0960984995006,2.480214165349536,5.624530964342385
2026-04-30 10:58:36,145,main_loop,0,P1,300.25604248046875,54.78759002685547,23.00262451171875,177.09652709960938,2.48071026802063,5.625851631164551,300.25604248046875,54.78759002685547,23.00262451171875,177.09652709960938,2.48071026802063,5.625851631164551,367.4767025522469,-5.825595236318031,82.53950157785567,-2.483399089066169,-2.901178869834267,-84.24969697460666,307.761050796357,-19.74953286055595,82.53950157785567,177.0960984995006,2.480214165349536,5.624530964342385,307.761050796357,-19.74953286055595,23.0,177.0960984995006,2.480214165349536,5.624530964342385,300.2561827254165,54.77742367646682,82.53950157785567,177.0960984995006,2.480214165349536,5.624530964342385,300.2561827254165,54.77742367646682,23.0,177.0960984995006,2.480214165349536,5.624530964342385,361.79982019268965,61.84198166186361,82.53950157785567,177.0960984995006,2.480214165349536,5.624530964342385,361.79982019268965,61.84198166186361,23.0,177.0960984995006,2.480214165349536,5.624530964342385
2026-04-30 10:58:36,146,main_loop,0,P1,300.25604248046875,54.78759002685547,23.00262451171875,177.09652709960938,2.48071026802063,5.625851631164551,300.25604248046875,54.78759002685547,23.00262451171875,177.09652709960938,2.48071026802063,5.625851631164551,367.4767025522469,-5.825595236318031,82.53950157785567,-2.483399089066169,-2.901178869834267,-84.24969697460666,307.761050796357,-19.74953286055595,82.53950157785567,177.0960984995006,2.480214165349536,5.624530964342385,307.761050796357,-19.74953286055595,23.0,177.0960984995006,2.480214165349536,5.624530964342385,300.2561827254165,54.77742367646682,82.53950157785567,177.0960984995006,2.480214165349536,5.624530964342385,300.2561827254165,54.77742367646682,23.0,177.0960984995006,2.480214165349536,5.624530964342385,361.79982019268965,61.84198166186361,82.53950157785567,177.0960984995006,2.480214165349536,5.624530964342385,361.79982019268965,61.84198166186361,23.0,177.0960984995006,2.480214165349536,5.624530964342385
2026-04-30 10:58:36,147,main_loop,0,P1,300.2581787109375,54.784629821777344,23.002716064453125,177.09600830078125,2.4804060459136963,5.625302314758301,300.2581787109375,54.784629821777344,23.002716064453125,177.09600830078125,2.4804060459136963,5.625302314758301,367.4767025522469,-5.825595236318031,82.53950157785567,-2.483399089066169,-2.901178869834267,-84.24969697460666,307.761050796357,-19.74953286055595,82.53950157785567,177.0960984995006,2.480214165349536,5.624530964342385,307.761050796357,-19.74953286055595,23.0,177.0960984995006,2.480214165349536,5.624530964342385,300.2561827254165,54.77742367646682,82.53950157785567,177.0960984995006,2.480214165349536,5.624530964342385,300.2561827254165,54.77742367646682,23.0,177.0960984995006,2.480214165349536,5.624530964342385,361.79982019268965,61.84198166186361,82.53950157785567,177.0960984995006,2.480214165349536,5.624530964342385,361.79982019268965,61.84198166186361,23.0,177.0960984995006,2.480214165349536,5.624530964342385
2026-04-30 10:58:36,148,main_loop,0,P1,300.2581787109375,54.784629821777344,23.002716064453125,177.09600830078125,2.4804060459136963,5.625302314758301,300.2581787109375,54.784629821777344,23.002716064453125,177.09600830078125,2.4804060459136963,5.625302314758301,367.4767025522469,-5.825595236318031,82.53950157785567,-2.483399089066169,-2.901178869834267,-84.24969697460666,307.761050796357,-19.74953286055595,82.53950157785567,177.0960984995006,2.480214165349536,5.624530964342385,307.761050796357,-19.74953286055595,23.0,177.0960984995006,2.480214165349536,5.624530964342385,300.2561827254165,54.77742367646682,82.53950157785567,177.0960984995006,2.480214165349536,5.624530964342385,300.2561827254165,54.77742367646682,23.0,177.0960984995006,2.480214165349536,5.624530964342385,361.79982019268965,61.84198166186361,82.53950157785567,177.0960984995006,2.480214165349536,5.624530964342385,361.79982019268965,61.84198166186361,23.0,177.0960984995006,2.480214165349536,5.624530964342385
2026-04-30 10:58:36,149,main_loop,0,P1,300.259033203125,54.78520202636719,23.001068115234375,177.0961151123047,2.4802398681640625,5.625305652618408,300.259033203125,54.78520202636719,23.001068115234375,177.0961151123047,2.4802398681640625,5.625305652618408,367.4767025522469,-5.825595236318031,82.53950157785567,-2.483399089066169,-2.901178869834267,-84.24969697460666,307.761050796357,-19.74953286055595,82.53950157785567,177.0960984995006,2.480214165349536,5.624530964342385,307.761050796357,-19.74953286055595,23.0,177.0960984995006,2.480214165349536,5.624530964342385,300.2561827254165,54.77742367646682,82.53950157785567,177.0960984995006,2.480214165349536,5.624530964342385,300.2561827254165,54.77742367646682,23.0,177.0960984995006,2.480214165349536,5.624530964342385,361.79982019268965,61.84198166186361,82.53950157785567,177.0960984995006,2.480214165349536,5.624530964342385,361.79982019268965,61.84198166186361,23.0,177.0960984995006,2.480214165349536,5.624530964342385
2026-04-30 10:58:37,150,main_loop,0,P1,300.259033203125,54.78520202636719,23.001068115234375,177.0961151123047,2.4802398681640625,5.625305652618408,300.259033203125,54.78520202636719,23.001068115234375,177.0961151123047,2.4802398681640625,5.625305652618408,367.4767025522469,-5.825595236318031,82.53950157785567,-2.483399089066169,-2.901178869834267,-84.24969697460666,307.761050796357,-19.74953286055595,82.53950157785567,177.0960984995006,2.480214165349536,5.624530964342385,307.761050796357,-19.74953286055595,23.0,177.0960984995006,2.480214165349536,5.624530964342385,300.2561827254165,54.77742367646682,82.53950157785567,177.0960984995006,2.480214165349536,5.624530964342385,300.2561827254165,54.77742367646682,23.0,177.0960984995006,2.480214165349536,5.624530964342385,361.79982019268965,61.84198166186361,82.53950157785567,177.0960984995006,2.480214165349536,5.624530964342385,361.79982019268965,61.84198166186361,23.0,177.0960984995006,2.480214165349536,5.624530964342385
2026-04-30 10:58:37,151,main_loop,0,P1,300.259033203125,54.78520202636719,23.001068115234375,177.0961151123047,2.4802398681640625,5.625305652618408,300.259033203125,54.78520202636719,23.001068115234375,177.0961151123047,2.4802398681640625,5.625305652618408,367.4767025522469,-5.825595236318031,82.53950157785567,-2.483399089066169,-2.901178869834267,-84.24969697460666,307.761050796357,-19.74953286055595,82.53950157785567,177.0960984995006,2.480214165349536,5.624530964342385,307.761050796357,-19.74953286055595,23.0,177.0960984995006,2.480214165349536,5.624530964342385,300.2561827254165,54.77742367646682,82.53950157785567,177.0960984995006,2.480214165349536,5.624530964342385,300.2561827254165,54.77742367646682,23.0,177.0960984995006,2.480214165349536,5.624530964342385,361.79982019268965,61.84198166186361,82.53950157785567,177.0960984995006,2.480214165349536,5.624530964342385,361.79982019268965,61.84198166186361,23.0,177.0960984995006,2.480214165349536,5.624530964342385
2026-04-30 10:58:37,152,main_loop,0,P1,300.259033203125,54.78520202636719,23.001068115234375,177.0961151123047,2.4802398681640625,5.625305652618408,300.259033203125,54.78520202636719,23.001068115234375,177.0961151123047,2.4802398681640625,5.625305652618408,367.4767025522469,-5.825595236318031,82.53950157785567,-2.483399089066169,-2.901178869834267,-84.24969697460666,307.761050796357,-19.74953286055595,82.53950157785567,177.0960984995006,2.480214165349536,5.624530964342385,307.761050796357,-19.74953286055595,23.0,177.0960984995006,2.480214165349536,5.624530964342385,300.2561827254165,54.77742367646682,82.53950157785567,177.0960984995006,2.480214165349536,5.624530964342385,300.2561827254165,54.77742367646682,23.0,177.0960984995006,2.480214165349536,5.624530964342385,361.79982019268965,61.84198166186361,82.53950157785567,177.0960984995006,2.480214165349536,5.624530964342385,361.79982019268965,61.84198166186361,23.0,177.0960984995006,2.480214165349536,5.624530964342385
2026-04-30 10:58:38,153,main_loop,-1,P1,,,,,,,,,,,,,367.4767025522469,-5.825595236318031,82.53950157785567,-2.483399089066169,-2.901178869834267,-84.24969697460666,307.761050796357,-19.74953286055595,82.53950157785567,177.0960984995006,2.480214165349536,5.624530964342385,307.761050796357,-19.74953286055595,23.0,177.0960984995006,2.480214165349536,5.624530964342385,300.2561827254165,54.77742367646682,82.53950157785567,177.0960984995006,2.480214165349536,5.624530964342385,300.2561827254165,54.77742367646682,23.0,177.0960984995006,2.480214165349536,5.624530964342385,361.79982019268965,61.84198166186361,82.53950157785567,177.0960984995006,2.480214165349536,5.624530964342385,361.79982019268965,61.84198166186361,23.0,177.0960984995006,2.480214165349536,5.624530964342385
2026-04-30 10:58:38,154,main_loop,-1,P1,,,,,,,,,,,,,367.4767025522469,-5.825595236318031,82.53950157785567,-2.483399089066169,-2.901178869834267,-84.24969697460666,307.761050796357,-19.74953286055595,82.53950157785567,177.0960984995006,2.480214165349536,5.624530964342385,307.761050796357,-19.74953286055595,23.0,177.0960984995006,2.480214165349536,5.624530964342385,300.2561827254165,54.77742367646682,82.53950157785567,177.0960984995006,2.480214165349536,5.624530964342385,300.2561827254165,54.77742367646682,23.0,177.0960984995006,2.480214165349536,5.624530964342385,361.79982019268965,61.84198166186361,82.53950157785567,177.0960984995006,2.480214165349536,5.624530964342385,361.79982019268965,61.84198166186361,23.0,177.0960984995006,2.480214165349536,5.624530964342385
2026-04-30 10:58:38,155,wait_for_arrival,0,P1,300.2602844238281,54.7818717956543,23.00274658203125,177.09628295898438,2.479933500289917,5.624597549438477,300.2602844238281,54.7818717956543,23.00274658203125,177.09628295898438,2.479933500289917,5.624597549438477,367.4767025522469,-5.825595236318031,82.53950157785567,-2.483399089066169,-2.901178869834267,-84.24969697460666,307.761050796357,-19.74953286055595,82.53950157785567,177.0960984995006,2.480214165349536,5.624530964342385,307.761050796357,-19.74953286055595,23.0,177.0960984995006,2.480214165349536,5.624530964342385,300.2561827254165,54.77742367646682,82.53950157785567,177.0960984995006,2.480214165349536,5.624530964342385,300.2561827254165,54.77742367646682,23.0,177.0960984995006,2.480214165349536,5.624530964342385,361.79982019268965,61.84198166186361,82.53950157785567,177.0960984995006,2.480214165349536,5.624530964342385,361.79982019268965,61.84198166186361,23.0,177.0960984995006,2.480214165349536,5.624530964342385
2026-04-30 10:58:38,156,wait_for_arrival,0,P1,300.2602844238281,54.7818717956543,23.00274658203125,177.09628295898438,2.479933500289917,5.624597549438477,300.2602844238281,54.7818717956543,23.00274658203125,177.09628295898438,2.479933500289917,5.624597549438477,367.4767025522469,-5.825595236318031,82.53950157785567,-2.483399089066169,-2.901178869834267,-84.24969697460666,307.761050796357,-19.74953286055595,82.53950157785567,177.0960984995006,2.480214165349536,5.624530964342385,307.761050796357,-19.74953286055595,23.0,177.0960984995006,2.480214165349536,5.624530964342385,300.2561827254165,54.77742367646682,82.53950157785567,177.0960984995006,2.480214165349536,5.624530964342385,300.2561827254165,54.77742367646682,23.0,177.0960984995006,2.480214165349536,5.624530964342385,361.79982019268965,61.84198166186361,82.53950157785567,177.0960984995006,2.480214165349536,5.624530964342385,361.79982019268965,61.84198166186361,23.0,177.0960984995006,2.480214165349536,5.624530964342385
2026-04-30 10:58:39,157,wait_for_arrival,0,P1,300.2602844238281,54.7818717956543,23.00274658203125,177.09628295898438,2.479933500289917,5.624597549438477,300.2602844238281,54.7818717956543,23.00274658203125,177.09628295898438,2.479933500289917,5.624597549438477,367.4767025522469,-5.825595236318031,82.53950157785567,-2.483399089066169,-2.901178869834267,-84.24969697460666,307.761050796357,-19.74953286055595,82.53950157785567,177.0960984995006,2.480214165349536,5.624530964342385,307.761050796357,-19.74953286055595,23.0,177.0960984995006,2.480214165349536,5.624530964342385,300.2561827254165,54.77742367646682,82.53950157785567,177.0960984995006,2.480214165349536,5.624530964342385,300.2561827254165,54.77742367646682,23.0,177.0960984995006,2.480214165349536,5.624530964342385,361.79982019268965,61.84198166186361,82.53950157785567,177.0960984995006,2.480214165349536,5.624530964342385,361.79982019268965,61.84198166186361,23.0,177.0960984995006,2.480214165349536,5.624530964342385
2026-04-30 10:58:39,158,wait_for_arrival,0,P1,320.8351745605469,58.15702819824219,24.659271240234375,177.09902954101562,2.477214813232422,5.6225996017456055,320.8351745605469,58.15702819824219,24.659271240234375,177.09902954101562,2.477214813232422,5.6225996017456055,367.4767025522469,-5.825595236318031,82.53950157785567,-2.483399089066169,-2.901178869834267,-84.24969697460666,307.761050796357,-19.74953286055595,82.53950157785567,177.0960984995006,2.480214165349536,5.624530964342385,307.761050796357,-19.74953286055595,23.0,177.0960984995006,2.480214165349536,5.624530964342385,300.2561827254165,54.77742367646682,82.53950157785567,177.0960984995006,2.480214165349536,5.624530964342385,300.2561827254165,54.77742367646682,23.0,177.0960984995006,2.480214165349536,5.624530964342385,361.79982019268965,61.84198166186361,82.53950157785567,177.0960984995006,2.480214165349536,5.624530964342385,361.79982019268965,61.84198166186361,23.0,177.0960984995006,2.480214165349536,5.624530964342385
2026-04-30 10:58:39,159,wait_for_arrival,0,P1,322.1848449707031,58.345245361328125,24.70159912109375,177.0985565185547,2.47788667678833,5.623883247375488,322.1848449707031,58.345245361328125,24.70159912109375,177.0985565185547,2.47788667678833,5.623883247375488,367.4767025522469,-5.825595236318031,82.53950157785567,-2.483399089066169,-2.901178869834267,-84.24969697460666,307.761050796357,-19.74953286055595,82.53950157785567,177.0960984995006,2.480214165349536,5.624530964342385,307.761050796357,-19.74953286055595,23.0,177.0960984995006,2.480214165349536,5.624530964342385,300.2561827254165,54.77742367646682,82.53950157785567,177.0960984995006,2.480214165349536,5.624530964342385,300.2561827254165,54.77742367646682,23.0,177.0960984995006,2.480214165349536,5.624530964342385,361.79982019268965,61.84198166186361,82.53950157785567,177.0960984995006,2.480214165349536,5.624530964342385,361.79982019268965,61.84198166186361,23.0,177.0960984995006,2.480214165349536,5.624530964342385
2026-04-30 10:58:39,160,wait_for_arrival,0,P1,322.1848449707031,58.345245361328125,24.70159912109375,177.0985565185547,2.47788667678833,5.623883247375488,322.1848449707031,58.345245361328125,24.70159912109375,177.0985565185547,2.47788667678833,5.623883247375488,367.4767025522469,-5.825595236318031,82.53950157785567,-2.483399089066169,-2.901178869834267,-84.24969697460666,307.761050796357,-19.74953286055595,82.53950157785567,177.0960984995006,2.480214165349536,5.624530964342385,307.761050796357,-19.74953286055595,23.0,177.0960984995006,2.480214165349536,5.624530964342385,300.2561827254165,54.77742367646682,82.53950157785567,177.0960984995006,2.480214165349536,5.624530964342385,300.2561827254165,54.77742367646682,23.0,177.0960984995006,2.480214165349536,5.624530964342385,361.79982019268965,61.84198166186361,82.53950157785567,177.0960984995006,2.480214165349536,5.624530964342385,361.79982019268965,61.84198166186361,23.0,177.0960984995006,2.480214165349536,5.624530964342385
2026-04-30 10:58:40,161,wait_for_arrival,0,P1,322.1848449707031,58.345245361328125,24.70159912109375,177.0985565185547,2.47788667678833,5.623883247375488,322.1848449707031,58.345245361328125,24.70159912109375,177.0985565185547,2.47788667678833,5.623883247375488,367.4767025522469,-5.825595236318031,82.53950157785567,-2.483399089066169,-2.901178869834267,-84.24969697460666,307.761050796357,-19.74953286055595,82.53950157785567,177.0960984995006,2.480214165349536,5.624530964342385,307.761050796357,-19.74953286055595,23.0,177.0960984995006,2.480214165349536,5.624530964342385,300.2561827254165,54.77742367646682,82.53950157785567,177.0960984995006,2.480214165349536,5.624530964342385,300.2561827254165,54.77742367646682,23.0,177.0960984995006,2.480214165349536,5.624530964342385,361.79982019268965,61.84198166186361,82.53950157785567,177.0960984995006,2.480214165349536,5.624530964342385,361.79982019268965,61.84198166186361,23.0,177.0960984995006,2.480214165349536,5.624530964342385
2026-04-30 10:58:40,162,wait_for_arrival,0,P1,361.7960510253906,61.825843811035156,22.924285888671875,177.09017944335938,2.491055965423584,5.6241350173950195,361.7960510253906,61.825843811035156,22.924285888671875,177.09017944335938,2.491055965423584,5.6241350173950195,367.4767025522469,-5.825595236318031,82.53950157785567,-2.483399089066169,-2.901178869834267,-84.24969697460666,307.761050796357,-19.74953286055595,82.53950157785567,177.0960984995006,2.480214165349536,5.624530964342385,307.761050796357,-19.74953286055595,23.0,177.0960984995006,2.480214165349536,5.624530964342385,300.2561827254165,54.77742367646682,82.53950157785567,177.0960984995006,2.480214165349536,5.624530964342385,300.2561827254165,54.77742367646682,23.0,177.0960984995006,2.480214165349536,5.624530964342385,361.79982019268965,61.84198166186361,82.53950157785567,177.0960984995006,2.480214165349536,5.624530964342385,361.79982019268965,61.84198166186361,23.0,177.0960984995006,2.480214165349536,5.624530964342385
2026-04-30 10:58:40,163,wait_for_arrival,0,P1,361.7882385253906,61.8211555480957,22.8988037109375,177.08837890625,2.4949514865875244,5.624613285064697,361.7882385253906,61.8211555480957,22.8988037109375,177.08837890625,2.4949514865875244,5.624613285064697,367.4767025522469,-5.825595236318031,82.53950157785567,-2.483399089066169,-2.901178869834267,-84.24969697460666,307.761050796357,-19.74953286055595,82.53950157785567,177.0960984995006,2.480214165349536,5.624530964342385,307.761050796357,-19.74953286055595,23.0,177.0960984995006,2.480214165349536,5.624530964342385,300.2561827254165,54.77742367646682,82.53950157785567,177.0960984995006,2.480214165349536,5.624530964342385,300.2561827254165,54.77742367646682,23.0,177.0960984995006,2.480214165349536,5.624530964342385,361.79982019268965,61.84198166186361,82.53950157785567,177.0960984995006,2.480214165349536,5.624530964342385,361.79982019268965,61.84198166186361,23.0,177.0960984995006,2.480214165349536,5.624530964342385
2026-04-30 10:58:41,164,main_loop,0,P1,361.833984375,61.84622573852539,23.06768798828125,177.10025024414062,2.4695918560028076,5.62312126159668,361.833984375,61.84622573852539,23.06768798828125,177.10025024414062,2.4695918560028076,5.62312126159668,367.4767025522469,-5.825595236318031,82.53950157785567,-2.483399089066169,-2.901178869834267,-84.24969697460666,307.761050796357,-19.74953286055595,82.53950157785567,177.0960984995006,2.480214165349536,5.624530964342385,307.761050796357,-19.74953286055595,23.0,177.0960984995006,2.480214165349536,5.624530964342385,300.2561827254165,54.77742367646682,82.53950157785567,177.0960984995006,2.480214165349536,5.624530964342385,300.2561827254165,54.77742367646682,23.0,177.0960984995006,2.480214165349536,5.624530964342385,361.79982019268965,61.84198166186361,82.53950157785567,177.0960984995006,2.480214165349536,5.624530964342385,361.79982019268965,61.84198166186361,23.0,177.0960984995006,2.480214165349536,5.624530964342385
2026-04-30 10:58:41,165,wait_for_arrival,0,P1,361.80377197265625,61.828033447265625,22.999786376953125,177.09530639648438,2.4800658226013184,5.622889995574951,361.80377197265625,61.828033447265625,22.999786376953125,177.09530639648438,2.4800658226013184,5.622889995574951,367.4767025522469,-5.825595236318031,82.53950157785567,-2.483399089066169,-2.901178869834267,-84.24969697460666,307.761050796357,-19.74953286055595,82.53950157785567,177.0960984995006,2.480214165349536,5.624530964342385,307.761050796357,-19.74953286055595,23.0,177.0960984995006,2.480214165349536,5.624530964342385,300.2561827254165,54.77742367646682,82.53950157785567,177.0960984995006,2.480214165349536,5.624530964342385,300.2561827254165,54.77742367646682,23.0,177.0960984995006,2.480214165349536,5.624530964342385,361.79982019268965,61.84198166186361,82.53950157785567,177.0960984995006,2.480214165349536,5.624530964342385,361.79982019268965,61.84198166186361,23.0,177.0960984995006,2.480214165349536,5.624530964342385
2026-04-30 10:58:41,166,wait_for_arrival,0,P1,361.7800598144531,61.813758850097656,22.933197021484375,177.090576171875,2.490067481994629,5.622673034667969,361.7800598144531,61.813758850097656,22.933197021484375,177.090576171875,2.490067481994629,5.622673034667969,367.4767025522469,-5.825595236318031,82.53950157785567,-2.483399089066169,-2.901178869834267,-84.24969697460666,307.761050796357,-19.74953286055595,82.53950157785567,177.0960984995006,2.480214165349536,5.624530964342385,307.761050796357,-19.74953286055595,23.0,177.0960984995006,2.480214165349536,5.624530964342385,300.2561827254165,54.77742367646682,82.53950157785567,177.0960984995006,2.480214165349536,5.624530964342385,300.2561827254165,54.77742367646682,23.0,177.0960984995006,2.480214165349536,5.624530964342385,361.79982019268965,61.84198166186361,82.53950157785567,177.0960984995006,2.480214165349536,5.624530964342385,361.79982019268965,61.84198166186361,23.0,177.0960984995006,2.480214165349536,5.624530964342385
2026-04-30 10:58:41,167,main_loop,0,P1,361.81549072265625,61.835121154785156,23.054290771484375,177.09927368164062,2.4716920852661133,5.623076438903809,361.81549072265625,61.835121154785156,23.054290771484375,177.09927368164062,2.4716920852661133,5.623076438903809,367.4767025522469,-5.825595236318031,82.53950157785567,-2.483399089066169,-2.901178869834267,-84.24969697460666,307.761050796357,-19.74953286055595,82.53950157785567,177.0960984995006,2.480214165349536,5.624530964342385,307.761050796357,-19.74953286055595,23.0,177.0960984995006,2.480214165349536,5.624530964342385,300.2561827254165,54.77742367646682,82.53950157785567,177.0960984995006,2.480214165349536,5.624530964342385,300.2561827254165,54.77742367646682,23.0,177.0960984995006,2.480214165349536,5.624530964342385,361.79982019268965,61.84198166186361,82.53950157785567,177.0960984995006,2.480214165349536,5.624530964342385,361.79982019268965,61.84198166186361,23.0,177.0960984995006,2.480214165349536,5.624530964342385
2026-04-30 10:58:48,168,wait_for_arrival,0,P1,361.7981872558594,61.82720947265625,22.99896240234375,177.09530639648438,2.4800679683685303,5.6232500076293945,361.7981872558594,61.82720947265625,22.99896240234375,177.09530639648438,2.4800679683685303,5.6232500076293945,367.4767025522469,-5.825595236318031,82.53950157785567,-2.483399089066169,-2.901178869834267,-84.24969697460666,307.761050796357,-19.74953286055595,82.53950157785567,177.0960984995006,2.480214165349536,5.624530964342385,307.761050796357,-19.74953286055595,23.0,177.0960984995006,2.480214165349536,5.624530964342385,300.2561827254165,54.77742367646682,82.53950157785567,177.0960984995006,2.480214165349536,5.624530964342385,300.2561827254165,54.77742367646682,23.0,177.0960984995006,2.480214165349536,5.624530964342385,361.79982019268965,61.84198166186361,82.53950157785567,177.0960984995006,2.480214165349536,5.624530964342385,361.79982019268965,61.84198166186361,23.0,177.0960984995006,2.480214165349536,5.624530964342385
2026-04-30 10:58:48,169,wait_for_arrival,0,P1,361.7760925292969,61.818214416503906,22.932830810546875,177.09109497070312,2.490293025970459,5.623019695281982,361.7760925292969,61.818214416503906,22.932830810546875,177.09109497070312,2.490293025970459,5.623019695281982,367.4767025522469,-5.825595236318031,82.53950157785567,-2.483399089066169,-2.901178869834267,-84.24969697460666,307.761050796357,-19.74953286055595,82.53950157785567,177.0960984995006,2.480214165349536,5.624530964342385,307.761050796357,-19.74953286055595,23.0,177.0960984995006,2.480214165349536,5.624530964342385,300.2561827254165,54.77742367646682,82.53950157785567,177.0960984995006,2.480214165349536,5.624530964342385,300.2561827254165,54.77742367646682,23.0,177.0960984995006,2.480214165349536,5.624530964342385,361.79982019268965,61.84198166186361,82.53950157785567,177.0960984995006,2.480214165349536,5.624530964342385,361.79982019268965,61.84198166186361,23.0,177.0960984995006,2.480214165349536,5.624530964342385
2026-04-30 10:58:48,170,wait_for_arrival,0,P1,361.7760925292969,61.818214416503906,22.932830810546875,177.09109497070312,2.490293025970459,5.623019695281982,361.7760925292969,61.818214416503906,22.932830810546875,177.09109497070312,2.490293025970459,5.623019695281982,367.4767025522469,-5.825595236318031,82.53950157785567,-2.483399089066169,-2.901178869834267,-84.24969697460666,307.761050796357,-19.74953286055595,82.53950157785567,177.0960984995006,2.480214165349536,5.624530964342385,307.761050796357,-19.74953286055595,23.0,177.0960984995006,2.480214165349536,5.624530964342385,300.2561827254165,54.77742367646682,82.53950157785567,177.0960984995006,2.480214165349536,5.624530964342385,300.2561827254165,54.77742367646682,23.0,177.0960984995006,2.480214165349536,5.624530964342385,361.79982019268965,61.84198166186361,82.53950157785567,177.0960984995006,2.480214165349536,5.624530964342385,361.79982019268965,61.84198166186361,23.0,177.0960984995006,2.480214165349536,5.624530964342385
2026-04-30 10:58:48,171,wait_for_arrival,0,P1,361.811279296875,61.839385986328125,23.0478515625,177.09930419921875,2.4728946685791016,5.6234025955200195,361.811279296875,61.839385986328125,23.0478515625,177.09930419921875,2.4728946685791016,5.6234025955200195,367.4767025522469,-5.825595236318031,82.53950157785567,-2.483399089066169,-2.901178869834267,-84.24969697460666,307.761050796357,-19.74953286055595,82.53950157785567,177.0960984995006,2.480214165349536,5.624530964342385,307.761050796357,-19.74953286055595,23.0,177.0960984995006,2.480214165349536,5.624530964342385,300.2561827254165,54.77742367646682,82.53950157785567,177.0960984995006,2.480214165349536,5.624530964342385,300.2561827254165,54.77742367646682,23.0,177.0960984995006,2.480214165349536,5.624530964342385,361.79982019268965,61.84198166186361,82.53950157785567,177.0960984995006,2.480214165349536,5.624530964342385,361.79982019268965,61.84198166186361,23.0,177.0960984995006,2.480214165349536,5.624530964342385
2026-04-30 10:58:48,172,wait_for_arrival,0,P1,361.8086242675781,61.837833404541016,23.03936767578125,177.0986785888672,2.4741570949554443,5.622826099395752,361.8086242675781,61.837833404541016,23.03936767578125,177.0986785888672,2.4741570949554443,5.622826099395752,367.4767025522469,-5.825595236318031,82.53950157785567,-2.483399089066169,-2.901178869834267,-84.24969697460666,307.761050796357,-19.74953286055595,82.53950157785567,177.0960984995006,2.480214165349536,5.624530964342385,307.761050796357,-19.74953286055595,23.0,177.0960984995006,2.480214165349536,5.624530964342385,300.2561827254165,54.77742367646682,82.53950157785567,177.0960984995006,2.480214165349536,5.624530964342385,300.2561827254165,54.77742367646682,23.0,177.0960984995006,2.480214165349536,5.624530964342385,361.79982019268965,61.84198166186361,82.53950157785567,177.0960984995006,2.480214165349536,5.624530964342385,361.79982019268965,61.84198166186361,23.0,177.0960984995006,2.480214165349536,5.624530964342385
2026-04-30 10:58:48,173,wait_for_arrival,0,P1,361.8115539550781,61.84202575683594,23.0499267578125,177.0994415283203,2.472543954849243,5.623217582702637,361.8115539550781,61.84202575683594,23.0499267578125,177.0994415283203,2.472543954849243,5.623217582702637,367.4767025522469,-5.825595236318031,82.53950157785567,-2.483399089066169,-2.901178869834267,-84.24969697460666,307.761050796357,-19.74953286055595,82.53950157785567,177.0960984995006,2.480214165349536,5.624530964342385,307.761050796357,-19.74953286055595,23.0,177.0960984995006,2.480214165349536,5.624530964342385,300.2561827254165,54.77742367646682,82.53950157785567,177.0960984995006,2.480214165349536,5.624530964342385,300.2561827254165,54.77742367646682,23.0,177.0960984995006,2.480214165349536,5.624530964342385,361.79982019268965,61.84198166186361,82.53950157785567,177.0960984995006,2.480214165349536,5.624530964342385,361.79982019268965,61.84198166186361,23.0,177.0960984995006,2.480214165349536,5.624530964342385
2026-04-30 10:58:48,174,wait_for_arrival,0,P1,361.7763671875,61.82081985473633,22.9349365234375,177.09121704101562,2.4899513721466064,5.622829914093018,361.7763671875,61.82081985473633,22.9349365234375,177.09121704101562,2.4899513721466064,5.622829914093018,367.4767025522469,-5.825595236318031,82.53950157785567,-2.483399089066169,-2.901178869834267,-84.24969697460666,307.761050796357,-19.74953286055595,82.53950157785567,177.0960984995006,2.480214165349536,5.624530964342385,307.761050796357,-19.74953286055595,23.0,177.0960984995006,2.480214165349536,5.624530964342385,300.2561827254165,54.77742367646682,82.53950157785567,177.0960984995006,2.480214165349536,5.624530964342385,300.2561827254165,54.77742367646682,23.0,177.0960984995006,2.480214165349536,5.624530964342385,361.79982019268965,61.84198166186361,82.53950157785567,177.0960984995006,2.480214165349536,5.624530964342385,361.79982019268965,61.84198166186361,23.0,177.0960984995006,2.480214165349536,5.624530964342385
2026-04-30 10:58:48,175,wait_for_arrival,0,P1,361.8099060058594,61.843467712402344,23.045684814453125,177.09913635253906,2.4731860160827637,5.623549461364746,361.8099060058594,61.843467712402344,23.045684814453125,177.09913635253906,2.4731860160827637,5.623549461364746,367.4767025522469,-5.825595236318031,82.53950157785567,-2.483399089066169,-2.901178869834267,-84.24969697460666,307.761050796357,-19.74953286055595,82.53950157785567,177.0960984995006,2.480214165349536,5.624530964342385,307.761050796357,-19.74953286055595,23.0,177.0960984995006,2.480214165349536,5.624530964342385,300.2561827254165,54.77742367646682,82.53950157785567,177.0960984995006,2.480214165349536,5.624530964342385,300.2561827254165,54.77742367646682,23.0,177.0960984995006,2.480214165349536,5.624530964342385,361.79982019268965,61.84198166186361,82.53950157785567,177.0960984995006,2.480214165349536,5.624530964342385,361.79982019268965,61.84198166186361,23.0,177.0960984995006,2.480214165349536,5.624530964342385
2026-04-30 10:58:48,176,wait_for_arrival,0,P1,361.8130798339844,61.84540939331055,23.056365966796875,177.0999298095703,2.471602439880371,5.6241326332092285,361.8130798339844,61.84540939331055,23.056365966796875,177.0999298095703,2.471602439880371,5.6241326332092285,367.4767025522469,-5.825595236318031,82.53950157785567,-2.483399089066169,-2.901178869834267,-84.24969697460666,307.761050796357,-19.74953286055595,82.53950157785567,177.0960984995006,2.480214165349536,5.624530964342385,307.761050796357,-19.74953286055595,23.0,177.0960984995006,2.480214165349536,5.624530964342385,300.2561827254165,54.77742367646682,82.53950157785567,177.0960984995006,2.480214165349536,5.624530964342385,300.2561827254165,54.77742367646682,23.0,177.0960984995006,2.480214165349536,5.624530964342385,361.79982019268965,61.84198166186361,82.53950157785567,177.0960984995006,2.480214165349536,5.624530964342385,361.79982019268965,61.84198166186361,23.0,177.0960984995006,2.480214165349536,5.624530964342385
2026-04-30 10:58:49,177,wait_for_arrival,0,P1,361.77593994140625,61.823055267333984,22.9349365234375,177.09124755859375,2.4899790287017822,5.623734951019287,361.77593994140625,61.823055267333984,22.9349365234375,177.09124755859375,2.4899790287017822,5.623734951019287,367.4767025522469,-5.825595236318031,82.53950157785567,-2.483399089066169,-2.901178869834267,-84.24969697460666,307.761050796357,-19.74953286055595,82.53950157785567,177.0960984995006,2.480214165349536,5.624530964342385,307.761050796357,-19.74953286055595,23.0,177.0960984995006,2.480214165349536,5.624530964342385,300.2561827254165,54.77742367646682,82.53950157785567,177.0960984995006,2.480214165349536,5.624530964342385,300.2561827254165,54.77742367646682,23.0,177.0960984995006,2.480214165349536,5.624530964342385,361.79982019268965,61.84198166186361,82.53950157785567,177.0960984995006,2.480214165349536,5.624530964342385,361.79982019268965,61.84198166186361,23.0,177.0960984995006,2.480214165349536,5.624530964342385
2026-04-30 10:58:49,178,wait_for_arrival,0,P1,361.7975158691406,61.83600616455078,23.0052490234375,177.0962677001953,2.4793410301208496,5.623966217041016,361.7975158691406,61.83600616455078,23.0052490234375,177.0962677001953,2.4793410301208496,5.623966217041016,367.4767025522469,-5.825595236318031,82.53950157785567,-2.483399089066169,-2.901178869834267,-84.24969697460666,307.761050796357,-19.74953286055595,82.53950157785567,177.0960984995006,2.480214165349536,5.624530964342385,307.761050796357,-19.74953286055595,23.0,177.0960984995006,2.480214165349536,5.624530964342385,300.2561827254165,54.77742367646682,82.53950157785567,177.0960984995006,2.480214165349536,5.624530964342385,300.2561827254165,54.77742367646682,23.0,177.0960984995006,2.480214165349536,5.624530964342385,361.79982019268965,61.84198166186361,82.53950157785567,177.0960984995006,2.480214165349536,5.624530964342385,361.79982019268965,61.84198166186361,23.0,177.0960984995006,2.480214165349536,5.624530964342385
2026-04-30 10:58:49,179,wait_for_arrival,0,P1,361.77923583984375,61.825035095214844,22.94561767578125,177.0919952392578,2.48836612701416,5.623773097991943,361.77923583984375,61.825035095214844,22.94561767578125,177.0919952392578,2.48836612701416,5.623773097991943,367.4767025522469,-5.825595236318031,82.53950157785567,-2.483399089066169,-2.901178869834267,-84.24969697460666,307.761050796357,-19.74953286055595,82.53950157785567,177.0960984995006,2.480214165349536,5.624530964342385,307.761050796357,-19.74953286055595,23.0,177.0960984995006,2.480214165349536,5.624530964342385,300.2561827254165,54.77742367646682,82.53950157785567,177.0960984995006,2.480214165349536,5.624530964342385,300.2561827254165,54.77742367646682,23.0,177.0960984995006,2.480214165349536,5.624530964342385,361.79982019268965,61.84198166186361,82.53950157785567,177.0960984995006,2.480214165349536,5.624530964342385,361.79982019268965,61.84198166186361,23.0,177.0960984995006,2.480214165349536,5.624530964342385
2026-04-30 10:58:49,180,wait_for_arrival,0,P1,361.813720703125,61.84579849243164,23.058502197265625,177.10006713867188,2.4712812900543213,5.624136924743652,361.813720703125,61.84579849243164,23.058502197265625,177.10006713867188,2.4712812900543213,5.624136924743652,367.4767025522469,-5.825595236318031,82.53950157785567,-2.483399089066169,-2.901178869834267,-84.24969697460666,307.761050796357,-19.74953286055595,82.53950157785567,177.0960984995006,2.480214165349536,5.624530964342385,307.761050796357,-19.74953286055595,23.0,177.0960984995006,2.480214165349536,5.624530964342385,300.2561827254165,54.77742367646682,82.53950157785567,177.0960984995006,2.480214165349536,5.624530964342385,300.2561827254165,54.77742367646682,23.0,177.0960984995006,2.480214165349536,5.624530964342385,361.79982019268965,61.84198166186361,82.53950157785567,177.0960984995006,2.480214165349536,5.624530964342385,361.79982019268965,61.84198166186361,23.0,177.0960984995006,2.480214165349536,5.624530964342385
2026-04-30 10:58:49,181,wait_for_arrival,0,P1,361.8130798339844,61.84540939331055,23.056365966796875,177.0999298095703,2.471602439880371,5.6241326332092285,361.8130798339844,61.84540939331055,23.056365966796875,177.0999298095703,2.471602439880371,5.6241326332092285,367.4767025522469,-5.825595236318031,82.53950157785567,-2.483399089066169,-2.901178869834267,-84.24969697460666,307.761050796357,-19.74953286055595,82.53950157785567,177.0960984995006,2.480214165349536,5.624530964342385,307.761050796357,-19.74953286055595,23.0,177.0960984995006,2.480214165349536,5.624530964342385,300.2561827254165,54.77742367646682,82.53950157785567,177.0960984995006,2.480214165349536,5.624530964342385,300.2561827254165,54.77742367646682,23.0,177.0960984995006,2.480214165349536,5.624530964342385,361.79982019268965,61.84198166186361,82.53950157785567,177.0960984995006,2.480214165349536,5.624530964342385,361.79982019268965,61.84198166186361,23.0,177.0960984995006,2.480214165349536,5.624530964342385
2026-04-30 10:58:49,182,wait_for_arrival,0,P1,361.7785949707031,61.824649810791016,22.94354248046875,177.0918426513672,2.4886868000030518,5.623765468597412,361.7785949707031,61.824649810791016,22.94354248046875,177.0918426513672,2.4886868000030518,5.623765468597412,367.4767025522469,-5.825595236318031,82.53950157785567,-2.483399089066169,-2.901178869834267,-84.24969697460666,307.761050796357,-19.74953286055595,82.53950157785567,177.0960984995006,2.480214165349536,5.624530964342385,307.761050796357,-19.74953286055595,23.0,177.0960984995006,2.480214165349536,5.624530964342385,300.2561827254165,54.77742367646682,82.53950157785567,177.0960984995006,2.480214165349536,5.624530964342385,300.2561827254165,54.77742367646682,23.0,177.0960984995006,2.480214165349536,5.624530964342385,361.79982019268965,61.84198166186361,82.53950157785567,177.0960984995006,2.480214165349536,5.624530964342385,361.79982019268965,61.84198166186361,23.0,177.0960984995006,2.480214165349536,5.624530964342385
2026-04-30 10:58:49,183,wait_for_arrival,0,P1,361.78314208984375,61.827369689941406,22.958404541015625,177.09291076660156,2.4864327907562256,5.623812675476074,361.78314208984375,61.827369689941406,22.958404541015625,177.09291076660156,2.4864327907562256,5.623812675476074,367.4767025522469,-5.825595236318031,82.53950157785567,-2.483399089066169,-2.901178869834267,-84.24969697460666,307.761050796357,-19.74953286055595,82.53950157785567,177.0960984995006,2.480214165349536,5.624530964342385,307.761050796357,-19.74953286055595,23.0,177.0960984995006,2.480214165349536,5.624530964342385,300.2561827254165,54.77742367646682,82.53950157785567,177.0960984995006,2.480214165349536,5.624530964342385,300.2561827254165,54.77742367646682,23.0,177.0960984995006,2.480214165349536,5.624530964342385,361.79982019268965,61.84198166186361,82.53950157785567,177.0960984995006,2.480214165349536,5.624530964342385,361.79982019268965,61.84198166186361,23.0,177.0960984995006,2.480214165349536,5.624530964342385
2026-04-30 10:58:49,184,wait_for_arrival,0,P1,361.77593994140625,61.823055267333984,22.9349365234375,177.09124755859375,2.4899790287017822,5.623734951019287,361.77593994140625,61.823055267333984,22.9349365234375,177.09124755859375,2.4899790287017822,5.623734951019287,367.4767025522469,-5.825595236318031,82.53950157785567,-2.483399089066169,-2.901178869834267,-84.24969697460666,307.761050796357,-19.74953286055595,82.53950157785567,177.0960984995006,2.480214165349536,5.624530964342385,307.761050796357,-19.74953286055595,23.0,177.0960984995006,2.480214165349536,5.624530964342385,300.2561827254165,54.77742367646682,82.53950157785567,177.0960984995006,2.480214165349536,5.624530964342385,300.2561827254165,54.77742367646682,23.0,177.0960984995006,2.480214165349536,5.624530964342385,361.79982019268965,61.84198166186361,82.53950157785567,177.0960984995006,2.480214165349536,5.624530964342385,361.79982019268965,61.84198166186361,23.0,177.0960984995006,2.480214165349536,5.624530964342385
2026-04-30 10:58:49,185,wait_for_arrival,0,P1,361.8107604980469,61.84648513793945,23.0499267578125,177.09945678710938,2.472571849822998,5.6244683265686035,361.8107604980469,61.84648513793945,23.0499267578125,177.09945678710938,2.472571849822998,5.6244683265686035,367.4767025522469,-5.825595236318031,82.53950157785567,-2.483399089066169,-2.901178869834267,-84.24969697460666,307.761050796357,-19.74953286055595,82.53950157785567,177.0960984995006,2.480214165349536,5.624530964342385,307.761050796357,-19.74953286055595,23.0,177.0960984995006,2.480214165349536,5.624530964342385,300.2561827254165,54.77742367646682,82.53950157785567,177.0960984995006,2.480214165349536,5.624530964342385,300.2561827254165,54.77742367646682,23.0,177.0960984995006,2.480214165349536,5.624530964342385,361.79982019268965,61.84198166186361,82.53950157785567,177.0960984995006,2.480214165349536,5.624530964342385,361.79982019268965,61.84198166186361,23.0,177.0960984995006,2.480214165349536,5.624530964342385
2026-04-30 10:58:49,186,wait_for_arrival,0,P1,361.7977600097656,61.838645935058594,23.007354736328125,177.09640502929688,2.4790210723876953,5.624330043792725,361.7977600097656,61.838645935058594,23.007354736328125,177.09640502929688,2.4790210723876953,5.624330043792725,367.4767025522469,-5.825595236318031,82.53950157785567,-2.483399089066169,-2.901178869834267,-84.24969697460666,307.761050796357,-19.74953286055595,82.53950157785567,177.0960984995006,2.480214165349536,5.624530964342385,307.761050796357,-19.74953286055595,23.0,177.0960984995006,2.480214165349536,5.624530964342385,300.2561827254165,54.77742367646682,82.53950157785567,177.0960984995006,2.480214165349536,5.624530964342385,300.2561827254165,54.77742367646682,23.0,177.0960984995006,2.480214165349536,5.624530964342385,361.79982019268965,61.84198166186361,82.53950157785567,177.0960984995006,2.480214165349536,5.624530964342385,361.79982019268965,61.84198166186361,23.0,177.0960984995006,2.480214165349536,5.624530964342385
2026-04-30 10:58:50,187,wait_for_arrival,0,P1,361.7791748046875,61.827491760253906,22.941650390625,177.09170532226562,2.489015579223633,5.6241135597229,361.7791748046875,61.827491760253906,22.941650390625,177.09170532226562,2.489015579223633,5.6241135597229,367.4767025522469,-5.825595236318031,82.53950157785567,-2.483399089066169,-2.901178869834267,-84.24969697460666,307.761050796357,-19.74953286055595,82.53950157785567,177.0960984995006,2.480214165349536,5.624530964342385,307.761050796357,-19.74953286055595,23.0,177.0960984995006,2.480214165349536,5.624530964342385,300.2561827254165,54.77742367646682,82.53950157785567,177.0960984995006,2.480214165349536,5.624530964342385,300.2561827254165,54.77742367646682,23.0,177.0960984995006,2.480214165349536,5.624530964342385,361.79982019268965,61.84198166186361,82.53950157785567,177.0960984995006,2.480214165349536,5.624530964342385,361.79982019268965,61.84198166186361,23.0,177.0960984995006,2.480214165349536,5.624530964342385
2026-04-30 10:58:50,188,wait_for_arrival,0,P1,361.81243896484375,61.84747314453125,23.050201416015625,177.09945678710938,2.472578525543213,5.624467372894287,361.81243896484375,61.84747314453125,23.050201416015625,177.09945678710938,2.472578525543213,5.624467372894287,367.4767025522469,-5.825595236318031,82.53950157785567,-2.483399089066169,-2.901178869834267,-84.24969697460666,307.761050796357,-19.74953286055595,82.53950157785567,177.0960984995006,2.480214165349536,5.624530964342385,307.761050796357,-19.74953286055595,23.0,177.0960984995006,2.480214165349536,5.624530964342385,300.2561827254165,54.77742367646682,82.53950157785567,177.0960984995006,2.480214165349536,5.624530964342385,300.2561827254165,54.77742367646682,23.0,177.0960984995006,2.480214165349536,5.624530964342385,361.79982019268965,61.84198166186361,82.53950157785567,177.0960984995006,2.480214165349536,5.624530964342385,361.79982019268965,61.84198166186361,23.0,177.0960984995006,2.480214165349536,5.624530964342385
2026-04-30 10:58:50,189,wait_for_arrival,0,P1,361.81109619140625,61.8466911315918,23.045928955078125,177.09915161132812,2.473220109939575,5.624448299407959,361.81109619140625,61.8466911315918,23.045928955078125,177.09915161132812,2.473220109939575,5.624448299407959,367.4767025522469,-5.825595236318031,82.53950157785567,-2.483399089066169,-2.901178869834267,-84.24969697460666,307.761050796357,-19.74953286055595,82.53950157785567,177.0960984995006,2.480214165349536,5.624530964342385,307.761050796357,-19.74953286055595,23.0,177.0960984995006,2.480214165349536,5.624530964342385,300.2561827254165,54.77742367646682,82.53950157785567,177.0960984995006,2.480214165349536,5.624530964342385,300.2561827254165,54.77742367646682,23.0,177.0960984995006,2.480214165349536,5.624530964342385,361.79982019268965,61.84198166186361,82.53950157785567,177.0960984995006,2.480214165349536,5.624530964342385,361.79982019268965,61.84198166186361,23.0,177.0960984995006,2.480214165349536,5.624530964342385
2026-04-30 10:58:50,190,wait_for_arrival,0,P1,361.7948303222656,61.836891174316406,22.992706298828125,177.09535217285156,2.4812822341918945,5.624279975891113,361.7948303222656,61.836891174316406,22.992706298828125,177.09535217285156,2.4812822341918945,5.624279975891113,367.4767025522469,-5.825595236318031,82.53950157785567,-2.483399089066169,-2.901178869834267,-84.24969697460666,307.761050796357,-19.74953286055595,82.53950157785567,177.0960984995006,2.480214165349536,5.624530964342385,307.761050796357,-19.74953286055595,23.0,177.0960984995006,2.480214165349536,5.624530964342385,300.2561827254165,54.77742367646682,82.53950157785567,177.0960984995006,2.480214165349536,5.624530964342385,300.2561827254165,54.77742367646682,23.0,177.0960984995006,2.480214165349536,5.624530964342385,361.79982019268965,61.84198166186361,82.53950157785567,177.0960984995006,2.480214165349536,5.624530964342385,361.79982019268965,61.84198166186361,23.0,177.0960984995006,2.480214165349536,5.624530964342385
2026-04-30 10:58:50,191,wait_for_arrival,0,P1,361.80718994140625,61.844329833984375,23.0330810546875,177.09823608398438,2.475160837173462,5.624414443969727,361.80718994140625,61.844329833984375,23.0330810546875,177.09823608398438,2.475160837173462,5.624414443969727,367.4767025522469,-5.825595236318031,82.53950157785567,-2.483399089066169,-2.901178869834267,-84.24969697460666,307.761050796357,-19.74953286055595,82.53950157785567,177.0960984995006,2.480214165349536,5.624530964342385,307.761050796357,-19.74953286055595,23.0,177.0960984995006,2.480214165349536,5.624530964342385,300.2561827254165,54.77742367646682,82.53950157785567,177.0960984995006,2.480214165349536,5.624530964342385,300.2561827254165,54.77742367646682,23.0,177.0960984995006,2.480214165349536,5.624530964342385,361.79982019268965,61.84198166186361,82.53950157785567,177.0960984995006,2.480214165349536,5.624530964342385,361.79982019268965,61.84198166186361,23.0,177.0960984995006,2.480214165349536,5.624530964342385
2026-04-30 10:58:50,192,wait_for_arrival,0,P1,362.09539794921875,61.88450622558594,23.8876953125,177.11135864257812,2.4787895679473877,5.827104091644287,362.09539794921875,61.88450622558594,23.8876953125,177.11135864257812,2.4787895679473877,5.827104091644287,367.4767025522469,-5.825595236318031,82.53950157785567,-2.483399089066169,-2.901178869834267,-84.24969697460666,307.761050796357,-19.74953286055595,82.53950157785567,177.0960984995006,2.480214165349536,5.624530964342385,307.761050796357,-19.74953286055595,23.0,177.0960984995006,2.480214165349536,5.624530964342385,300.2561827254165,54.77742367646682,82.53950157785567,177.0960984995006,2.480214165349536,5.624530964342385,300.2561827254165,54.77742367646682,23.0,177.0960984995006,2.480214165349536,5.624530964342385,361.79982019268965,61.84198166186361,82.53950157785567,177.0960984995006,2.480214165349536,5.624530964342385,361.79982019268965,61.84198166186361,23.0,177.0960984995006,2.480214165349536,5.624530964342385
2026-04-30 10:58:50,193,wait_for_arrival,0,P1,362.4538269042969,61.93244552612305,24.986480712890625,177.13137817382812,2.4788320064544678,6.075369834899902,362.4538269042969,61.93244552612305,24.986480712890625,177.13137817382812,2.4788320064544678,6.075369834899902,367.4767025522469,-5.825595236318031,82.53950157785567,-2.483399089066169,-2.901178869834267,-84.24969697460666,307.761050796357,-19.74953286055595,82.53950157785567,177.0960984995006,2.480214165349536,5.624530964342385,307.761050796357,-19.74953286055595,23.0,177.0960984995006,2.480214165349536,5.624530964342385,300.2561827254165,54.77742367646682,82.53950157785567,177.0960984995006,2.480214165349536,5.624530964342385,300.2561827254165,54.77742367646682,23.0,177.0960984995006,2.480214165349536,5.624530964342385,361.79982019268965,61.84198166186361,82.53950157785567,177.0960984995006,2.480214165349536,5.624530964342385,361.79982019268965,61.84198166186361,23.0,177.0960984995006,2.480214165349536,5.624530964342385
2026-04-30 10:58:50,194,wait_for_arrival,0,P1,367.175048828125,62.31626510620117,41.048736572265625,177.41282653808594,2.456648349761963,9.676405906677246,367.175048828125,62.31626510620117,41.048736572265625,177.41282653808594,2.456648349761963,9.676405906677246,367.4767025522469,-5.825595236318031,82.53950157785567,-2.483399089066169,-2.901178869834267,-84.24969697460666,307.761050796357,-19.74953286055595,82.53950157785567,177.0960984995006,2.480214165349536,5.624530964342385,307.761050796357,-19.74953286055595,23.0,177.0960984995006,2.480214165349536,5.624530964342385,300.2561827254165,54.77742367646682,82.53950157785567,177.0960984995006,2.480214165349536,5.624530964342385,300.2561827254165,54.77742367646682,23.0,177.0960984995006,2.480214165349536,5.624530964342385,361.79982019268965,61.84198166186361,82.53950157785567,177.0960984995006,2.480214165349536,5.624530964342385,361.79982019268965,61.84198166186361,23.0,177.0960984995006,2.480214165349536,5.624530964342385
2026-04-30 10:58:50,195,wait_for_arrival,0,P1,371.2121276855469,62.21826171875,57.279632568359375,177.67539978027344,2.415137529373169,13.297736167907715,371.2121276855469,62.21826171875,57.279632568359375,177.67539978027344,2.415137529373169,13.297736167907715,367.4767025522469,-5.825595236318031,82.53950157785567,-2.483399089066169,-2.901178869834267,-84.24969697460666,307.761050796357,-19.74953286055595,82.53950157785567,177.0960984995006,2.480214165349536,5.624530964342385,307.761050796357,-19.74953286055595,23.0,177.0960984995006,2.480214165349536,5.624530964342385,300.2561827254165,54.77742367646682,82.53950157785567,177.0960984995006,2.480214165349536,5.624530964342385,300.2561827254165,54.77742367646682,23.0,177.0960984995006,2.480214165349536,5.624530964342385,361.79982019268965,61.84198166186361,82.53950157785567,177.0960984995006,2.480214165349536,5.624530964342385,361.79982019268965,61.84198166186361,23.0,177.0960984995006,2.480214165349536,5.624530964342385
2026-04-30 10:58:50,196,wait_for_arrival,0,P1,374.6110534667969,61.69312286376953,73.6964111328125,177.9208221435547,2.3424360752105713,16.93018913269043,374.6110534667969,61.69312286376953,73.6964111328125,177.9208221435547,2.3424360752105713,16.93018913269043,367.4767025522469,-5.825595236318031,82.53950157785567,-2.483399089066169,-2.901178869834267,-84.24969697460666,307.761050796357,-19.74953286055595,82.53950157785567,177.0960984995006,2.480214165349536,5.624530964342385,307.761050796357,-19.74953286055595,23.0,177.0960984995006,2.480214165349536,5.624530964342385,300.2561827254165,54.77742367646682,82.53950157785567,177.0960984995006,2.480214165349536,5.624530964342385,300.2561827254165,54.77742367646682,23.0,177.0960984995006,2.480214165349536,5.624530964342385,361.79982019268965,61.84198166186361,82.53950157785567,177.0960984995006,2.480214165349536,5.624530964342385,361.79982019268965,61.84198166186361,23.0,177.0960984995006,2.480214165349536,5.624530964342385
2026-04-30 10:58:51,197,wait_for_arrival,0,P1,377.30780029296875,60.72833251953125,90.10614013671875,178.14401245117188,2.2471237182617188,20.55208396911621,377.30780029296875,60.72833251953125,90.10614013671875,178.14401245117188,2.2471237182617188,20.55208396911621,367.4767025522469,-5.825595236318031,82.53950157785567,-2.483399089066169,-2.901178869834267,-84.24969697460666,307.761050796357,-19.74953286055595,82.53950157785567,177.0960984995006,2.480214165349536,5.624530964342385,307.761050796357,-19.74953286055595,23.0,177.0960984995006,2.480214165349536,5.624530964342385,300.2561827254165,54.77742367646682,82.53950157785567,177.0960984995006,2.480214165349536,5.624530964342385,300.2561827254165,54.77742367646682,23.0,177.0960984995006,2.480214165349536,5.624530964342385,361.79982019268965,61.84198166186361,82.53950157785567,177.0960984995006,2.480214165349536,5.624530964342385,361.79982019268965,61.84198166186361,23.0,177.0960984995006,2.480214165349536,5.624530964342385
2026-04-30 10:58:51,198,wait_for_arrival,0,P1,379.220703125,59.306034088134766,106.46554565429688,178.34300231933594,2.1454312801361084,24.17559814453125,379.220703125,59.306034088134766,106.46554565429688,178.34300231933594,2.1454312801361084,24.17559814453125,367.4767025522469,-5.825595236318031,82.53950157785567,-2.483399089066169,-2.901178869834267,-84.24969697460666,307.761050796357,-19.74953286055595,82.53950157785567,177.0960984995006,2.480214165349536,5.624530964342385,307.761050796357,-19.74953286055595,23.0,177.0960984995006,2.480214165349536,5.624530964342385,300.2561827254165,54.77742367646682,82.53950157785567,177.0960984995006,2.480214165349536,5.624530964342385,300.2561827254165,54.77742367646682,23.0,177.0960984995006,2.480214165349536,5.624530964342385,361.79982019268965,61.84198166186361,82.53950157785567,177.0960984995006,2.480214165349536,5.624530964342385,361.79982019268965,61.84198166186361,23.0,177.0960984995006,2.480214165349536,5.624530964342385
2026-04-30 10:58:51,199,wait_for_arrival,0,P1,380.4712219238281,57.49060821533203,122.83251953125,178.5186004638672,2.0185892581939697,27.79551124572754,380.4712219238281,57.49060821533203,122.83251953125,178.5186004638672,2.0185892581939697,27.79551124572754,367.4767025522469,-5.825595236318031,82.53950157785567,-2.483399089066169,-2.901178869834267,-84.24969697460666,307.761050796357,-19.74953286055595,82.53950157785567,177.0960984995006,2.480214165349536,5.624530964342385,307.761050796357,-19.74953286055595,23.0,177.0960984995006,2.480214165349536,5.624530964342385,300.2561827254165,54.77742367646682,82.53950157785567,177.0960984995006,2.480214165349536,5.624530964342385,300.2561827254165,54.77742367646682,23.0,177.0960984995006,2.480214165349536,5.624530964342385,361.79982019268965,61.84198166186361,82.53950157785567,177.0960984995006,2.480214165349536,5.624530964342385,361.79982019268965,61.84198166186361,23.0,177.0960984995006,2.480214165349536,5.624530964342385
2026-04-30 10:58:51,200,wait_for_arrival,0,P1,380.57171630859375,57.324928283691406,124.31393432617188,178.53297424316406,2.001835346221924,28.119781494140625,380.57171630859375,57.324928283691406,124.31393432617188,178.53297424316406,2.001835346221924,28.119781494140625,367.4767025522469,-5.825595236318031,82.53950157785567,-2.483399089066169,-2.901178869834267,-84.24969697460666,307.761050796357,-19.74953286055595,82.53950157785567,177.0960984995006,2.480214165349536,5.624530964342385,307.761050796357,-19.74953286055595,23.0,177.0960984995006,2.480214165349536,5.624530964342385,300.2561827254165,54.77742367646682,82.53950157785567,177.0960984995006,2.480214165349536,5.624530964342385,300.2561827254165,54.77742367646682,23.0,177.0960984995006,2.480214165349536,5.624530964342385,361.79982019268965,61.84198166186361,82.53950157785567,177.0960984995006,2.480214165349536,5.624530964342385,361.79982019268965,61.84198166186361,23.0,177.0960984995006,2.480214165349536,5.624530964342385
2026-04-30 10:58:51,201,wait_for_arrival,0,P1,381.0242004394531,55.27745819091797,139.271484375,178.66896057128906,1.8727482557296753,31.446901321411133,381.0242004394531,55.27745819091797,139.271484375,178.66896057128906,1.8727482557296753,31.446901321411133,367.4767025522469,-5.825595236318031,82.53950157785567,-2.483399089066169,-2.901178869834267,-84.24969697460666,307.761050796357,-19.74953286055595,82.53950157785567,177.0960984995006,2.480214165349536,5.624530964342385,307.761050796357,-19.74953286055595,23.0,177.0960984995006,2.480214165349536,5.624530964342385,300.2561827254165,54.77742367646682,82.53950157785567,177.0960984995006,2.480214165349536,5.624530964342385,300.2561827254165,54.77742367646682,23.0,177.0960984995006,2.480214165349536,5.624530964342385,361.79982019268965,61.84198166186361,82.53950157785567,177.0960984995006,2.480214165349536,5.624530964342385,361.79982019268965,61.84198166186361,23.0,177.0960984995006,2.480214165349536,5.624530964342385
2026-04-30 10:58:51,202,wait_for_arrival,0,P1,381.0205993652344,55.068946838378906,140.55819702148438,178.6795196533203,1.86445152759552,31.738004684448242,381.0205993652344,55.068946838378906,140.55819702148438,178.6795196533203,1.86445152759552,31.738004684448242,367.4767025522469,-5.825595236318031,82.53950157785567,-2.483399089066169,-2.901178869834267,-84.24969697460666,307.761050796357,-19.74953286055595,82.53950157785567,177.0960984995006,2.480214165349536,5.624530964342385,307.761050796357,-19.74953286055595,23.0,177.0960984995006,2.480214165349536,5.624530964342385,300.2561827254165,54.77742367646682,82.53950157785567,177.0960984995006,2.480214165349536,5.624530964342385,300.2561827254165,54.77742367646682,23.0,177.0960984995006,2.480214165349536,5.624530964342385,361.79982019268965,61.84198166186361,82.53950157785567,177.0960984995006,2.480214165349536,5.624530964342385,361.79982019268965,61.84198166186361,23.0,177.0960984995006,2.480214165349536,5.624530964342385
2026-04-30 10:58:51,203,wait_for_arrival,0,P1,380.7430114746094,52.43372344970703,156.6942138671875,178.8002166748047,1.7165439128875732,35.35805130004883,380.7430114746094,52.43372344970703,156.6942138671875,178.8002166748047,1.7165439128875732,35.35805130004883,367.4767025522469,-5.825595236318031,82.53950157785567,-2.483399089066169,-2.901178869834267,-84.24969697460666,307.761050796357,-19.74953286055595,82.53950157785567,177.0960984995006,2.480214165349536,5.624530964342385,307.761050796357,-19.74953286055595,23.0,177.0960984995006,2.480214165349536,5.624530964342385,300.2561827254165,54.77742367646682,82.53950157785567,177.0960984995006,2.480214165349536,5.624530964342385,300.2561827254165,54.77742367646682,23.0,177.0960984995006,2.480214165349536,5.624530964342385,361.79982019268965,61.84198166186361,82.53950157785567,177.0960984995006,2.480214165349536,5.624530964342385,361.79982019268965,61.84198166186361,23.0,177.0960984995006,2.480214165349536,5.624530964342385
2026-04-30 10:58:51,204,wait_for_arrival,0,P1,379.7764892578125,49.44834899902344,172.74862670898438,178.89190673828125,1.5540047883987427,38.98820495605469,379.7764892578125,49.44834899902344,172.74862670898438,178.89190673828125,1.5540047883987427,38.98820495605469,367.4767025522469,-5.825595236318031,82.53950157785567,-2.483399089066169,-2.901178869834267,-84.24969697460666,307.761050796357,-19.74953286055595,82.53950157785567,177.0960984995006,2.480214165349536,5.624530964342385,307.761050796357,-19.74953286055595,23.0,177.0960984995006,2.480214165349536,5.624530964342385,300.2561827254165,54.77742367646682,82.53950157785567,177.0960984995006,2.480214165349536,5.624530964342385,300.2561827254165,54.77742367646682,23.0,177.0960984995006,2.480214165349536,5.624530964342385,361.79982019268965,61.84198166186361,82.53950157785567,177.0960984995006,2.480214165349536,5.624530964342385,361.79982019268965,61.84198166186361,23.0,177.0960984995006,2.480214165349536,5.624530964342385
2026-04-30 10:58:52,205,wait_for_arrival,0,P1,379.7764892578125,49.44834899902344,172.74862670898438,178.89190673828125,1.5540047883987427,38.98820495605469,379.7764892578125,49.44834899902344,172.74862670898438,178.89190673828125,1.5540047883987427,38.98820495605469,367.4767025522469,-5.825595236318031,82.53950157785567,-2.483399089066169,-2.901178869834267,-84.24969697460666,307.761050796357,-19.74953286055595,82.53950157785567,177.0960984995006,2.480214165349536,5.624530964342385,307.761050796357,-19.74953286055595,23.0,177.0960984995006,2.480214165349536,5.624530964342385,300.2561827254165,54.77742367646682,82.53950157785567,177.0960984995006,2.480214165349536,5.624530964342385,300.2561827254165,54.77742367646682,23.0,177.0960984995006,2.480214165349536,5.624530964342385,361.79982019268965,61.84198166186361,82.53950157785567,177.0960984995006,2.480214165349536,5.624530964342385,361.79982019268965,61.84198166186361,23.0,177.0960984995006,2.480214165349536,5.624530964342385
2026-04-30 10:58:52,206,wait_for_arrival,0,P1,375.46502685546875,42.26298904418945,204.67849731445312,178.99798583984375,1.2340402603149414,46.385616302490234,375.46502685546875,42.26298904418945,204.67849731445312,178.99798583984375,1.2340402603149414,46.385616302490234,367.4767025522469,-5.825595236318031,82.53950157785567,-2.483399089066169,-2.901178869834267,-84.24969697460666,307.761050796357,-19.74953286055595,82.53950157785567,177.0960984995006,2.480214165349536,5.624530964342385,307.761050796357,-19.74953286055595,23.0,177.0960984995006,2.480214165349536,5.624530964342385,300.2561827254165,54.77742367646682,82.53950157785567,177.0960984995006,2.480214165349536,5.624530964342385,300.2561827254165,54.77742367646682,23.0,177.0960984995006,2.480214165349536,5.624530964342385,361.79982019268965,61.84198166186361,82.53950157785567,177.0960984995006,2.480214165349536,5.624530964342385,361.79982019268965,61.84198166186361,23.0,177.0960984995006,2.480214165349536,5.624530964342385
2026-04-30 10:58:52,207,wait_for_arrival,0,P1,375.2330627441406,41.9388542175293,206.03485107421875,178.99830627441406,1.2160766124725342,46.698089599609375,375.2330627441406,41.9388542175293,206.03485107421875,178.99830627441406,1.2160766124725342,46.698089599609375,367.4767025522469,-5.825595236318031,82.53950157785567,-2.483399089066169,-2.901178869834267,-84.24969697460666,307.761050796357,-19.74953286055595,82.53950157785567,177.0960984995006,2.480214165349536,5.624530964342385,307.761050796357,-19.74953286055595,23.0,177.0960984995006,2.480214165349536,5.624530964342385,300.2561827254165,54.77742367646682,82.53950157785567,177.0960984995006,2.480214165349536,5.624530964342385,300.2561827254165,54.77742367646682,23.0,177.0960984995006,2.480214165349536,5.624530964342385,361.79982019268965,61.84198166186361,82.53950157785567,177.0960984995006,2.480214165349536,5.624530964342385,361.79982019268965,61.84198166186361,23.0,177.0960984995006,2.480214165349536,5.624530964342385
2026-04-30 10:58:52,208,wait_for_arrival,0,P1,375.2330627441406,41.9388542175293,206.03485107421875,178.99830627441406,1.2160766124725342,46.698089599609375,375.2330627441406,41.9388542175293,206.03485107421875,178.99830627441406,1.2160766124725342,46.698089599609375,367.4767025522469,-5.825595236318031,82.53950157785567,-2.483399089066169,-2.901178869834267,-84.24969697460666,307.761050796357,-19.74953286055595,82.53950157785567,177.0960984995006,2.480214165349536,5.624530964342385,307.761050796357,-19.74953286055595,23.0,177.0960984995006,2.480214165349536,5.624530964342385,300.2561827254165,54.77742367646682,82.53950157785567,177.0960984995006,2.480214165349536,5.624530964342385,300.2561827254165,54.77742367646682,23.0,177.0960984995006,2.480214165349536,5.624530964342385,361.79982019268965,61.84198166186361,82.53950157785567,177.0960984995006,2.480214165349536,5.624530964342385,361.79982019268965,61.84198166186361,23.0,177.0960984995006,2.480214165349536,5.624530964342385
2026-04-30 10:58:52,209,wait_for_arrival,0,P1,369.6462097167969,35.340911865234375,230.31930541992188,178.99771118164062,0.9689537882804871,52.521697998046875,369.6462097167969,35.340911865234375,230.31930541992188,178.99771118164062,0.9689537882804871,52.521697998046875,367.4767025522469,-5.825595236318031,82.53950157785567,-2.483399089066169,-2.901178869834267,-84.24969697460666,307.761050796357,-19.74953286055595,82.53950157785567,177.0960984995006,2.480214165349536,5.624530964342385,307.761050796357,-19.74953286055595,23.0,177.0960984995006,2.480214165349536,5.624530964342385,300.2561827254165,54.77742367646682,82.53950157785567,177.0960984995006,2.480214165349536,5.624530964342385,300.2561827254165,54.77742367646682,23.0,177.0960984995006,2.480214165349536,5.624530964342385,361.79982019268965,61.84198166186361,82.53950157785567,177.0960984995006,2.480214165349536,5.624530964342385,361.79982019268965,61.84198166186361,23.0,177.0960984995006,2.480214165349536,5.624530964342385
2026-04-30 10:58:53,210,wait_for_arrival,0,P1,369.2564392089844,34.93123245239258,231.654541015625,178.99758911132812,0.9594883322715759,52.854469299316406,369.2564392089844,34.93123245239258,231.654541015625,178.99758911132812,0.9594883322715759,52.854469299316406,367.4767025522469,-5.825595236318031,82.53950157785567,-2.483399089066169,-2.901178869834267,-84.24969697460666,307.761050796357,-19.74953286055595,82.53950157785567,177.0960984995006,2.480214165349536,5.624530964342385,307.761050796357,-19.74953286055595,23.0,177.0960984995006,2.480214165349536,5.624530964342385,300.2561827254165,54.77742367646682,82.53950157785567,177.0960984995006,2.480214165349536,5.624530964342385,300.2561827254165,54.77742367646682,23.0,177.0960984995006,2.480214165349536,5.624530964342385,361.79982019268965,61.84198166186361,82.53950157785567,177.0960984995006,2.480214165349536,5.624530964342385,361.79982019268965,61.84198166186361,23.0,177.0960984995006,2.480214165349536,5.624530964342385
2026-04-30 10:58:53,211,wait_for_arrival,0,P1,369.2564392089844,34.93123245239258,231.654541015625,178.99758911132812,0.9594883322715759,52.854469299316406,369.2564392089844,34.93123245239258,231.654541015625,178.99758911132812,0.9594883322715759,52.854469299316406,367.4767025522469,-5.825595236318031,82.53950157785567,-2.483399089066169,-2.901178869834267,-84.24969697460666,307.761050796357,-19.74953286055595,82.53950157785567,177.0960984995006,2.480214165349536,5.624530964342385,307.761050796357,-19.74953286055595,23.0,177.0960984995006,2.480214165349536,5.624530964342385,300.2561827254165,54.77742367646682,82.53950157785567,177.0960984995006,2.480214165349536,5.624530964342385,300.2561827254165,54.77742367646682,23.0,177.0960984995006,2.480214165349536,5.624530964342385,361.79982019268965,61.84198166186361,82.53950157785567,177.0960984995006,2.480214165349536,5.624530964342385,361.79982019268965,61.84198166186361,23.0,177.0960984995006,2.480214165349536,5.624530964342385
2026-04-30 10:58:53,212,wait_for_arrival,0,P1,369.2564392089844,34.93123245239258,231.654541015625,178.99758911132812,0.9594883322715759,52.854469299316406,369.2564392089844,34.93123245239258,231.654541015625,178.99758911132812,0.9594883322715759,52.854469299316406,367.4767025522469,-5.825595236318031,82.53950157785567,-2.483399089066169,-2.901178869834267,-84.24969697460666,307.761050796357,-19.74953286055595,82.53950157785567,177.0960984995006,2.480214165349536,5.624530964342385,307.761050796357,-19.74953286055595,23.0,177.0960984995006,2.480214165349536,5.624530964342385,300.2561827254165,54.77742367646682,82.53950157785567,177.0960984995006,2.480214165349536,5.624530964342385,300.2561827254165,54.77742367646682,23.0,177.0960984995006,2.480214165349536,5.624530964342385,361.79982019268965,61.84198166186361,82.53950157785567,177.0960984995006,2.480214165349536,5.624530964342385,361.79982019268965,61.84198166186361,23.0,177.0960984995006,2.480214165349536,5.624530964342385
2026-04-30 10:58:54,213,wait_for_arrival,-1,P1,,,,,,,,,,,,,367.4767025522469,-5.825595236318031,82.53950157785567,-2.483399089066169,-2.901178869834267,-84.24969697460666,307.761050796357,-19.74953286055595,82.53950157785567,177.0960984995006,2.480214165349536,5.624530964342385,307.761050796357,-19.74953286055595,23.0,177.0960984995006,2.480214165349536,5.624530964342385,300.2561827254165,54.77742367646682,82.53950157785567,177.0960984995006,2.480214165349536,5.624530964342385,300.2561827254165,54.77742367646682,23.0,177.0960984995006,2.480214165349536,5.624530964342385,361.79982019268965,61.84198166186361,82.53950157785567,177.0960984995006,2.480214165349536,5.624530964342385,361.79982019268965,61.84198166186361,23.0,177.0960984995006,2.480214165349536,5.624530964342385
2026-04-30 10:58:54,214,wait_for_arrival,-1,P1,,,,,,,,,,,,,367.4767025522469,-5.825595236318031,82.53950157785567,-2.483399089066169,-2.901178869834267,-84.24969697460666,307.761050796357,-19.74953286055595,82.53950157785567,177.0960984995006,2.480214165349536,5.624530964342385,307.761050796357,-19.74953286055595,23.0,177.0960984995006,2.480214165349536,5.624530964342385,300.2561827254165,54.77742367646682,82.53950157785567,177.0960984995006,2.480214165349536,5.624530964342385,300.2561827254165,54.77742367646682,23.0,177.0960984995006,2.480214165349536,5.624530964342385,361.79982019268965,61.84198166186361,82.53950157785567,177.0960984995006,2.480214165349536,5.624530964342385,361.79982019268965,61.84198166186361,23.0,177.0960984995006,2.480214165349536,5.624530964342385
2026-04-30 10:58:55,215,wait_for_arrival,-1,P1,,,,,,,,,,,,,367.4767025522469,-5.825595236318031,82.53950157785567,-2.483399089066169,-2.901178869834267,-84.24969697460666,307.761050796357,-19.74953286055595,82.53950157785567,177.0960984995006,2.480214165349536,5.624530964342385,307.761050796357,-19.74953286055595,23.0,177.0960984995006,2.480214165349536,5.624530964342385,300.2561827254165,54.77742367646682,82.53950157785567,177.0960984995006,2.480214165349536,5.624530964342385,300.2561827254165,54.77742367646682,23.0,177.0960984995006,2.480214165349536,5.624530964342385,361.79982019268965,61.84198166186361,82.53950157785567,177.0960984995006,2.480214165349536,5.624530964342385,361.79982019268965,61.84198166186361,23.0,177.0960984995006,2.480214165349536,5.624530964342385
2026-04-30 10:58:55,216,wait_for_arrival,-1,P1,,,,,,,,,,,,,367.4767025522469,-5.825595236318031,82.53950157785567,-2.483399089066169,-2.901178869834267,-84.24969697460666,307.761050796357,-19.74953286055595,82.53950157785567,177.0960984995006,2.480214165349536,5.624530964342385,307.761050796357,-19.74953286055595,23.0,177.0960984995006,2.480214165349536,5.624530964342385,300.2561827254165,54.77742367646682,82.53950157785567,177.0960984995006,2.480214165349536,5.624530964342385,300.2561827254165,54.77742367646682,23.0,177.0960984995006,2.480214165349536,5.624530964342385,361.79982019268965,61.84198166186361,82.53950157785567,177.0960984995006,2.480214165349536,5.624530964342385,361.79982019268965,61.84198166186361,23.0,177.0960984995006,2.480214165349536,5.624530964342385
2026-04-30 10:58:55,217,wait_for_arrival,-1,P1,,,,,,,,,,,,,367.4767025522469,-5.825595236318031,82.53950157785567,-2.483399089066169,-2.901178869834267,-84.24969697460666,307.761050796357,-19.74953286055595,82.53950157785567,177.0960984995006,2.480214165349536,5.624530964342385,307.761050796357,-19.74953286055595,23.0,177.0960984995006,2.480214165349536,5.624530964342385,300.2561827254165,54.77742367646682,82.53950157785567,177.0960984995006,2.480214165349536,5.624530964342385,300.2561827254165,54.77742367646682,23.0,177.0960984995006,2.480214165349536,5.624530964342385,361.79982019268965,61.84198166186361,82.53950157785567,177.0960984995006,2.480214165349536,5.624530964342385,361.79982019268965,61.84198166186361,23.0,177.0960984995006,2.480214165349536,5.624530964342385
2026-04-30 10:58:55,218,wait_for_arrival,0,P1,311.799560546875,-8.79909896850586,339.7088317871094,178.04197692871094,0.2432095855474472,83.2094955444336,311.799560546875,-8.79909896850586,339.7088317871094,178.04197692871094,0.2432095855474472,83.2094955444336,367.4767025522469,-5.825595236318031,82.53950157785567,-2.483399089066169,-2.901178869834267,-84.24969697460666,307.761050796357,-19.74953286055595,82.53950157785567,177.0960984995006,2.480214165349536,5.624530964342385,307.761050796357,-19.74953286055595,23.0,177.0960984995006,2.480214165349536,5.624530964342385,300.2561827254165,54.77742367646682,82.53950157785567,177.0960984995006,2.480214165349536,5.624530964342385,300.2561827254165,54.77742367646682,23.0,177.0960984995006,2.480214165349536,5.624530964342385,361.79982019268965,61.84198166186361,82.53950157785567,177.0960984995006,2.480214165349536,5.624530964342385,361.79982019268965,61.84198166186361,23.0,177.0960984995006,2.480214165349536,5.624530964342385
2026-04-30 10:58:56,219,wait_for_arrival,0,P1,310.97711181640625,-9.306034088134766,340.6143798828125,178.0282440185547,0.24471570551395416,83.5201187133789,310.97711181640625,-9.306034088134766,340.6143798828125,178.0282440185547,0.24471570551395416,83.5201187133789,367.4767025522469,-5.825595236318031,82.53950157785567,-2.483399089066169,-2.901178869834267,-84.24969697460666,307.761050796357,-19.74953286055595,82.53950157785567,177.0960984995006,2.480214165349536,5.624530964342385,307.761050796357,-19.74953286055595,23.0,177.0960984995006,2.480214165349536,5.624530964342385,300.2561827254165,54.77742367646682,82.53950157785567,177.0960984995006,2.480214165349536,5.624530964342385,300.2561827254165,54.77742367646682,23.0,177.0960984995006,2.480214165349536,5.624530964342385,361.79982019268965,61.84198166186361,82.53950157785567,177.0960984995006,2.480214165349536,5.624530964342385,361.79982019268965,61.84198166186361,23.0,177.0960984995006,2.480214165349536,5.624530964342385
2026-04-30 10:58:56,220,wait_for_arrival,0,P1,310.97711181640625,-9.306034088134766,340.6143798828125,178.0282440185547,0.24471570551395416,83.5201187133789,310.97711181640625,-9.306034088134766,340.6143798828125,178.0282440185547,0.24471570551395416,83.5201187133789,367.4767025522469,-5.825595236318031,82.53950157785567,-2.483399089066169,-2.901178869834267,-84.24969697460666,307.761050796357,-19.74953286055595,82.53950157785567,177.0960984995006,2.480214165349536,5.624530964342385,307.761050796357,-19.74953286055595,23.0,177.0960984995006,2.480214165349536,5.624530964342385,300.2561827254165,54.77742367646682,82.53950157785567,177.0960984995006,2.480214165349536,5.624530964342385,300.2561827254165,54.77742367646682,23.0,177.0960984995006,2.480214165349536,5.624530964342385,361.79982019268965,61.84198166186361,82.53950157785567,177.0960984995006,2.480214165349536,5.624530964342385,361.79982019268965,61.84198166186361,23.0,177.0960984995006,2.480214165349536,5.624530964342385
2026-04-30 10:58:56,221,wait_for_arrival,0,P1,310.97711181640625,-9.306034088134766,340.6143798828125,178.0282440185547,0.24471570551395416,83.5201187133789,310.97711181640625,-9.306034088134766,340.6143798828125,178.0282440185547,0.24471570551395416,83.5201187133789,367.4767025522469,-5.825595236318031,82.53950157785567,-2.483399089066169,-2.901178869834267,-84.24969697460666,307.761050796357,-19.74953286055595,82.53950157785567,177.0960984995006,2.480214165349536,5.624530964342385,307.761050796357,-19.74953286055595,23.0,177.0960984995006,2.480214165349536,5.624530964342385,300.2561827254165,54.77742367646682,82.53950157785567,177.0960984995006,2.480214165349536,5.624530964342385,300.2561827254165,54.77742367646682,23.0,177.0960984995006,2.480214165349536,5.624530964342385,361.79982019268965,61.84198166186361,82.53950157785567,177.0960984995006,2.480214165349536,5.624530964342385,361.79982019268965,61.84198166186361,23.0,177.0960984995006,2.480214165349536,5.624530964342385
2026-04-30 10:58:56,222,wait_for_arrival,0,P1,297.0033264160156,-17.68089485168457,354.9973449707031,177.7609100341797,0.2796361446380615,88.67882537841797,297.0033264160156,-17.68089485168457,354.9973449707031,177.7609100341797,0.2796361446380615,88.67882537841797,367.4767025522469,-5.825595236318031,82.53950157785567,-2.483399089066169,-2.901178869834267,-84.24969697460666,307.761050796357,-19.74953286055595,82.53950157785567,177.0960984995006,2.480214165349536,5.624530964342385,307.761050796357,-19.74953286055595,23.0,177.0960984995006,2.480214165349536,5.624530964342385,300.2561827254165,54.77742367646682,82.53950157785567,177.0960984995006,2.480214165349536,5.624530964342385,300.2561827254165,54.77742367646682,23.0,177.0960984995006,2.480214165349536,5.624530964342385,361.79982019268965,61.84198166186361,82.53950157785567,177.0960984995006,2.480214165349536,5.624530964342385,361.79982019268965,61.84198166186361,23.0,177.0960984995006,2.480214165349536,5.624530964342385
2026-04-30 10:58:57,223,wait_for_arrival,0,P1,297.0033264160156,-17.68089485168457,354.9973449707031,177.7609100341797,0.2796361446380615,88.67882537841797,297.0033264160156,-17.68089485168457,354.9973449707031,177.7609100341797,0.2796361446380615,88.67882537841797,367.4767025522469,-5.825595236318031,82.53950157785567,-2.483399089066169,-2.901178869834267,-84.24969697460666,307.761050796357,-19.74953286055595,82.53950157785567,177.0960984995006,2.480214165349536,5.624530964342385,307.761050796357,-19.74953286055595,23.0,177.0960984995006,2.480214165349536,5.624530964342385,300.2561827254165,54.77742367646682,82.53950157785567,177.0960984995006,2.480214165349536,5.624530964342385,300.2561827254165,54.77742367646682,23.0,177.0960984995006,2.480214165349536,5.624530964342385,361.79982019268965,61.84198166186361,82.53950157785567,177.0960984995006,2.480214165349536,5.624530964342385,361.79982019268965,61.84198166186361,23.0,177.0960984995006,2.480214165349536,5.624530964342385
2026-04-30 10:58:57,224,main_loop,0,P1,297.00537109375,-17.680044174194336,355.00018310546875,177.76007080078125,0.2792500853538513,88.67827606201172,297.00537109375,-17.680044174194336,355.00018310546875,177.76007080078125,0.2792500853538513,88.67827606201172,367.4767025522469,-5.825595236318031,82.53950157785567,-2.483399089066169,-2.901178869834267,-84.24969697460666,307.761050796357,-19.74953286055595,82.53950157785567,177.0960984995006,2.480214165349536,5.624530964342385,307.761050796357,-19.74953286055595,23.0,177.0960984995006,2.480214165349536,5.624530964342385,300.2561827254165,54.77742367646682,82.53950157785567,177.0960984995006,2.480214165349536,5.624530964342385,300.2561827254165,54.77742367646682,23.0,177.0960984995006,2.480214165349536,5.624530964342385,361.79982019268965,61.84198166186361,82.53950157785567,177.0960984995006,2.480214165349536,5.624530964342385,361.79982019268965,61.84198166186361,23.0,177.0960984995006,2.480214165349536,5.624530964342385
2026-04-30 10:58:58,225,wait_for_arrival,0,P3,297.0048522949219,-17.680238723754883,355.00372314453125,177.75942993164062,0.2789683938026428,88.67827606201172,297.0048522949219,-17.680238723754883,355.00372314453125,177.75942993164062,0.2789683938026428,88.67827606201172,367.4612053833237,-5.83704740622032,82.28572204377876,-2.297649839663878,-2.60832757770055,-84.26354714520788,307.79077328734496,-19.663225639882537,82.28572204377876,177.38957664691506,2.2952681214885597,5.631835018789043,307.79077328734496,-19.663225639882537,23.0,177.38957664691506,2.2952681214885597,5.631835018789043,300.3020794115853,54.88387436683917,82.28572204377876,177.38957664691506,2.2952681214885597,5.631835018789043,300.3020794115853,54.88387436683917,23.0,177.38957664691506,2.2952681214885597,5.631835018789043,361.853455700423,61.957377448941074,82.28572204377876,177.38957664691506,2.2952681214885597,5.631835018789043,361.853455700423,61.957377448941074,23.0,177.38957664691506,2.2952681214885597,5.631835018789043
2026-04-30 10:58:58,226,wait_for_arrival,0,P3,297.0062255859375,-17.683576583862305,355.0037536621094,177.75921630859375,0.2794685363769531,88.67825317382812,297.0062255859375,-17.683576583862305,355.0037536621094,177.75921630859375,0.2794685363769531,88.67825317382812,367.4612053833237,-5.83704740622032,82.28572204377876,-2.297649839663878,-2.60832757770055,-84.26354714520788,307.79077328734496,-19.663225639882537,82.28572204377876,177.38957664691506,2.2952681214885597,5.631835018789043,307.79077328734496,-19.663225639882537,23.0,177.38957664691506,2.2952681214885597,5.631835018789043,300.3020794115853,54.88387436683917,82.28572204377876,177.38957664691506,2.2952681214885597,5.631835018789043,300.3020794115853,54.88387436683917,23.0,177.38957664691506,2.2952681214885597,5.631835018789043,361.853455700423,61.957377448941074,82.28572204377876,177.38957664691506,2.2952681214885597,5.631835018789043,361.853455700423,61.957377448941074,23.0,177.38957664691506,2.2952681214885597,5.631835018789043
2026-04-30 10:58:58,227,main_loop,0,P3,297.0050354003906,-17.684083938598633,355.0054016113281,177.7588653564453,0.2793237864971161,88.67825317382812,297.0050354003906,-17.684083938598633,355.0054016113281,177.7588653564453,0.2793237864971161,88.67825317382812,367.4612053833237,-5.83704740622032,82.28572204377876,-2.297649839663878,-2.60832757770055,-84.26354714520788,307.79077328734496,-19.663225639882537,82.28572204377876,177.38957664691506,2.2952681214885597,5.631835018789043,307.79077328734496,-19.663225639882537,23.0,177.38957664691506,2.2952681214885597,5.631835018789043,300.3020794115853,54.88387436683917,82.28572204377876,177.38957664691506,2.2952681214885597,5.631835018789043,300.3020794115853,54.88387436683917,23.0,177.38957664691506,2.2952681214885597,5.631835018789043,361.853455700423,61.957377448941074,82.28572204377876,177.38957664691506,2.2952681214885597,5.631835018789043,361.853455700423,61.957377448941074,23.0,177.38957664691506,2.2952681214885597,5.631835018789043
2026-04-30 10:58:58,228,main_loop,0,P3,297.005126953125,-17.6822452545166,355.0054016113281,177.7588653564453,0.27932384610176086,88.67860412597656,297.005126953125,-17.6822452545166,355.0054016113281,177.7588653564453,0.27932384610176086,88.67860412597656,367.4564682327766,-5.856838311424414,82.28639842938995,-2.1071876515020502,-2.8152494129801497,-84.27616000947592,307.84866464044256,-19.73579095554012,82.28639842938995,177.1828486640558,2.1046433425850037,5.620297624391888,307.84866464044256,-19.73579095554012,23.0,177.1828486640558,2.1046433425850037,5.620297624391888,300.377659526947,54.80020475384897,82.28639842938995,177.1828486640558,2.1046433425850037,5.620297624391888,300.377659526947,54.80020475384897,23.0,177.1828486640558,2.1046433425850037,5.620297624391888,361.9383748764123,61.86192070832766,82.28639842938995,177.1828486640558,2.1046433425850037,5.620297624391888,361.9383748764123,61.86192070832766,23.0,177.1828486640558,2.1046433425850037,5.620297624391888
2026-04-30 10:58:59,229,main_loop,0,P3,297.005126953125,-17.6822452545166,355.0054016113281,177.7588653564453,0.27932384610176086,88.67860412597656,297.005126953125,-17.6822452545166,355.0054016113281,177.7588653564453,0.27932384610176086,88.67860412597656,367.4564873325679,-5.854568377113932,82.2863984153988,-2.107187658821931,-2.8152494721347123,-84.27580905696794,307.8487687532736,-19.733886153002647,82.2863984153988,177.18284860484818,2.1046433497891366,5.62064857436595,307.8487687532736,-19.733886153002647,23.0,177.18284860484818,2.1046433497891366,5.62064857436595,300.3773070866936,54.80206378922982,82.2863984153988,177.18284860484818,2.1046433497891366,5.62064857436595,300.3773070866936,54.80206378922982,23.0,177.18284860484818,2.1046433497891366,5.62064857436595,361.93797918002775,61.864156817191024,82.2863984153988,177.18284860484818,2.1046433497891366,5.62064857436595,361.93797918002775,61.864156817191024,23.0,177.18284860484818,2.1046433497891366,5.62064857436595
2026-04-30 10:58:59,230,main_loop,0,P3,297.005126953125,-17.6822452545166,355.0054016113281,177.7588653564453,0.27932384610176086,88.67860412597656,297.005126953125,-17.6822452545166,355.0054016113281,177.7588653564453,0.27932384610176086,88.67860412597656,367.4564873325679,-5.854568377113932,82.2863984153988,-2.107187658821931,-2.8152494721347123,-84.27580905696794,307.8487687532736,-19.733886153002647,82.2863984153988,177.18284860484818,2.1046433497891366,5.62064857436595,307.8487687532736,-19.733886153002647,23.0,177.18284860484818,2.1046433497891366,5.62064857436595,300.3773070866936,54.80206378922982,82.2863984153988,177.18284860484818,2.1046433497891366,5.62064857436595,300.3773070866936,54.80206378922982,23.0,177.18284860484818,2.1046433497891366,5.62064857436595,361.93797918002775,61.864156817191024,82.2863984153988,177.18284860484818,2.1046433497891366,5.62064857436595,361.93797918002775,61.864156817191024,23.0,177.18284860484818,2.1046433497891366,5.62064857436595
2026-04-30 10:58:59,231,main_loop,0,P3,297.005126953125,-17.6822452545166,355.0054016113281,177.7588653564453,0.27932384610176086,88.67860412597656,297.005126953125,-17.6822452545166,355.0054016113281,177.7588653564453,0.27932384610176086,88.67860412597656,367.4564873325679,-5.854568377113932,82.2863984153988,-2.107187658821931,-2.8152494721347123,-84.27580905696794,307.8487687532736,-19.733886153002647,82.2863984153988,177.18284860484818,2.1046433497891366,5.62064857436595,307.8487687532736,-19.733886153002647,23.0,177.18284860484818,2.1046433497891366,5.62064857436595,300.3773070866936,54.80206378922982,82.2863984153988,177.18284860484818,2.1046433497891366,5.62064857436595,300.3773070866936,54.80206378922982,23.0,177.18284860484818,2.1046433497891366,5.62064857436595,361.93797918002775,61.864156817191024,82.2863984153988,177.18284860484818,2.1046433497891366,5.62064857436595,361.93797918002775,61.864156817191024,23.0,177.18284860484818,2.1046433497891366,5.62064857436595
2026-04-30 10:59:00,232,main_loop,-1,P3,,,,,,,,,,,,,367.4903506271707,-5.826399987267472,82.68438489916608,-2.394982684916936,-3.4503077884656905,-84.23060164584697,307.8230153195512,-19.93494138703327,82.68438489916608,176.54668300635333,2.3906389440749685,5.625177787766571,307.8230153195512,-19.93494138703327,23.0,176.54668300635333,2.3906389440749685,5.625177787766571,300.2973125912157,54.54989057409713,82.68438489916608,176.54668300635333,2.3906389440749685,5.625177787766571,300.2973125912157,54.54989057409713,23.0,176.54668300635333,2.3906389440749685,5.625177787766571,361.84470276329836,61.61498653906607,82.68438489916608,176.54668300635333,2.3906389440749685,5.625177787766571,361.84470276329836,61.61498653906607,23.0,176.54668300635333,2.3906389440749685,5.625177787766571
2026-04-30 10:59:00,233,main_loop,-1,P3,,,,,,,,,,,,,367.4903506271707,-5.826399987267472,82.68438489916608,-2.394982684916936,-3.4503077884656905,-84.23060164584697,307.8230153195512,-19.93494138703327,82.68438489916608,176.54668300635333,2.3906389440749685,5.625177787766571,307.8230153195512,-19.93494138703327,23.0,176.54668300635333,2.3906389440749685,5.625177787766571,300.2973125912157,54.54989057409713,82.68438489916608,176.54668300635333,2.3906389440749685,5.625177787766571,300.2973125912157,54.54989057409713,23.0,176.54668300635333,2.3906389440749685,5.625177787766571,361.84470276329836,61.61498653906607,82.68438489916608,176.54668300635333,2.3906389440749685,5.625177787766571,361.84470276329836,61.61498653906607,23.0,176.54668300635333,2.3906389440749685,5.625177787766571
2026-04-30 10:59:00,234,main_loop,-1,P3,,,,,,,,,,,,,367.4903506271707,-5.826399987267472,82.68438489916608,-2.394982684916936,-3.4503077884656905,-84.23060164584697,307.8230153195512,-19.93494138703327,82.68438489916608,176.54668300635333,2.3906389440749685,5.625177787766571,307.8230153195512,-19.93494138703327,23.0,176.54668300635333,2.3906389440749685,5.625177787766571,300.2973125912157,54.54989057409713,82.68438489916608,176.54668300635333,2.3906389440749685,5.625177787766571,300.2973125912157,54.54989057409713,23.0,176.54668300635333,2.3906389440749685,5.625177787766571,361.84470276329836,61.61498653906607,82.68438489916608,176.54668300635333,2.3906389440749685,5.625177787766571,361.84470276329836,61.61498653906607,23.0,176.54668300635333,2.3906389440749685,5.625177787766571
2026-04-30 10:59:01,235,main_loop,-1,P3,,,,,,,,,,,,,367.4903506271707,-5.826399987267472,82.68438489916608,-2.394982684916936,-3.4503077884656905,-84.23060164584697,307.8230153195512,-19.93494138703327,82.68438489916608,176.54668300635333,2.3906389440749685,5.625177787766571,307.8230153195512,-19.93494138703327,23.0,176.54668300635333,2.3906389440749685,5.625177787766571,300.2973125912157,54.54989057409713,82.68438489916608,176.54668300635333,2.3906389440749685,5.625177787766571,300.2973125912157,54.54989057409713,23.0,176.54668300635333,2.3906389440749685,5.625177787766571,361.84470276329836,61.61498653906607,82.68438489916608,176.54668300635333,2.3906389440749685,5.625177787766571,361.84470276329836,61.61498653906607,23.0,176.54668300635333,2.3906389440749685,5.625177787766571
2026-04-30 10:59:01,236,main_loop,-1,P3,,,,,,,,,,,,,367.4903506271707,-5.826399987267472,82.68438489916608,-2.394982684916936,-3.4503077884656905,-84.23060164584697,307.8230153195512,-19.93494138703327,82.68438489916608,176.54668300635333,2.3906389440749685,5.625177787766571,307.8230153195512,-19.93494138703327,23.0,176.54668300635333,2.3906389440749685,5.625177787766571,300.2973125912157,54.54989057409713,82.68438489916608,176.54668300635333,2.3906389440749685,5.625177787766571,300.2973125912157,54.54989057409713,23.0,176.54668300635333,2.3906389440749685,5.625177787766571,361.84470276329836,61.61498653906607,82.68438489916608,176.54668300635333,2.3906389440749685,5.625177787766571,361.84470276329836,61.61498653906607,23.0,176.54668300635333,2.3906389440749685,5.625177787766571
2026-04-30 10:59:01,237,main_loop,-1,P3,,,,,,,,,,,,,367.4903506271707,-5.826399987267472,82.68438489916608,-2.394982684916936,-3.4503077884656905,-84.23060164584697,307.8230153195512,-19.93494138703327,82.68438489916608,176.54668300635333,2.3906389440749685,5.625177787766571,307.8230153195512,-19.93494138703327,23.0,176.54668300635333,2.3906389440749685,5.625177787766571,300.2973125912157,54.54989057409713,82.68438489916608,176.54668300635333,2.3906389440749685,5.625177787766571,300.2973125912157,54.54989057409713,23.0,176.54668300635333,2.3906389440749685,5.625177787766571,361.84470276329836,61.61498653906607,82.68438489916608,176.54668300635333,2.3906389440749685,5.625177787766571,361.84470276329836,61.61498653906607,23.0,176.54668300635333,2.3906389440749685,5.625177787766571
2026-04-30 10:59:02,238,main_loop,-1,P3,,,,,,,,,,,,,367.4903506271707,-5.826399987267472,82.68438489916608,-2.394982684916936,-3.4503077884656905,-84.23060164584697,307.8230153195512,-19.93494138703327,82.68438489916608,176.54668300635333,2.3906389440749685,5.625177787766571,307.8230153195512,-19.93494138703327,23.0,176.54668300635333,2.3906389440749685,5.625177787766571,300.2973125912157,54.54989057409713,82.68438489916608,176.54668300635333,2.3906389440749685,5.625177787766571,300.2973125912157,54.54989057409713,23.0,176.54668300635333,2.3906389440749685,5.625177787766571,361.84470276329836,61.61498653906607,82.68438489916608,176.54668300635333,2.3906389440749685,5.625177787766571,361.84470276329836,61.61498653906607,23.0,176.54668300635333,2.3906389440749685,5.625177787766571
2026-04-30 10:59:02,239,main_loop,-1,P3,,,,,,,,,,,,,367.4903506271707,-5.826399987267472,82.68438489916608,-2.394982684916936,-3.4503077884656905,-84.23060164584697,307.8230153195512,-19.93494138703327,82.68438489916608,176.54668300635333,2.3906389440749685,5.625177787766571,307.8230153195512,-19.93494138703327,23.0,176.54668300635333,2.3906389440749685,5.625177787766571,300.2973125912157,54.54989057409713,82.68438489916608,176.54668300635333,2.3906389440749685,5.625177787766571,300.2973125912157,54.54989057409713,23.0,176.54668300635333,2.3906389440749685,5.625177787766571,361.84470276329836,61.61498653906607,82.68438489916608,176.54668300635333,2.3906389440749685,5.625177787766571,361.84470276329836,61.61498653906607,23.0,176.54668300635333,2.3906389440749685,5.625177787766571
2026-04-30 10:59:02,240,main_loop,-1,P3,,,,,,,,,,,,,367.4903506271707,-5.826399987267472,82.68438489916608,-2.394982684916936,-3.4503077884656905,-84.23060164584697,307.8230153195512,-19.93494138703327,82.68438489916608,176.54668300635333,2.3906389440749685,5.625177787766571,307.8230153195512,-19.93494138703327,23.0,176.54668300635333,2.3906389440749685,5.625177787766571,300.2973125912157,54.54989057409713,82.68438489916608,176.54668300635333,2.3906389440749685,5.625177787766571,300.2973125912157,54.54989057409713,23.0,176.54668300635333,2.3906389440749685,5.625177787766571,361.84470276329836,61.61498653906607,82.68438489916608,176.54668300635333,2.3906389440749685,5.625177787766571,361.84470276329836,61.61498653906607,23.0,176.54668300635333,2.3906389440749685,5.625177787766571
2026-04-30 10:59:03,241,main_loop,-1,P3,,,,,,,,,,,,,367.4903506271707,-5.826399987267472,82.68438489916608,-2.394982684916936,-3.4503077884656905,-84.23060164584697,307.8230153195512,-19.93494138703327,82.68438489916608,176.54668300635333,2.3906389440749685,5.625177787766571,307.8230153195512,-19.93494138703327,23.0,176.54668300635333,2.3906389440749685,5.625177787766571,300.2973125912157,54.54989057409713,82.68438489916608,176.54668300635333,2.3906389440749685,5.625177787766571,300.2973125912157,54.54989057409713,23.0,176.54668300635333,2.3906389440749685,5.625177787766571,361.84470276329836,61.61498653906607,82.68438489916608,176.54668300635333,2.3906389440749685,5.625177787766571,361.84470276329836,61.61498653906607,23.0,176.54668300635333,2.3906389440749685,5.625177787766571
2026-04-30 10:59:03,242,main_loop,-1,P3,,,,,,,,,,,,,367.4903506271707,-5.826399987267472,82.68438489916608,-2.394982684916936,-3.4503077884656905,-84.23060164584697,307.8230153195512,-19.93494138703327,82.68438489916608,176.54668300635333,2.3906389440749685,5.625177787766571,307.8230153195512,-19.93494138703327,23.0,176.54668300635333,2.3906389440749685,5.625177787766571,300.2973125912157,54.54989057409713,82.68438489916608,176.54668300635333,2.3906389440749685,5.625177787766571,300.2973125912157,54.54989057409713,23.0,176.54668300635333,2.3906389440749685,5.625177787766571,361.84470276329836,61.61498653906607,82.68438489916608,176.54668300635333,2.3906389440749685,5.625177787766571,361.84470276329836,61.61498653906607,23.0,176.54668300635333,2.3906389440749685,5.625177787766571
2026-04-30 10:59:03,243,main_loop,-1,P3,,,,,,,,,,,,,367.4903506271707,-5.826399987267472,82.68438489916608,-2.394982684916936,-3.4503077884656905,-84.23060164584697,307.8230153195512,-19.93494138703327,82.68438489916608,176.54668300635333,2.3906389440749685,5.625177787766571,307.8230153195512,-19.93494138703327,23.0,176.54668300635333,2.3906389440749685,5.625177787766571,300.2973125912157,54.54989057409713,82.68438489916608,176.54668300635333,2.3906389440749685,5.625177787766571,300.2973125912157,54.54989057409713,23.0,176.54668300635333,2.3906389440749685,5.625177787766571,361.84470276329836,61.61498653906607,82.68438489916608,176.54668300635333,2.3906389440749685,5.625177787766571,361.84470276329836,61.61498653906607,23.0,176.54668300635333,2.3906389440749685,5.625177787766571
2026-04-30 10:59:04,244,main_loop,-1,P3,,,,,,,,,,,,,367.4903506271707,-5.826399987267472,82.68438489916608,-2.394982684916936,-3.4503077884656905,-84.23060164584697,307.8230153195512,-19.93494138703327,82.68438489916608,176.54668300635333,2.3906389440749685,5.625177787766571,307.8230153195512,-19.93494138703327,23.0,176.54668300635333,2.3906389440749685,5.625177787766571,300.2973125912157,54.54989057409713,82.68438489916608,176.54668300635333,2.3906389440749685,5.625177787766571,300.2973125912157,54.54989057409713,23.0,176.54668300635333,2.3906389440749685,5.625177787766571,361.84470276329836,61.61498653906607,82.68438489916608,176.54668300635333,2.3906389440749685,5.625177787766571,361.84470276329836,61.61498653906607,23.0,176.54668300635333,2.3906389440749685,5.625177787766571
2026-04-30 10:59:04,245,main_loop,-1,P3,,,,,,,,,,,,,367.4903506271707,-5.826399987267472,82.68438489916608,-2.394982684916936,-3.4503077884656905,-84.23060164584697,307.8230153195512,-19.93494138703327,82.68438489916608,176.54668300635333,2.3906389440749685,5.625177787766571,307.8230153195512,-19.93494138703327,23.0,176.54668300635333,2.3906389440749685,5.625177787766571,300.2973125912157,54.54989057409713,82.68438489916608,176.54668300635333,2.3906389440749685,5.625177787766571,300.2973125912157,54.54989057409713,23.0,176.54668300635333,2.3906389440749685,5.625177787766571,361.84470276329836,61.61498653906607,82.68438489916608,176.54668300635333,2.3906389440749685,5.625177787766571,361.84470276329836,61.61498653906607,23.0,176.54668300635333,2.3906389440749685,5.625177787766571
2026-04-30 10:59:04,246,main_loop,-1,P3,,,,,,,,,,,,,367.4903506271707,-5.826399987267472,82.68438489916608,-2.394982684916936,-3.4503077884656905,-84.23060164584697,307.8230153195512,-19.93494138703327,82.68438489916608,176.54668300635333,2.3906389440749685,5.625177787766571,307.8230153195512,-19.93494138703327,23.0,176.54668300635333,2.3906389440749685,5.625177787766571,300.2973125912157,54.54989057409713,82.68438489916608,176.54668300635333,2.3906389440749685,5.625177787766571,300.2973125912157,54.54989057409713,23.0,176.54668300635333,2.3906389440749685,5.625177787766571,361.84470276329836,61.61498653906607,82.68438489916608,176.54668300635333,2.3906389440749685,5.625177787766571,361.84470276329836,61.61498653906607,23.0,176.54668300635333,2.3906389440749685,5.625177787766571
2026-04-30 10:59:05,247,main_loop,-1,P3,,,,,,,,,,,,,367.4903506271707,-5.826399987267472,82.68438489916608,-2.394982684916936,-3.4503077884656905,-84.23060164584697,307.8230153195512,-19.93494138703327,82.68438489916608,176.54668300635333,2.3906389440749685,5.625177787766571,307.8230153195512,-19.93494138703327,23.0,176.54668300635333,2.3906389440749685,5.625177787766571,300.2973125912157,54.54989057409713,82.68438489916608,176.54668300635333,2.3906389440749685,5.625177787766571,300.2973125912157,54.54989057409713,23.0,176.54668300635333,2.3906389440749685,5.625177787766571,361.84470276329836,61.61498653906607,82.68438489916608,176.54668300635333,2.3906389440749685,5.625177787766571,361.84470276329836,61.61498653906607,23.0,176.54668300635333,2.3906389440749685,5.625177787766571
2026-04-30 10:59:05,248,main_loop,-1,P3,,,,,,,,,,,,,367.4903506271707,-5.826399987267472,82.68438489916608,-2.394982684916936,-3.4503077884656905,-84.23060164584697,307.8230153195512,-19.93494138703327,82.68438489916608,176.54668300635333,2.3906389440749685,5.625177787766571,307.8230153195512,-19.93494138703327,23.0,176.54668300635333,2.3906389440749685,5.625177787766571,300.2973125912157,54.54989057409713,82.68438489916608,176.54668300635333,2.3906389440749685,5.625177787766571,300.2973125912157,54.54989057409713,23.0,176.54668300635333,2.3906389440749685,5.625177787766571,361.84470276329836,61.61498653906607,82.68438489916608,176.54668300635333,2.3906389440749685,5.625177787766571,361.84470276329836,61.61498653906607,23.0,176.54668300635333,2.3906389440749685,5.625177787766571
2026-04-30 10:59:05,249,main_loop,-1,P3,,,,,,,,,,,,,367.4903506271707,-5.826399987267472,82.68438489916608,-2.394982684916936,-3.4503077884656905,-84.23060164584697,307.8230153195512,-19.93494138703327,82.68438489916608,176.54668300635333,2.3906389440749685,5.625177787766571,307.8230153195512,-19.93494138703327,23.0,176.54668300635333,2.3906389440749685,5.625177787766571,300.2973125912157,54.54989057409713,82.68438489916608,176.54668300635333,2.3906389440749685,5.625177787766571,300.2973125912157,54.54989057409713,23.0,176.54668300635333,2.3906389440749685,5.625177787766571,361.84470276329836,61.61498653906607,82.68438489916608,176.54668300635333,2.3906389440749685,5.625177787766571,361.84470276329836,61.61498653906607,23.0,176.54668300635333,2.3906389440749685,5.625177787766571
2026-04-30 10:59:06,250,main_loop,-1,P3,,,,,,,,,,,,,367.4903506271707,-5.826399987267472,82.68438489916608,-2.394982684916936,-3.4503077884656905,-84.23060164584697,307.8230153195512,-19.93494138703327,82.68438489916608,176.54668300635333,2.3906389440749685,5.625177787766571,307.8230153195512,-19.93494138703327,23.0,176.54668300635333,2.3906389440749685,5.625177787766571,300.2973125912157,54.54989057409713,82.68438489916608,176.54668300635333,2.3906389440749685,5.625177787766571,300.2973125912157,54.54989057409713,23.0,176.54668300635333,2.3906389440749685,5.625177787766571,361.84470276329836,61.61498653906607,82.68438489916608,176.54668300635333,2.3906389440749685,5.625177787766571,361.84470276329836,61.61498653906607,23.0,176.54668300635333,2.3906389440749685,5.625177787766571
2026-04-30 10:59:06,251,main_loop,-1,P3,,,,,,,,,,,,,367.4903506271707,-5.826399987267472,82.68438489916608,-2.394982684916936,-3.4503077884656905,-84.23060164584697,307.8230153195512,-19.93494138703327,82.68438489916608,176.54668300635333,2.3906389440749685,5.625177787766571,307.8230153195512,-19.93494138703327,23.0,176.54668300635333,2.3906389440749685,5.625177787766571,300.2973125912157,54.54989057409713,82.68438489916608,176.54668300635333,2.3906389440749685,5.625177787766571,300.2973125912157,54.54989057409713,23.0,176.54668300635333,2.3906389440749685,5.625177787766571,361.84470276329836,61.61498653906607,82.68438489916608,176.54668300635333,2.3906389440749685,5.625177787766571,361.84470276329836,61.61498653906607,23.0,176.54668300635333,2.3906389440749685,5.625177787766571
2026-04-30 10:59:06,252,main_loop,-1,P3,,,,,,,,,,,,,367.4903506271707,-5.826399987267472,82.68438489916608,-2.394982684916936,-3.4503077884656905,-84.23060164584697,307.8230153195512,-19.93494138703327,82.68438489916608,176.54668300635333,2.3906389440749685,5.625177787766571,307.8230153195512,-19.93494138703327,23.0,176.54668300635333,2.3906389440749685,5.625177787766571,300.2973125912157,54.54989057409713,82.68438489916608,176.54668300635333,2.3906389440749685,5.625177787766571,300.2973125912157,54.54989057409713,23.0,176.54668300635333,2.3906389440749685,5.625177787766571,361.84470276329836,61.61498653906607,82.68438489916608,176.54668300635333,2.3906389440749685,5.625177787766571,361.84470276329836,61.61498653906607,23.0,176.54668300635333,2.3906389440749685,5.625177787766571
2026-04-30 10:59:07,253,main_loop,-1,P3,,,,,,,,,,,,,367.4903506271707,-5.826399987267472,82.68438489916608,-2.394982684916936,-3.4503077884656905,-84.23060164584697,307.8230153195512,-19.93494138703327,82.68438489916608,176.54668300635333,2.3906389440749685,5.625177787766571,307.8230153195512,-19.93494138703327,23.0,176.54668300635333,2.3906389440749685,5.625177787766571,300.2973125912157,54.54989057409713,82.68438489916608,176.54668300635333,2.3906389440749685,5.625177787766571,300.2973125912157,54.54989057409713,23.0,176.54668300635333,2.3906389440749685,5.625177787766571,361.84470276329836,61.61498653906607,82.68438489916608,176.54668300635333,2.3906389440749685,5.625177787766571,361.84470276329836,61.61498653906607,23.0,176.54668300635333,2.3906389440749685,5.625177787766571
2026-04-30 10:59:07,254,main_loop,-1,P3,,,,,,,,,,,,,367.4903506271707,-5.826399987267472,82.68438489916608,-2.394982684916936,-3.4503077884656905,-84.23060164584697,307.8230153195512,-19.93494138703327,82.68438489916608,176.54668300635333,2.3906389440749685,5.625177787766571,307.8230153195512,-19.93494138703327,23.0,176.54668300635333,2.3906389440749685,5.625177787766571,300.2973125912157,54.54989057409713,82.68438489916608,176.54668300635333,2.3906389440749685,5.625177787766571,300.2973125912157,54.54989057409713,23.0,176.54668300635333,2.3906389440749685,5.625177787766571,361.84470276329836,61.61498653906607,82.68438489916608,176.54668300635333,2.3906389440749685,5.625177787766571,361.84470276329836,61.61498653906607,23.0,176.54668300635333,2.3906389440749685,5.625177787766571
2026-04-30 10:59:07,255,main_loop,-1,P3,,,,,,,,,,,,,367.4903506271707,-5.826399987267472,82.68438489916608,-2.394982684916936,-3.4503077884656905,-84.23060164584697,307.8230153195512,-19.93494138703327,82.68438489916608,176.54668300635333,2.3906389440749685,5.625177787766571,307.8230153195512,-19.93494138703327,23.0,176.54668300635333,2.3906389440749685,5.625177787766571,300.2973125912157,54.54989057409713,82.68438489916608,176.54668300635333,2.3906389440749685,5.625177787766571,300.2973125912157,54.54989057409713,23.0,176.54668300635333,2.3906389440749685,5.625177787766571,361.84470276329836,61.61498653906607,82.68438489916608,176.54668300635333,2.3906389440749685,5.625177787766571,361.84470276329836,61.61498653906607,23.0,176.54668300635333,2.3906389440749685,5.625177787766571
2026-04-30 10:59:08,256,main_loop,-1,P3,,,,,,,,,,,,,367.4903506271707,-5.826399987267472,82.68438489916608,-2.394982684916936,-3.4503077884656905,-84.23060164584697,307.8230153195512,-19.93494138703327,82.68438489916608,176.54668300635333,2.3906389440749685,5.625177787766571,307.8230153195512,-19.93494138703327,23.0,176.54668300635333,2.3906389440749685,5.625177787766571,300.2973125912157,54.54989057409713,82.68438489916608,176.54668300635333,2.3906389440749685,5.625177787766571,300.2973125912157,54.54989057409713,23.0,176.54668300635333,2.3906389440749685,5.625177787766571,361.84470276329836,61.61498653906607,82.68438489916608,176.54668300635333,2.3906389440749685,5.625177787766571,361.84470276329836,61.61498653906607,23.0,176.54668300635333,2.3906389440749685,5.625177787766571
2026-04-30 10:59:08,257,main_loop,-1,P3,,,,,,,,,,,,,367.4903506271707,-5.826399987267472,82.68438489916608,-2.394982684916936,-3.4503077884656905,-84.23060164584697,307.8230153195512,-19.93494138703327,82.68438489916608,176.54668300635333,2.3906389440749685,5.625177787766571,307.8230153195512,-19.93494138703327,23.0,176.54668300635333,2.3906389440749685,5.625177787766571,300.2973125912157,54.54989057409713,82.68438489916608,176.54668300635333,2.3906389440749685,5.625177787766571,300.2973125912157,54.54989057409713,23.0,176.54668300635333,2.3906389440749685,5.625177787766571,361.84470276329836,61.61498653906607,82.68438489916608,176.54668300635333,2.3906389440749685,5.625177787766571,361.84470276329836,61.61498653906607,23.0,176.54668300635333,2.3906389440749685,5.625177787766571
2026-04-30 10:59:08,258,main_loop,-1,P3,,,,,,,,,,,,,367.4903506271707,-5.826399987267472,82.68438489916608,-2.394982684916936,-3.4503077884656905,-84.23060164584697,307.8230153195512,-19.93494138703327,82.68438489916608,176.54668300635333,2.3906389440749685,5.625177787766571,307.8230153195512,-19.93494138703327,23.0,176.54668300635333,2.3906389440749685,5.625177787766571,300.2973125912157,54.54989057409713,82.68438489916608,176.54668300635333,2.3906389440749685,5.625177787766571,300.2973125912157,54.54989057409713,23.0,176.54668300635333,2.3906389440749685,5.625177787766571,361.84470276329836,61.61498653906607,82.68438489916608,176.54668300635333,2.3906389440749685,5.625177787766571,361.84470276329836,61.61498653906607,23.0,176.54668300635333,2.3906389440749685,5.625177787766571
2026-04-30 10:59:09,259,main_loop,-1,P3,,,,,,,,,,,,,367.4903506271707,-5.826399987267472,82.68438489916608,-2.394982684916936,-3.4503077884656905,-84.23060164584697,307.8230153195512,-19.93494138703327,82.68438489916608,176.54668300635333,2.3906389440749685,5.625177787766571,307.8230153195512,-19.93494138703327,23.0,176.54668300635333,2.3906389440749685,5.625177787766571,300.2973125912157,54.54989057409713,82.68438489916608,176.54668300635333,2.3906389440749685,5.625177787766571,300.2973125912157,54.54989057409713,23.0,176.54668300635333,2.3906389440749685,5.625177787766571,361.84470276329836,61.61498653906607,82.68438489916608,176.54668300635333,2.3906389440749685,5.625177787766571,361.84470276329836,61.61498653906607,23.0,176.54668300635333,2.3906389440749685,5.625177787766571
2026-04-30 10:59:09,260,main_loop,-1,P3,,,,,,,,,,,,,367.4903506271707,-5.826399987267472,82.68438489916608,-2.394982684916936,-3.4503077884656905,-84.23060164584697,307.8230153195512,-19.93494138703327,82.68438489916608,176.54668300635333,2.3906389440749685,5.625177787766571,307.8230153195512,-19.93494138703327,23.0,176.54668300635333,2.3906389440749685,5.625177787766571,300.2973125912157,54.54989057409713,82.68438489916608,176.54668300635333,2.3906389440749685,5.625177787766571,300.2973125912157,54.54989057409713,23.0,176.54668300635333,2.3906389440749685,5.625177787766571,361.84470276329836,61.61498653906607,82.68438489916608,176.54668300635333,2.3906389440749685,5.625177787766571,361.84470276329836,61.61498653906607,23.0,176.54668300635333,2.3906389440749685,5.625177787766571
2026-04-30 10:59:09,261,main_loop,-1,P3,,,,,,,,,,,,,367.4903506271707,-5.826399987267472,82.68438489916608,-2.394982684916936,-3.4503077884656905,-84.23060164584697,307.8230153195512,-19.93494138703327,82.68438489916608,176.54668300635333,2.3906389440749685,5.625177787766571,307.8230153195512,-19.93494138703327,23.0,176.54668300635333,2.3906389440749685,5.625177787766571,300.2973125912157,54.54989057409713,82.68438489916608,176.54668300635333,2.3906389440749685,5.625177787766571,300.2973125912157,54.54989057409713,23.0,176.54668300635333,2.3906389440749685,5.625177787766571,361.84470276329836,61.61498653906607,82.68438489916608,176.54668300635333,2.3906389440749685,5.625177787766571,361.84470276329836,61.61498653906607,23.0,176.54668300635333,2.3906389440749685,5.625177787766571
2026-04-30 10:59:10,262,main_loop,-1,P3,,,,,,,,,,,,,367.4903506271707,-5.826399987267472,82.68438489916608,-2.394982684916936,-3.4503077884656905,-84.23060164584697,307.8230153195512,-19.93494138703327,82.68438489916608,176.54668300635333,2.3906389440749685,5.625177787766571,307.8230153195512,-19.93494138703327,23.0,176.54668300635333,2.3906389440749685,5.625177787766571,300.2973125912157,54.54989057409713,82.68438489916608,176.54668300635333,2.3906389440749685,5.625177787766571,300.2973125912157,54.54989057409713,23.0,176.54668300635333,2.3906389440749685,5.625177787766571,361.84470276329836,61.61498653906607,82.68438489916608,176.54668300635333,2.3906389440749685,5.625177787766571,361.84470276329836,61.61498653906607,23.0,176.54668300635333,2.3906389440749685,5.625177787766571
2026-04-30 10:59:10,263,main_loop,-1,P3,,,,,,,,,,,,,367.4903506271707,-5.826399987267472,82.68438489916608,-2.394982684916936,-3.4503077884656905,-84.23060164584697,307.8230153195512,-19.93494138703327,82.68438489916608,176.54668300635333,2.3906389440749685,5.625177787766571,307.8230153195512,-19.93494138703327,23.0,176.54668300635333,2.3906389440749685,5.625177787766571,300.2973125912157,54.54989057409713,82.68438489916608,176.54668300635333,2.3906389440749685,5.625177787766571,300.2973125912157,54.54989057409713,23.0,176.54668300635333,2.3906389440749685,5.625177787766571,361.84470276329836,61.61498653906607,82.68438489916608,176.54668300635333,2.3906389440749685,5.625177787766571,361.84470276329836,61.61498653906607,23.0,176.54668300635333,2.3906389440749685,5.625177787766571
2026-04-30 10:59:10,264,main_loop,-1,P3,,,,,,,,,,,,,367.4903506271707,-5.826399987267472,82.68438489916608,-2.394982684916936,-3.4503077884656905,-84.23060164584697,307.8230153195512,-19.93494138703327,82.68438489916608,176.54668300635333,2.3906389440749685,5.625177787766571,307.8230153195512,-19.93494138703327,23.0,176.54668300635333,2.3906389440749685,5.625177787766571,300.2973125912157,54.54989057409713,82.68438489916608,176.54668300635333,2.3906389440749685,5.625177787766571,300.2973125912157,54.54989057409713,23.0,176.54668300635333,2.3906389440749685,5.625177787766571,361.84470276329836,61.61498653906607,82.68438489916608,176.54668300635333,2.3906389440749685,5.625177787766571,361.84470276329836,61.61498653906607,23.0,176.54668300635333,2.3906389440749685,5.625177787766571
2026-04-30 10:59:11,265,main_loop,-1,P3,,,,,,,,,,,,,367.4903506271707,-5.826399987267472,82.68438489916608,-2.394982684916936,-3.4503077884656905,-84.23060164584697,307.8230153195512,-19.93494138703327,82.68438489916608,176.54668300635333,2.3906389440749685,5.625177787766571,307.8230153195512,-19.93494138703327,23.0,176.54668300635333,2.3906389440749685,5.625177787766571,300.2973125912157,54.54989057409713,82.68438489916608,176.54668300635333,2.3906389440749685,5.625177787766571,300.2973125912157,54.54989057409713,23.0,176.54668300635333,2.3906389440749685,5.625177787766571,361.84470276329836,61.61498653906607,82.68438489916608,176.54668300635333,2.3906389440749685,5.625177787766571,361.84470276329836,61.61498653906607,23.0,176.54668300635333,2.3906389440749685,5.625177787766571
2026-04-30 10:59:11,266,main_loop,-1,P3,,,,,,,,,,,,,367.4903506271707,-5.826399987267472,82.68438489916608,-2.394982684916936,-3.4503077884656905,-84.23060164584697,307.8230153195512,-19.93494138703327,82.68438489916608,176.54668300635333,2.3906389440749685,5.625177787766571,307.8230153195512,-19.93494138703327,23.0,176.54668300635333,2.3906389440749685,5.625177787766571,300.2973125912157,54.54989057409713,82.68438489916608,176.54668300635333,2.3906389440749685,5.625177787766571,300.2973125912157,54.54989057409713,23.0,176.54668300635333,2.3906389440749685,5.625177787766571,361.84470276329836,61.61498653906607,82.68438489916608,176.54668300635333,2.3906389440749685,5.625177787766571,361.84470276329836,61.61498653906607,23.0,176.54668300635333,2.3906389440749685,5.625177787766571
2026-04-30 11:27:44,1,wait_for_arrival,-1,,,,,,,,,,,,,,,,,,,,,,,,,,,,,,,,,,,,,,,,,,,,,,,,,,,,,,,
2026-04-30 11:27:44,2,wait_for_arrival,0,,296.9989318847656,-17.679372787475586,355.0003967285156,177.76004028320312,0.2798497676849365,88.68022918701172,296.9989318847656,-17.679372787475586,355.0003967285156,177.76004028320312,0.2798497676849365,88.68022918701172,,,,,,,,,,,,,,,,,,,,,,,,,,,,,,,,,,,,,,,,,,
2026-04-30 11:27:44,3,wait_for_arrival,0,,296.9989318847656,-17.679372787475586,355.0003967285156,177.76004028320312,0.2798497676849365,88.68022918701172,296.9989318847656,-17.679372787475586,355.0003967285156,177.76004028320312,0.2798497676849365,88.68022918701172,,,,,,,,,,,,,,,,,,,,,,,,,,,,,,,,,,,,,,,,,,
2026-04-30 11:27:44,4,main_loop,0,,296.9989318847656,-17.679372787475586,355.0003967285156,177.76004028320312,0.2798497676849365,88.68022918701172,296.9989318847656,-17.679372787475586,355.0003967285156,177.76004028320312,0.2798497676849365,88.68022918701172,,,,,,,,,,,,,,,,,,,,,,,,,,,,,,,,,,,,,,,,,,
2026-04-30 11:27:45,5,main_loop,0,P1,296.9989318847656,-17.679372787475586,355.0003967285156,177.76004028320312,0.2798497676849365,88.68022918701172,296.9989318847656,-17.679372787475586,355.0003967285156,177.76004028320312,0.2798497676849365,88.68022918701172,367.48507142991537,-5.835854252038828,82.65716473933705,-2.30746120365499,-3.3061419490310393,-84.2400883380151,307.8382670085738,-19.89451647880988,82.65716473933705,176.69118108403697,2.303618685497139,5.626766209486868,307.8382670085738,-19.89451647880988,23.0,176.69118108403697,2.303618685497139,5.626766209486868,300.32378110408627,54.60262464298168,82.65716473933705,176.69118108403697,2.303618685497139,5.626766209486868,300.32378110408627,54.60262464298168,23.0,176.69118108403697,2.303618685497139,5.626766209486868,361.874990295763,61.669971911222106,82.65716473933705,176.69118108403697,2.303618685497139,5.626766209486868,361.874990295763,61.669971911222106,23.0,176.69118108403697,2.303618685497139,5.626766209486868
2026-04-30 11:27:45,6,main_loop,0,P1,296.9989318847656,-17.679372787475586,355.0003967285156,177.76004028320312,0.2798497676849365,88.68022918701172,296.9989318847656,-17.679372787475586,355.0003967285156,177.76004028320312,0.2798497676849365,88.68022918701172,367.48224570320536,-5.834498208757692,82.71906914807003,-2.6412049567817113,-3.10880835184022,-84.23018906600385,307.72921411882305,-19.835774449987625,82.71906914807003,176.88789210729033,2.637315264092485,5.626471007987005,307.72921411882305,-19.835774449987625,23.0,176.88789210729033,2.637315264092485,5.626471007987005,300.2004041168843,54.67444686671756,82.71906914807003,176.88789210729033,2.637315264092485,5.626471007987005,300.2004041168843,54.67444686671756,23.0,176.88789210729033,2.637315264092485,5.626471007987005,361.7359638563527,61.740124885187434,82.71906914807003,176.88789210729033,2.637315264092485,5.626471007987005,361.7359638563527,61.740124885187434,23.0,176.88789210729033,2.637315264092485,5.626471007987005
2026-04-30 11:27:45,7,main_loop,-1,P1,,,,,,,,,,,,,367.48224570320536,-5.834498208757692,82.71906914807003,-2.6412049567817113,-3.10880835184022,-84.23018906600385,307.72921411882305,-19.835774449987625,82.71906914807003,176.88789210729033,2.637315264092485,5.626471007987005,307.72921411882305,-19.835774449987625,23.0,176.88789210729033,2.637315264092485,5.626471007987005,300.2004041168843,54.67444686671756,82.71906914807003,176.88789210729033,2.637315264092485,5.626471007987005,300.2004041168843,54.67444686671756,23.0,176.88789210729033,2.637315264092485,5.626471007987005,361.7359638563527,61.740124885187434,82.71906914807003,176.88789210729033,2.637315264092485,5.626471007987005,361.7359638563527,61.740124885187434,23.0,176.88789210729033,2.637315264092485,5.626471007987005
2026-04-30 11:27:46,8,main_loop,-1,P1,,,,,,,,,,,,,367.48224570320536,-5.834498208757692,82.71906914807003,-2.6412049567817113,-3.10880835184022,-84.23018906600385,307.72921411882305,-19.835774449987625,82.71906914807003,176.88789210729033,2.637315264092485,5.626471007987005,307.72921411882305,-19.835774449987625,23.0,176.88789210729033,2.637315264092485,5.626471007987005,300.2004041168843,54.67444686671756,82.71906914807003,176.88789210729033,2.637315264092485,5.626471007987005,300.2004041168843,54.67444686671756,23.0,176.88789210729033,2.637315264092485,5.626471007987005,361.7359638563527,61.740124885187434,82.71906914807003,176.88789210729033,2.637315264092485,5.626471007987005,361.7359638563527,61.740124885187434,23.0,176.88789210729033,2.637315264092485,5.626471007987005
2026-04-30 11:27:46,9,main_loop,-1,P1,,,,,,,,,,,,,367.48224570320536,-5.834498208757692,82.71906914807003,-2.6412049567817113,-3.10880835184022,-84.23018906600385,307.72921411882305,-19.835774449987625,82.71906914807003,176.88789210729033,2.637315264092485,5.626471007987005,307.72921411882305,-19.835774449987625,23.0,176.88789210729033,2.637315264092485,5.626471007987005,300.2004041168843,54.67444686671756,82.71906914807003,176.88789210729033,2.637315264092485,5.626471007987005,300.2004041168843,54.67444686671756,23.0,176.88789210729033,2.637315264092485,5.626471007987005,361.7359638563527,61.740124885187434,82.71906914807003,176.88789210729033,2.637315264092485,5.626471007987005,361.7359638563527,61.740124885187434,23.0,176.88789210729033,2.637315264092485,5.626471007987005
2026-04-30 11:27:46,10,main_loop,-1,P1,,,,,,,,,,,,,367.48224570320536,-5.834498208757692,82.71906914807003,-2.6412049567817113,-3.10880835184022,-84.23018906600385,307.72921411882305,-19.835774449987625,82.71906914807003,176.88789210729033,2.637315264092485,5.626471007987005,307.72921411882305,-19.835774449987625,23.0,176.88789210729033,2.637315264092485,5.626471007987005,300.2004041168843,54.67444686671756,82.71906914807003,176.88789210729033,2.637315264092485,5.626471007987005,300.2004041168843,54.67444686671756,23.0,176.88789210729033,2.637315264092485,5.626471007987005,361.7359638563527,61.740124885187434,82.71906914807003,176.88789210729033,2.637315264092485,5.626471007987005,361.7359638563527,61.740124885187434,23.0,176.88789210729033,2.637315264092485,5.626471007987005
2026-04-30 11:27:47,11,main_loop,-1,P1,,,,,,,,,,,,,367.48224570320536,-5.834498208757692,82.71906914807003,-2.6412049567817113,-3.10880835184022,-84.23018906600385,307.72921411882305,-19.835774449987625,82.71906914807003,176.88789210729033,2.637315264092485,5.626471007987005,307.72921411882305,-19.835774449987625,23.0,176.88789210729033,2.637315264092485,5.626471007987005,300.2004041168843,54.67444686671756,82.71906914807003,176.88789210729033,2.637315264092485,5.626471007987005,300.2004041168843,54.67444686671756,23.0,176.88789210729033,2.637315264092485,5.626471007987005,361.7359638563527,61.740124885187434,82.71906914807003,176.88789210729033,2.637315264092485,5.626471007987005,361.7359638563527,61.740124885187434,23.0,176.88789210729033,2.637315264092485,5.626471007987005
2026-04-30 11:27:47,12,main_loop,-1,P1,,,,,,,,,,,,,367.48224570320536,-5.834498208757692,82.71906914807003,-2.6412049567817113,-3.10880835184022,-84.23018906600385,307.72921411882305,-19.835774449987625,82.71906914807003,176.88789210729033,2.637315264092485,5.626471007987005,307.72921411882305,-19.835774449987625,23.0,176.88789210729033,2.637315264092485,5.626471007987005,300.2004041168843,54.67444686671756,82.71906914807003,176.88789210729033,2.637315264092485,5.626471007987005,300.2004041168843,54.67444686671756,23.0,176.88789210729033,2.637315264092485,5.626471007987005,361.7359638563527,61.740124885187434,82.71906914807003,176.88789210729033,2.637315264092485,5.626471007987005,361.7359638563527,61.740124885187434,23.0,176.88789210729033,2.637315264092485,5.626471007987005
2026-04-30 11:27:47,13,main_loop,-1,P1,,,,,,,,,,,,,367.48224570320536,-5.834498208757692,82.71906914807003,-2.6412049567817113,-3.10880835184022,-84.23018906600385,307.72921411882305,-19.835774449987625,82.71906914807003,176.88789210729033,2.637315264092485,5.626471007987005,307.72921411882305,-19.835774449987625,23.0,176.88789210729033,2.637315264092485,5.626471007987005,300.2004041168843,54.67444686671756,82.71906914807003,176.88789210729033,2.637315264092485,5.626471007987005,300.2004041168843,54.67444686671756,23.0,176.88789210729033,2.637315264092485,5.626471007987005,361.7359638563527,61.740124885187434,82.71906914807003,176.88789210729033,2.637315264092485,5.626471007987005,361.7359638563527,61.740124885187434,23.0,176.88789210729033,2.637315264092485,5.626471007987005
2026-04-30 11:27:48,14,main_loop,-1,P1,,,,,,,,,,,,,367.48224570320536,-5.834498208757692,82.71906914807003,-2.6412049567817113,-3.10880835184022,-84.23018906600385,307.72921411882305,-19.835774449987625,82.71906914807003,176.88789210729033,2.637315264092485,5.626471007987005,307.72921411882305,-19.835774449987625,23.0,176.88789210729033,2.637315264092485,5.626471007987005,300.2004041168843,54.67444686671756,82.71906914807003,176.88789210729033,2.637315264092485,5.626471007987005,300.2004041168843,54.67444686671756,23.0,176.88789210729033,2.637315264092485,5.626471007987005,361.7359638563527,61.740124885187434,82.71906914807003,176.88789210729033,2.637315264092485,5.626471007987005,361.7359638563527,61.740124885187434,23.0,176.88789210729033,2.637315264092485,5.626471007987005
2026-04-30 11:27:48,15,main_loop,-1,P1,,,,,,,,,,,,,367.48224570320536,-5.834498208757692,82.71906914807003,-2.6412049567817113,-3.10880835184022,-84.23018906600385,307.72921411882305,-19.835774449987625,82.71906914807003,176.88789210729033,2.637315264092485,5.626471007987005,307.72921411882305,-19.835774449987625,23.0,176.88789210729033,2.637315264092485,5.626471007987005,300.2004041168843,54.67444686671756,82.71906914807003,176.88789210729033,2.637315264092485,5.626471007987005,300.2004041168843,54.67444686671756,23.0,176.88789210729033,2.637315264092485,5.626471007987005,361.7359638563527,61.740124885187434,82.71906914807003,176.88789210729033,2.637315264092485,5.626471007987005,361.7359638563527,61.740124885187434,23.0,176.88789210729033,2.637315264092485,5.626471007987005
2026-04-30 11:27:48,16,main_loop,-1,P1,,,,,,,,,,,,,367.48224570320536,-5.834498208757692,82.71906914807003,-2.6412049567817113,-3.10880835184022,-84.23018906600385,307.72921411882305,-19.835774449987625,82.71906914807003,176.88789210729033,2.637315264092485,5.626471007987005,307.72921411882305,-19.835774449987625,23.0,176.88789210729033,2.637315264092485,5.626471007987005,300.2004041168843,54.67444686671756,82.71906914807003,176.88789210729033,2.637315264092485,5.626471007987005,300.2004041168843,54.67444686671756,23.0,176.88789210729033,2.637315264092485,5.626471007987005,361.7359638563527,61.740124885187434,82.71906914807003,176.88789210729033,2.637315264092485,5.626471007987005,361.7359638563527,61.740124885187434,23.0,176.88789210729033,2.637315264092485,5.626471007987005
2026-04-30 11:27:49,17,main_loop,-1,P1,,,,,,,,,,,,,367.48224570320536,-5.834498208757692,82.71906914807003,-2.6412049567817113,-3.10880835184022,-84.23018906600385,307.72921411882305,-19.835774449987625,82.71906914807003,176.88789210729033,2.637315264092485,5.626471007987005,307.72921411882305,-19.835774449987625,23.0,176.88789210729033,2.637315264092485,5.626471007987005,300.2004041168843,54.67444686671756,82.71906914807003,176.88789210729033,2.637315264092485,5.626471007987005,300.2004041168843,54.67444686671756,23.0,176.88789210729033,2.637315264092485,5.626471007987005,361.7359638563527,61.740124885187434,82.71906914807003,176.88789210729033,2.637315264092485,5.626471007987005,361.7359638563527,61.740124885187434,23.0,176.88789210729033,2.637315264092485,5.626471007987005
2026-04-30 11:27:49,18,main_loop,-1,P1,,,,,,,,,,,,,367.48224570320536,-5.834498208757692,82.71906914807003,-2.6412049567817113,-3.10880835184022,-84.23018906600385,307.72921411882305,-19.835774449987625,82.71906914807003,176.88789210729033,2.637315264092485,5.626471007987005,307.72921411882305,-19.835774449987625,23.0,176.88789210729033,2.637315264092485,5.626471007987005,300.2004041168843,54.67444686671756,82.71906914807003,176.88789210729033,2.637315264092485,5.626471007987005,300.2004041168843,54.67444686671756,23.0,176.88789210729033,2.637315264092485,5.626471007987005,361.7359638563527,61.740124885187434,82.71906914807003,176.88789210729033,2.637315264092485,5.626471007987005,361.7359638563527,61.740124885187434,23.0,176.88789210729033,2.637315264092485,5.626471007987005
2026-04-30 11:27:49,19,main_loop,-1,P1,,,,,,,,,,,,,367.48224570320536,-5.834498208757692,82.71906914807003,-2.6412049567817113,-3.10880835184022,-84.23018906600385,307.72921411882305,-19.835774449987625,82.71906914807003,176.88789210729033,2.637315264092485,5.626471007987005,307.72921411882305,-19.835774449987625,23.0,176.88789210729033,2.637315264092485,5.626471007987005,300.2004041168843,54.67444686671756,82.71906914807003,176.88789210729033,2.637315264092485,5.626471007987005,300.2004041168843,54.67444686671756,23.0,176.88789210729033,2.637315264092485,5.626471007987005,361.7359638563527,61.740124885187434,82.71906914807003,176.88789210729033,2.637315264092485,5.626471007987005,361.7359638563527,61.740124885187434,23.0,176.88789210729033,2.637315264092485,5.626471007987005
2026-04-30 11:27:50,20,main_loop,-1,P1,,,,,,,,,,,,,367.48224570320536,-5.834498208757692,82.71906914807003,-2.6412049567817113,-3.10880835184022,-84.23018906600385,307.72921411882305,-19.835774449987625,82.71906914807003,176.88789210729033,2.637315264092485,5.626471007987005,307.72921411882305,-19.835774449987625,23.0,176.88789210729033,2.637315264092485,5.626471007987005,300.2004041168843,54.67444686671756,82.71906914807003,176.88789210729033,2.637315264092485,5.626471007987005,300.2004041168843,54.67444686671756,23.0,176.88789210729033,2.637315264092485,5.626471007987005,361.7359638563527,61.740124885187434,82.71906914807003,176.88789210729033,2.637315264092485,5.626471007987005,361.7359638563527,61.740124885187434,23.0,176.88789210729033,2.637315264092485,5.626471007987005
2026-04-30 11:27:50,21,main_loop,-1,P1,,,,,,,,,,,,,367.48224570320536,-5.834498208757692,82.71906914807003,-2.6412049567817113,-3.10880835184022,-84.23018906600385,307.72921411882305,-19.835774449987625,82.71906914807003,176.88789210729033,2.637315264092485,5.626471007987005,307.72921411882305,-19.835774449987625,23.0,176.88789210729033,2.637315264092485,5.626471007987005,300.2004041168843,54.67444686671756,82.71906914807003,176.88789210729033,2.637315264092485,5.626471007987005,300.2004041168843,54.67444686671756,23.0,176.88789210729033,2.637315264092485,5.626471007987005,361.7359638563527,61.740124885187434,82.71906914807003,176.88789210729033,2.637315264092485,5.626471007987005,361.7359638563527,61.740124885187434,23.0,176.88789210729033,2.637315264092485,5.626471007987005
2026-04-30 11:27:50,22,main_loop,-1,P1,,,,,,,,,,,,,367.48224570320536,-5.834498208757692,82.71906914807003,-2.6412049567817113,-3.10880835184022,-84.23018906600385,307.72921411882305,-19.835774449987625,82.71906914807003,176.88789210729033,2.637315264092485,5.626471007987005,307.72921411882305,-19.835774449987625,23.0,176.88789210729033,2.637315264092485,5.626471007987005,300.2004041168843,54.67444686671756,82.71906914807003,176.88789210729033,2.637315264092485,5.626471007987005,300.2004041168843,54.67444686671756,23.0,176.88789210729033,2.637315264092485,5.626471007987005,361.7359638563527,61.740124885187434,82.71906914807003,176.88789210729033,2.637315264092485,5.626471007987005,361.7359638563527,61.740124885187434,23.0,176.88789210729033,2.637315264092485,5.626471007987005
2026-04-30 11:27:51,23,main_loop,-1,P1,,,,,,,,,,,,,367.48224570320536,-5.834498208757692,82.71906914807003,-2.6412049567817113,-3.10880835184022,-84.23018906600385,307.72921411882305,-19.835774449987625,82.71906914807003,176.88789210729033,2.637315264092485,5.626471007987005,307.72921411882305,-19.835774449987625,23.0,176.88789210729033,2.637315264092485,5.626471007987005,300.2004041168843,54.67444686671756,82.71906914807003,176.88789210729033,2.637315264092485,5.626471007987005,300.2004041168843,54.67444686671756,23.0,176.88789210729033,2.637315264092485,5.626471007987005,361.7359638563527,61.740124885187434,82.71906914807003,176.88789210729033,2.637315264092485,5.626471007987005,361.7359638563527,61.740124885187434,23.0,176.88789210729033,2.637315264092485,5.626471007987005
2026-04-30 11:27:51,24,main_loop,-1,P1,,,,,,,,,,,,,367.48224570320536,-5.834498208757692,82.71906914807003,-2.6412049567817113,-3.10880835184022,-84.23018906600385,307.72921411882305,-19.835774449987625,82.71906914807003,176.88789210729033,2.637315264092485,5.626471007987005,307.72921411882305,-19.835774449987625,23.0,176.88789210729033,2.637315264092485,5.626471007987005,300.2004041168843,54.67444686671756,82.71906914807003,176.88789210729033,2.637315264092485,5.626471007987005,300.2004041168843,54.67444686671756,23.0,176.88789210729033,2.637315264092485,5.626471007987005,361.7359638563527,61.740124885187434,82.71906914807003,176.88789210729033,2.637315264092485,5.626471007987005,361.7359638563527,61.740124885187434,23.0,176.88789210729033,2.637315264092485,5.626471007987005
2026-04-30 11:27:51,25,main_loop,-1,P1,,,,,,,,,,,,,367.48224570320536,-5.834498208757692,82.71906914807003,-2.6412049567817113,-3.10880835184022,-84.23018906600385,307.72921411882305,-19.835774449987625,82.71906914807003,176.88789210729033,2.637315264092485,5.626471007987005,307.72921411882305,-19.835774449987625,23.0,176.88789210729033,2.637315264092485,5.626471007987005,300.2004041168843,54.67444686671756,82.71906914807003,176.88789210729033,2.637315264092485,5.626471007987005,300.2004041168843,54.67444686671756,23.0,176.88789210729033,2.637315264092485,5.626471007987005,361.7359638563527,61.740124885187434,82.71906914807003,176.88789210729033,2.637315264092485,5.626471007987005,361.7359638563527,61.740124885187434,23.0,176.88789210729033,2.637315264092485,5.626471007987005
2026-04-30 11:27:52,26,main_loop,-1,P1,,,,,,,,,,,,,367.48224570320536,-5.834498208757692,82.71906914807003,-2.6412049567817113,-3.10880835184022,-84.23018906600385,307.72921411882305,-19.835774449987625,82.71906914807003,176.88789210729033,2.637315264092485,5.626471007987005,307.72921411882305,-19.835774449987625,23.0,176.88789210729033,2.637315264092485,5.626471007987005,300.2004041168843,54.67444686671756,82.71906914807003,176.88789210729033,2.637315264092485,5.626471007987005,300.2004041168843,54.67444686671756,23.0,176.88789210729033,2.637315264092485,5.626471007987005,361.7359638563527,61.740124885187434,82.71906914807003,176.88789210729033,2.637315264092485,5.626471007987005,361.7359638563527,61.740124885187434,23.0,176.88789210729033,2.637315264092485,5.626471007987005
2026-04-30 11:27:52,27,main_loop,-1,P1,,,,,,,,,,,,,367.48224570320536,-5.834498208757692,82.71906914807003,-2.6412049567817113,-3.10880835184022,-84.23018906600385,307.72921411882305,-19.835774449987625,82.71906914807003,176.88789210729033,2.637315264092485,5.626471007987005,307.72921411882305,-19.835774449987625,23.0,176.88789210729033,2.637315264092485,5.626471007987005,300.2004041168843,54.67444686671756,82.71906914807003,176.88789210729033,2.637315264092485,5.626471007987005,300.2004041168843,54.67444686671756,23.0,176.88789210729033,2.637315264092485,5.626471007987005,361.7359638563527,61.740124885187434,82.71906914807003,176.88789210729033,2.637315264092485,5.626471007987005,361.7359638563527,61.740124885187434,23.0,176.88789210729033,2.637315264092485,5.626471007987005
2026-04-30 11:27:52,28,main_loop,-1,P1,,,,,,,,,,,,,367.48224570320536,-5.834498208757692,82.71906914807003,-2.6412049567817113,-3.10880835184022,-84.23018906600385,307.72921411882305,-19.835774449987625,82.71906914807003,176.88789210729033,2.637315264092485,5.626471007987005,307.72921411882305,-19.835774449987625,23.0,176.88789210729033,2.637315264092485,5.626471007987005,300.2004041168843,54.67444686671756,82.71906914807003,176.88789210729033,2.637315264092485,5.626471007987005,300.2004041168843,54.67444686671756,23.0,176.88789210729033,2.637315264092485,5.626471007987005,361.7359638563527,61.740124885187434,82.71906914807003,176.88789210729033,2.637315264092485,5.626471007987005,361.7359638563527,61.740124885187434,23.0,176.88789210729033,2.637315264092485,5.626471007987005
2026-04-30 11:27:53,29,main_loop,-1,P1,,,,,,,,,,,,,367.48224570320536,-5.834498208757692,82.71906914807003,-2.6412049567817113,-3.10880835184022,-84.23018906600385,307.72921411882305,-19.835774449987625,82.71906914807003,176.88789210729033,2.637315264092485,5.626471007987005,307.72921411882305,-19.835774449987625,23.0,176.88789210729033,2.637315264092485,5.626471007987005,300.2004041168843,54.67444686671756,82.71906914807003,176.88789210729033,2.637315264092485,5.626471007987005,300.2004041168843,54.67444686671756,23.0,176.88789210729033,2.637315264092485,5.626471007987005,361.7359638563527,61.740124885187434,82.71906914807003,176.88789210729033,2.637315264092485,5.626471007987005,361.7359638563527,61.740124885187434,23.0,176.88789210729033,2.637315264092485,5.626471007987005
2026-04-30 11:27:53,30,main_loop,-1,P1,,,,,,,,,,,,,367.48224570320536,-5.834498208757692,82.71906914807003,-2.6412049567817113,-3.10880835184022,-84.23018906600385,307.72921411882305,-19.835774449987625,82.71906914807003,176.88789210729033,2.637315264092485,5.626471007987005,307.72921411882305,-19.835774449987625,23.0,176.88789210729033,2.637315264092485,5.626471007987005,300.2004041168843,54.67444686671756,82.71906914807003,176.88789210729033,2.637315264092485,5.626471007987005,300.2004041168843,54.67444686671756,23.0,176.88789210729033,2.637315264092485,5.626471007987005,361.7359638563527,61.740124885187434,82.71906914807003,176.88789210729033,2.637315264092485,5.626471007987005,361.7359638563527,61.740124885187434,23.0,176.88789210729033,2.637315264092485,5.626471007987005
2026-04-30 11:27:53,31,main_loop,-1,P1,,,,,,,,,,,,,367.48224570320536,-5.834498208757692,82.71906914807003,-2.6412049567817113,-3.10880835184022,-84.23018906600385,307.72921411882305,-19.835774449987625,82.71906914807003,176.88789210729033,2.637315264092485,5.626471007987005,307.72921411882305,-19.835774449987625,23.0,176.88789210729033,2.637315264092485,5.626471007987005,300.2004041168843,54.67444686671756,82.71906914807003,176.88789210729033,2.637315264092485,5.626471007987005,300.2004041168843,54.67444686671756,23.0,176.88789210729033,2.637315264092485,5.626471007987005,361.7359638563527,61.740124885187434,82.71906914807003,176.88789210729033,2.637315264092485,5.626471007987005,361.7359638563527,61.740124885187434,23.0,176.88789210729033,2.637315264092485,5.626471007987005
2026-04-30 11:27:54,32,main_loop,-1,P1,,,,,,,,,,,,,367.48224570320536,-5.834498208757692,82.71906914807003,-2.6412049567817113,-3.10880835184022,-84.23018906600385,307.72921411882305,-19.835774449987625,82.71906914807003,176.88789210729033,2.637315264092485,5.626471007987005,307.72921411882305,-19.835774449987625,23.0,176.88789210729033,2.637315264092485,5.626471007987005,300.2004041168843,54.67444686671756,82.71906914807003,176.88789210729033,2.637315264092485,5.626471007987005,300.2004041168843,54.67444686671756,23.0,176.88789210729033,2.637315264092485,5.626471007987005,361.7359638563527,61.740124885187434,82.71906914807003,176.88789210729033,2.637315264092485,5.626471007987005,361.7359638563527,61.740124885187434,23.0,176.88789210729033,2.637315264092485,5.626471007987005
2026-04-30 11:27:54,33,main_loop,-1,P1,,,,,,,,,,,,,367.48224570320536,-5.834498208757692,82.71906914807003,-2.6412049567817113,-3.10880835184022,-84.23018906600385,307.72921411882305,-19.835774449987625,82.71906914807003,176.88789210729033,2.637315264092485,5.626471007987005,307.72921411882305,-19.835774449987625,23.0,176.88789210729033,2.637315264092485,5.626471007987005,300.2004041168843,54.67444686671756,82.71906914807003,176.88789210729033,2.637315264092485,5.626471007987005,300.2004041168843,54.67444686671756,23.0,176.88789210729033,2.637315264092485,5.626471007987005,361.7359638563527,61.740124885187434,82.71906914807003,176.88789210729033,2.637315264092485,5.626471007987005,361.7359638563527,61.740124885187434,23.0,176.88789210729033,2.637315264092485,5.626471007987005
2026-04-30 11:27:54,34,main_loop,-1,P1,,,,,,,,,,,,,367.48224570320536,-5.834498208757692,82.71906914807003,-2.6412049567817113,-3.10880835184022,-84.23018906600385,307.72921411882305,-19.835774449987625,82.71906914807003,176.88789210729033,2.637315264092485,5.626471007987005,307.72921411882305,-19.835774449987625,23.0,176.88789210729033,2.637315264092485,5.626471007987005,300.2004041168843,54.67444686671756,82.71906914807003,176.88789210729033,2.637315264092485,5.626471007987005,300.2004041168843,54.67444686671756,23.0,176.88789210729033,2.637315264092485,5.626471007987005,361.7359638563527,61.740124885187434,82.71906914807003,176.88789210729033,2.637315264092485,5.626471007987005,361.7359638563527,61.740124885187434,23.0,176.88789210729033,2.637315264092485,5.626471007987005
2026-04-30 11:27:55,35,main_loop,-1,P1,,,,,,,,,,,,,367.48224570320536,-5.834498208757692,82.71906914807003,-2.6412049567817113,-3.10880835184022,-84.23018906600385,307.72921411882305,-19.835774449987625,82.71906914807003,176.88789210729033,2.637315264092485,5.626471007987005,307.72921411882305,-19.835774449987625,23.0,176.88789210729033,2.637315264092485,5.626471007987005,300.2004041168843,54.67444686671756,82.71906914807003,176.88789210729033,2.637315264092485,5.626471007987005,300.2004041168843,54.67444686671756,23.0,176.88789210729033,2.637315264092485,5.626471007987005,361.7359638563527,61.740124885187434,82.71906914807003,176.88789210729033,2.637315264092485,5.626471007987005,361.7359638563527,61.740124885187434,23.0,176.88789210729033,2.637315264092485,5.626471007987005
2026-04-30 11:27:55,36,main_loop,-1,P1,,,,,,,,,,,,,367.48224570320536,-5.834498208757692,82.71906914807003,-2.6412049567817113,-3.10880835184022,-84.23018906600385,307.72921411882305,-19.835774449987625,82.71906914807003,176.88789210729033,2.637315264092485,5.626471007987005,307.72921411882305,-19.835774449987625,23.0,176.88789210729033,2.637315264092485,5.626471007987005,300.2004041168843,54.67444686671756,82.71906914807003,176.88789210729033,2.637315264092485,5.626471007987005,300.2004041168843,54.67444686671756,23.0,176.88789210729033,2.637315264092485,5.626471007987005,361.7359638563527,61.740124885187434,82.71906914807003,176.88789210729033,2.637315264092485,5.626471007987005,361.7359638563527,61.740124885187434,23.0,176.88789210729033,2.637315264092485,5.626471007987005
2026-04-30 11:27:55,37,main_loop,-1,P1,,,,,,,,,,,,,367.48224570320536,-5.834498208757692,82.71906914807003,-2.6412049567817113,-3.10880835184022,-84.23018906600385,307.72921411882305,-19.835774449987625,82.71906914807003,176.88789210729033,2.637315264092485,5.626471007987005,307.72921411882305,-19.835774449987625,23.0,176.88789210729033,2.637315264092485,5.626471007987005,300.2004041168843,54.67444686671756,82.71906914807003,176.88789210729033,2.637315264092485,5.626471007987005,300.2004041168843,54.67444686671756,23.0,176.88789210729033,2.637315264092485,5.626471007987005,361.7359638563527,61.740124885187434,82.71906914807003,176.88789210729033,2.637315264092485,5.626471007987005,361.7359638563527,61.740124885187434,23.0,176.88789210729033,2.637315264092485,5.626471007987005
2026-04-30 11:27:56,38,main_loop,-1,P1,,,,,,,,,,,,,367.48224570320536,-5.834498208757692,82.71906914807003,-2.6412049567817113,-3.10880835184022,-84.23018906600385,307.72921411882305,-19.835774449987625,82.71906914807003,176.88789210729033,2.637315264092485,5.626471007987005,307.72921411882305,-19.835774449987625,23.0,176.88789210729033,2.637315264092485,5.626471007987005,300.2004041168843,54.67444686671756,82.71906914807003,176.88789210729033,2.637315264092485,5.626471007987005,300.2004041168843,54.67444686671756,23.0,176.88789210729033,2.637315264092485,5.626471007987005,361.7359638563527,61.740124885187434,82.71906914807003,176.88789210729033,2.637315264092485,5.626471007987005,361.7359638563527,61.740124885187434,23.0,176.88789210729033,2.637315264092485,5.626471007987005
2026-04-30 11:27:56,39,main_loop,-1,P1,,,,,,,,,,,,,367.48224570320536,-5.834498208757692,82.71906914807003,-2.6412049567817113,-3.10880835184022,-84.23018906600385,307.72921411882305,-19.835774449987625,82.71906914807003,176.88789210729033,2.637315264092485,5.626471007987005,307.72921411882305,-19.835774449987625,23.0,176.88789210729033,2.637315264092485,5.626471007987005,300.2004041168843,54.67444686671756,82.71906914807003,176.88789210729033,2.637315264092485,5.626471007987005,300.2004041168843,54.67444686671756,23.0,176.88789210729033,2.637315264092485,5.626471007987005,361.7359638563527,61.740124885187434,82.71906914807003,176.88789210729033,2.637315264092485,5.626471007987005,361.7359638563527,61.740124885187434,23.0,176.88789210729033,2.637315264092485,5.626471007987005
2026-04-30 11:27:56,40,main_loop,-1,P1,,,,,,,,,,,,,367.48224570320536,-5.834498208757692,82.71906914807003,-2.6412049567817113,-3.10880835184022,-84.23018906600385,307.72921411882305,-19.835774449987625,82.71906914807003,176.88789210729033,2.637315264092485,5.626471007987005,307.72921411882305,-19.835774449987625,23.0,176.88789210729033,2.637315264092485,5.626471007987005,300.2004041168843,54.67444686671756,82.71906914807003,176.88789210729033,2.637315264092485,5.626471007987005,300.2004041168843,54.67444686671756,23.0,176.88789210729033,2.637315264092485,5.626471007987005,361.7359638563527,61.740124885187434,82.71906914807003,176.88789210729033,2.637315264092485,5.626471007987005,361.7359638563527,61.740124885187434,23.0,176.88789210729033,2.637315264092485,5.626471007987005
2026-04-30 11:27:57,41,main_loop,-1,P1,,,,,,,,,,,,,367.48224570320536,-5.834498208757692,82.71906914807003,-2.6412049567817113,-3.10880835184022,-84.23018906600385,307.72921411882305,-19.835774449987625,82.71906914807003,176.88789210729033,2.637315264092485,5.626471007987005,307.72921411882305,-19.835774449987625,23.0,176.88789210729033,2.637315264092485,5.626471007987005,300.2004041168843,54.67444686671756,82.71906914807003,176.88789210729033,2.637315264092485,5.626471007987005,300.2004041168843,54.67444686671756,23.0,176.88789210729033,2.637315264092485,5.626471007987005,361.7359638563527,61.740124885187434,82.71906914807003,176.88789210729033,2.637315264092485,5.626471007987005,361.7359638563527,61.740124885187434,23.0,176.88789210729033,2.637315264092485,5.626471007987005
2026-04-30 11:27:57,42,main_loop,-1,P1,,,,,,,,,,,,,367.48224570320536,-5.834498208757692,82.71906914807003,-2.6412049567817113,-3.10880835184022,-84.23018906600385,307.72921411882305,-19.835774449987625,82.71906914807003,176.88789210729033,2.637315264092485,5.626471007987005,307.72921411882305,-19.835774449987625,23.0,176.88789210729033,2.637315264092485,5.626471007987005,300.2004041168843,54.67444686671756,82.71906914807003,176.88789210729033,2.637315264092485,5.626471007987005,300.2004041168843,54.67444686671756,23.0,176.88789210729033,2.637315264092485,5.626471007987005,361.7359638563527,61.740124885187434,82.71906914807003,176.88789210729033,2.637315264092485,5.626471007987005,361.7359638563527,61.740124885187434,23.0,176.88789210729033,2.637315264092485,5.626471007987005
2026-04-30 11:27:57,43,main_loop,-1,P1,,,,,,,,,,,,,367.48224570320536,-5.834498208757692,82.71906914807003,-2.6412049567817113,-3.10880835184022,-84.23018906600385,307.72921411882305,-19.835774449987625,82.71906914807003,176.88789210729033,2.637315264092485,5.626471007987005,307.72921411882305,-19.835774449987625,23.0,176.88789210729033,2.637315264092485,5.626471007987005,300.2004041168843,54.67444686671756,82.71906914807003,176.88789210729033,2.637315264092485,5.626471007987005,300.2004041168843,54.67444686671756,23.0,176.88789210729033,2.637315264092485,5.626471007987005,361.7359638563527,61.740124885187434,82.71906914807003,176.88789210729033,2.637315264092485,5.626471007987005,361.7359638563527,61.740124885187434,23.0,176.88789210729033,2.637315264092485,5.626471007987005
2026-04-30 11:27:58,44,main_loop,-1,P1,,,,,,,,,,,,,367.48224570320536,-5.834498208757692,82.71906914807003,-2.6412049567817113,-3.10880835184022,-84.23018906600385,307.72921411882305,-19.835774449987625,82.71906914807003,176.88789210729033,2.637315264092485,5.626471007987005,307.72921411882305,-19.835774449987625,23.0,176.88789210729033,2.637315264092485,5.626471007987005,300.2004041168843,54.67444686671756,82.71906914807003,176.88789210729033,2.637315264092485,5.626471007987005,300.2004041168843,54.67444686671756,23.0,176.88789210729033,2.637315264092485,5.626471007987005,361.7359638563527,61.740124885187434,82.71906914807003,176.88789210729033,2.637315264092485,5.626471007987005,361.7359638563527,61.740124885187434,23.0,176.88789210729033,2.637315264092485,5.626471007987005
2026-04-30 11:27:58,45,main_loop,-1,P1,,,,,,,,,,,,,367.48224570320536,-5.834498208757692,82.71906914807003,-2.6412049567817113,-3.10880835184022,-84.23018906600385,307.72921411882305,-19.835774449987625,82.71906914807003,176.88789210729033,2.637315264092485,5.626471007987005,307.72921411882305,-19.835774449987625,23.0,176.88789210729033,2.637315264092485,5.626471007987005,300.2004041168843,54.67444686671756,82.71906914807003,176.88789210729033,2.637315264092485,5.626471007987005,300.2004041168843,54.67444686671756,23.0,176.88789210729033,2.637315264092485,5.626471007987005,361.7359638563527,61.740124885187434,82.71906914807003,176.88789210729033,2.637315264092485,5.626471007987005,361.7359638563527,61.740124885187434,23.0,176.88789210729033,2.637315264092485,5.626471007987005
2026-04-30 11:27:58,46,main_loop,-1,P1,,,,,,,,,,,,,367.48224570320536,-5.834498208757692,82.71906914807003,-2.6412049567817113,-3.10880835184022,-84.23018906600385,307.72921411882305,-19.835774449987625,82.71906914807003,176.88789210729033,2.637315264092485,5.626471007987005,307.72921411882305,-19.835774449987625,23.0,176.88789210729033,2.637315264092485,5.626471007987005,300.2004041168843,54.67444686671756,82.71906914807003,176.88789210729033,2.637315264092485,5.626471007987005,300.2004041168843,54.67444686671756,23.0,176.88789210729033,2.637315264092485,5.626471007987005,361.7359638563527,61.740124885187434,82.71906914807003,176.88789210729033,2.637315264092485,5.626471007987005,361.7359638563527,61.740124885187434,23.0,176.88789210729033,2.637315264092485,5.626471007987005
2026-04-30 11:27:59,47,main_loop,-1,P1,,,,,,,,,,,,,367.48224570320536,-5.834498208757692,82.71906914807003,-2.6412049567817113,-3.10880835184022,-84.23018906600385,307.72921411882305,-19.835774449987625,82.71906914807003,176.88789210729033,2.637315264092485,5.626471007987005,307.72921411882305,-19.835774449987625,23.0,176.88789210729033,2.637315264092485,5.626471007987005,300.2004041168843,54.67444686671756,82.71906914807003,176.88789210729033,2.637315264092485,5.626471007987005,300.2004041168843,54.67444686671756,23.0,176.88789210729033,2.637315264092485,5.626471007987005,361.7359638563527,61.740124885187434,82.71906914807003,176.88789210729033,2.637315264092485,5.626471007987005,361.7359638563527,61.740124885187434,23.0,176.88789210729033,2.637315264092485,5.626471007987005
2026-04-30 11:27:59,48,main_loop,-1,P1,,,,,,,,,,,,,367.48224570320536,-5.834498208757692,82.71906914807003,-2.6412049567817113,-3.10880835184022,-84.23018906600385,307.72921411882305,-19.835774449987625,82.71906914807003,176.88789210729033,2.637315264092485,5.626471007987005,307.72921411882305,-19.835774449987625,23.0,176.88789210729033,2.637315264092485,5.626471007987005,300.2004041168843,54.67444686671756,82.71906914807003,176.88789210729033,2.637315264092485,5.626471007987005,300.2004041168843,54.67444686671756,23.0,176.88789210729033,2.637315264092485,5.626471007987005,361.7359638563527,61.740124885187434,82.71906914807003,176.88789210729033,2.637315264092485,5.626471007987005,361.7359638563527,61.740124885187434,23.0,176.88789210729033,2.637315264092485,5.626471007987005
2026-04-30 11:27:59,49,main_loop,-1,P1,,,,,,,,,,,,,367.48224570320536,-5.834498208757692,82.71906914807003,-2.6412049567817113,-3.10880835184022,-84.23018906600385,307.72921411882305,-19.835774449987625,82.71906914807003,176.88789210729033,2.637315264092485,5.626471007987005,307.72921411882305,-19.835774449987625,23.0,176.88789210729033,2.637315264092485,5.626471007987005,300.2004041168843,54.67444686671756,82.71906914807003,176.88789210729033,2.637315264092485,5.626471007987005,300.2004041168843,54.67444686671756,23.0,176.88789210729033,2.637315264092485,5.626471007987005,361.7359638563527,61.740124885187434,82.71906914807003,176.88789210729033,2.637315264092485,5.626471007987005,361.7359638563527,61.740124885187434,23.0,176.88789210729033,2.637315264092485,5.626471007987005
2026-04-30 11:28:00,50,main_loop,-1,P1,,,,,,,,,,,,,367.48224570320536,-5.834498208757692,82.71906914807003,-2.6412049567817113,-3.10880835184022,-84.23018906600385,307.72921411882305,-19.835774449987625,82.71906914807003,176.88789210729033,2.637315264092485,5.626471007987005,307.72921411882305,-19.835774449987625,23.0,176.88789210729033,2.637315264092485,5.626471007987005,300.2004041168843,54.67444686671756,82.71906914807003,176.88789210729033,2.637315264092485,5.626471007987005,300.2004041168843,54.67444686671756,23.0,176.88789210729033,2.637315264092485,5.626471007987005,361.7359638563527,61.740124885187434,82.71906914807003,176.88789210729033,2.637315264092485,5.626471007987005,361.7359638563527,61.740124885187434,23.0,176.88789210729033,2.637315264092485,5.626471007987005
2026-04-30 11:28:00,51,main_loop,-1,P1,,,,,,,,,,,,,367.48224570320536,-5.834498208757692,82.71906914807003,-2.6412049567817113,-3.10880835184022,-84.23018906600385,307.72921411882305,-19.835774449987625,82.71906914807003,176.88789210729033,2.637315264092485,5.626471007987005,307.72921411882305,-19.835774449987625,23.0,176.88789210729033,2.637315264092485,5.626471007987005,300.2004041168843,54.67444686671756,82.71906914807003,176.88789210729033,2.637315264092485,5.626471007987005,300.2004041168843,54.67444686671756,23.0,176.88789210729033,2.637315264092485,5.626471007987005,361.7359638563527,61.740124885187434,82.71906914807003,176.88789210729033,2.637315264092485,5.626471007987005,361.7359638563527,61.740124885187434,23.0,176.88789210729033,2.637315264092485,5.626471007987005
2026-04-30 11:28:00,52,main_loop,-1,P1,,,,,,,,,,,,,367.48224570320536,-5.834498208757692,82.71906914807003,-2.6412049567817113,-3.10880835184022,-84.23018906600385,307.72921411882305,-19.835774449987625,82.71906914807003,176.88789210729033,2.637315264092485,5.626471007987005,307.72921411882305,-19.835774449987625,23.0,176.88789210729033,2.637315264092485,5.626471007987005,300.2004041168843,54.67444686671756,82.71906914807003,176.88789210729033,2.637315264092485,5.626471007987005,300.2004041168843,54.67444686671756,23.0,176.88789210729033,2.637315264092485,5.626471007987005,361.7359638563527,61.740124885187434,82.71906914807003,176.88789210729033,2.637315264092485,5.626471007987005,361.7359638563527,61.740124885187434,23.0,176.88789210729033,2.637315264092485,5.626471007987005
2026-04-30 11:28:01,53,main_loop,-1,P1,,,,,,,,,,,,,367.48224570320536,-5.834498208757692,82.71906914807003,-2.6412049567817113,-3.10880835184022,-84.23018906600385,307.72921411882305,-19.835774449987625,82.71906914807003,176.88789210729033,2.637315264092485,5.626471007987005,307.72921411882305,-19.835774449987625,23.0,176.88789210729033,2.637315264092485,5.626471007987005,300.2004041168843,54.67444686671756,82.71906914807003,176.88789210729033,2.637315264092485,5.626471007987005,300.2004041168843,54.67444686671756,23.0,176.88789210729033,2.637315264092485,5.626471007987005,361.7359638563527,61.740124885187434,82.71906914807003,176.88789210729033,2.637315264092485,5.626471007987005,361.7359638563527,61.740124885187434,23.0,176.88789210729033,2.637315264092485,5.626471007987005
2026-04-30 11:28:01,54,main_loop,-1,P1,,,,,,,,,,,,,367.48224570320536,-5.834498208757692,82.71906914807003,-2.6412049567817113,-3.10880835184022,-84.23018906600385,307.72921411882305,-19.835774449987625,82.71906914807003,176.88789210729033,2.637315264092485,5.626471007987005,307.72921411882305,-19.835774449987625,23.0,176.88789210729033,2.637315264092485,5.626471007987005,300.2004041168843,54.67444686671756,82.71906914807003,176.88789210729033,2.637315264092485,5.626471007987005,300.2004041168843,54.67444686671756,23.0,176.88789210729033,2.637315264092485,5.626471007987005,361.7359638563527,61.740124885187434,82.71906914807003,176.88789210729033,2.637315264092485,5.626471007987005,361.7359638563527,61.740124885187434,23.0,176.88789210729033,2.637315264092485,5.626471007987005
2026-04-30 11:28:01,55,main_loop,-1,P1,,,,,,,,,,,,,367.48224570320536,-5.834498208757692,82.71906914807003,-2.6412049567817113,-3.10880835184022,-84.23018906600385,307.72921411882305,-19.835774449987625,82.71906914807003,176.88789210729033,2.637315264092485,5.626471007987005,307.72921411882305,-19.835774449987625,23.0,176.88789210729033,2.637315264092485,5.626471007987005,300.2004041168843,54.67444686671756,82.71906914807003,176.88789210729033,2.637315264092485,5.626471007987005,300.2004041168843,54.67444686671756,23.0,176.88789210729033,2.637315264092485,5.626471007987005,361.7359638563527,61.740124885187434,82.71906914807003,176.88789210729033,2.637315264092485,5.626471007987005,361.7359638563527,61.740124885187434,23.0,176.88789210729033,2.637315264092485,5.626471007987005
2026-04-30 11:28:02,56,main_loop,-1,P1,,,,,,,,,,,,,367.48224570320536,-5.834498208757692,82.71906914807003,-2.6412049567817113,-3.10880835184022,-84.23018906600385,307.72921411882305,-19.835774449987625,82.71906914807003,176.88789210729033,2.637315264092485,5.626471007987005,307.72921411882305,-19.835774449987625,23.0,176.88789210729033,2.637315264092485,5.626471007987005,300.2004041168843,54.67444686671756,82.71906914807003,176.88789210729033,2.637315264092485,5.626471007987005,300.2004041168843,54.67444686671756,23.0,176.88789210729033,2.637315264092485,5.626471007987005,361.7359638563527,61.740124885187434,82.71906914807003,176.88789210729033,2.637315264092485,5.626471007987005,361.7359638563527,61.740124885187434,23.0,176.88789210729033,2.637315264092485,5.626471007987005
2026-04-30 11:28:02,57,main_loop,-1,P1,,,,,,,,,,,,,367.48224570320536,-5.834498208757692,82.71906914807003,-2.6412049567817113,-3.10880835184022,-84.23018906600385,307.72921411882305,-19.835774449987625,82.71906914807003,176.88789210729033,2.637315264092485,5.626471007987005,307.72921411882305,-19.835774449987625,23.0,176.88789210729033,2.637315264092485,5.626471007987005,300.2004041168843,54.67444686671756,82.71906914807003,176.88789210729033,2.637315264092485,5.626471007987005,300.2004041168843,54.67444686671756,23.0,176.88789210729033,2.637315264092485,5.626471007987005,361.7359638563527,61.740124885187434,82.71906914807003,176.88789210729033,2.637315264092485,5.626471007987005,361.7359638563527,61.740124885187434,23.0,176.88789210729033,2.637315264092485,5.626471007987005
2026-04-30 11:28:08,58,wait_for_arrival,0,P1,296.9989318847656,-17.679372787475586,355.0003967285156,177.76004028320312,0.2798497676849365,88.68022918701172,296.9989318847656,-17.679372787475586,355.0003967285156,177.76004028320312,0.2798497676849365,88.68022918701172,367.48224570320536,-5.834498208757692,82.71906914807003,-2.6412049567817113,-3.10880835184022,-84.23018906600385,307.72921411882305,-19.835774449987625,82.71906914807003,176.88789210729033,2.637315264092485,5.626471007987005,307.72921411882305,-19.835774449987625,23.0,176.88789210729033,2.637315264092485,5.626471007987005,300.2004041168843,54.67444686671756,82.71906914807003,176.88789210729033,2.637315264092485,5.626471007987005,300.2004041168843,54.67444686671756,23.0,176.88789210729033,2.637315264092485,5.626471007987005,361.7359638563527,61.740124885187434,82.71906914807003,176.88789210729033,2.637315264092485,5.626471007987005,361.7359638563527,61.740124885187434,23.0,176.88789210729033,2.637315264092485,5.626471007987005
2026-04-30 11:28:08,59,wait_for_arrival,0,P1,296.9989318847656,-17.679372787475586,355.0003967285156,177.76004028320312,0.2798497676849365,88.68022918701172,296.9989318847656,-17.679372787475586,355.0003967285156,177.76004028320312,0.2798497676849365,88.68022918701172,367.48224570320536,-5.834498208757692,82.71906914807003,-2.6412049567817113,-3.10880835184022,-84.23018906600385,307.72921411882305,-19.835774449987625,82.71906914807003,176.88789210729033,2.637315264092485,5.626471007987005,307.72921411882305,-19.835774449987625,23.0,176.88789210729033,2.637315264092485,5.626471007987005,300.2004041168843,54.67444686671756,82.71906914807003,176.88789210729033,2.637315264092485,5.626471007987005,300.2004041168843,54.67444686671756,23.0,176.88789210729033,2.637315264092485,5.626471007987005,361.7359638563527,61.740124885187434,82.71906914807003,176.88789210729033,2.637315264092485,5.626471007987005,361.7359638563527,61.740124885187434,23.0,176.88789210729033,2.637315264092485,5.626471007987005
2026-04-30 11:28:08,60,wait_for_arrival,0,P1,296.9989318847656,-17.679372787475586,355.0003967285156,177.76004028320312,0.2798497676849365,88.68022918701172,296.9989318847656,-17.679372787475586,355.0003967285156,177.76004028320312,0.2798497676849365,88.68022918701172,367.48224570320536,-5.834498208757692,82.71906914807003,-2.6412049567817113,-3.10880835184022,-84.23018906600385,307.72921411882305,-19.835774449987625,82.71906914807003,176.88789210729033,2.637315264092485,5.626471007987005,307.72921411882305,-19.835774449987625,23.0,176.88789210729033,2.637315264092485,5.626471007987005,300.2004041168843,54.67444686671756,82.71906914807003,176.88789210729033,2.637315264092485,5.626471007987005,300.2004041168843,54.67444686671756,23.0,176.88789210729033,2.637315264092485,5.626471007987005,361.7359638563527,61.740124885187434,82.71906914807003,176.88789210729033,2.637315264092485,5.626471007987005,361.7359638563527,61.740124885187434,23.0,176.88789210729033,2.637315264092485,5.626471007987005
2026-04-30 11:28:08,61,wait_for_arrival,0,P1,296.9989318847656,-17.679372787475586,355.0003967285156,177.76004028320312,0.2798497676849365,88.68022918701172,296.9989318847656,-17.679372787475586,355.0003967285156,177.76004028320312,0.2798497676849365,88.68022918701172,367.48224570320536,-5.834498208757692,82.71906914807003,-2.6412049567817113,-3.10880835184022,-84.23018906600385,307.72921411882305,-19.835774449987625,82.71906914807003,176.88789210729033,2.637315264092485,5.626471007987005,307.72921411882305,-19.835774449987625,23.0,176.88789210729033,2.637315264092485,5.626471007987005,300.2004041168843,54.67444686671756,82.71906914807003,176.88789210729033,2.637315264092485,5.626471007987005,300.2004041168843,54.67444686671756,23.0,176.88789210729033,2.637315264092485,5.626471007987005,361.7359638563527,61.740124885187434,82.71906914807003,176.88789210729033,2.637315264092485,5.626471007987005,361.7359638563527,61.740124885187434,23.0,176.88789210729033,2.637315264092485,5.626471007987005
2026-04-30 11:28:09,62,wait_for_arrival,0,P1,296.9989318847656,-17.679372787475586,355.0003967285156,177.76004028320312,0.2798497676849365,88.68022918701172,296.9989318847656,-17.679372787475586,355.0003967285156,177.76004028320312,0.2798497676849365,88.68022918701172,367.48224570320536,-5.834498208757692,82.71906914807003,-2.6412049567817113,-3.10880835184022,-84.23018906600385,307.72921411882305,-19.835774449987625,82.71906914807003,176.88789210729033,2.637315264092485,5.626471007987005,307.72921411882305,-19.835774449987625,23.0,176.88789210729033,2.637315264092485,5.626471007987005,300.2004041168843,54.67444686671756,82.71906914807003,176.88789210729033,2.637315264092485,5.626471007987005,300.2004041168843,54.67444686671756,23.0,176.88789210729033,2.637315264092485,5.626471007987005,361.7359638563527,61.740124885187434,82.71906914807003,176.88789210729033,2.637315264092485,5.626471007987005,361.7359638563527,61.740124885187434,23.0,176.88789210729033,2.637315264092485,5.626471007987005
2026-04-30 11:28:09,63,wait_for_arrival,0,P1,296.9989318847656,-17.679372787475586,355.0003967285156,177.76004028320312,0.2798497676849365,88.68022918701172,296.9989318847656,-17.679372787475586,355.0003967285156,177.76004028320312,0.2798497676849365,88.68022918701172,367.48224570320536,-5.834498208757692,82.71906914807003,-2.6412049567817113,-3.10880835184022,-84.23018906600385,307.72921411882305,-19.835774449987625,82.71906914807003,176.88789210729033,2.637315264092485,5.626471007987005,307.72921411882305,-19.835774449987625,23.0,176.88789210729033,2.637315264092485,5.626471007987005,300.2004041168843,54.67444686671756,82.71906914807003,176.88789210729033,2.637315264092485,5.626471007987005,300.2004041168843,54.67444686671756,23.0,176.88789210729033,2.637315264092485,5.626471007987005,361.7359638563527,61.740124885187434,82.71906914807003,176.88789210729033,2.637315264092485,5.626471007987005,361.7359638563527,61.740124885187434,23.0,176.88789210729033,2.637315264092485,5.626471007987005
2026-04-30 11:28:09,64,wait_for_arrival,0,P1,296.9989318847656,-17.679372787475586,355.0003967285156,177.76004028320312,0.2798497676849365,88.68022918701172,296.9989318847656,-17.679372787475586,355.0003967285156,177.76004028320312,0.2798497676849365,88.68022918701172,367.48224570320536,-5.834498208757692,82.71906914807003,-2.6412049567817113,-3.10880835184022,-84.23018906600385,307.72921411882305,-19.835774449987625,82.71906914807003,176.88789210729033,2.637315264092485,5.626471007987005,307.72921411882305,-19.835774449987625,23.0,176.88789210729033,2.637315264092485,5.626471007987005,300.2004041168843,54.67444686671756,82.71906914807003,176.88789210729033,2.637315264092485,5.626471007987005,300.2004041168843,54.67444686671756,23.0,176.88789210729033,2.637315264092485,5.626471007987005,361.7359638563527,61.740124885187434,82.71906914807003,176.88789210729033,2.637315264092485,5.626471007987005,361.7359638563527,61.740124885187434,23.0,176.88789210729033,2.637315264092485,5.626471007987005
2026-04-30 11:28:09,65,wait_for_arrival,0,P1,296.9989318847656,-17.679372787475586,355.0003967285156,177.76004028320312,0.2798497676849365,88.68022918701172,296.9989318847656,-17.679372787475586,355.0003967285156,177.76004028320312,0.2798497676849365,88.68022918701172,367.48224570320536,-5.834498208757692,82.71906914807003,-2.6412049567817113,-3.10880835184022,-84.23018906600385,307.72921411882305,-19.835774449987625,82.71906914807003,176.88789210729033,2.637315264092485,5.626471007987005,307.72921411882305,-19.835774449987625,23.0,176.88789210729033,2.637315264092485,5.626471007987005,300.2004041168843,54.67444686671756,82.71906914807003,176.88789210729033,2.637315264092485,5.626471007987005,300.2004041168843,54.67444686671756,23.0,176.88789210729033,2.637315264092485,5.626471007987005,361.7359638563527,61.740124885187434,82.71906914807003,176.88789210729033,2.637315264092485,5.626471007987005,361.7359638563527,61.740124885187434,23.0,176.88789210729033,2.637315264092485,5.626471007987005
2026-04-30 11:28:09,66,wait_for_arrival,0,P1,296.9989318847656,-17.679372787475586,355.0003967285156,177.76004028320312,0.2798497676849365,88.68022918701172,296.9989318847656,-17.679372787475586,355.0003967285156,177.76004028320312,0.2798497676849365,88.68022918701172,367.48224570320536,-5.834498208757692,82.71906914807003,-2.6412049567817113,-3.10880835184022,-84.23018906600385,307.72921411882305,-19.835774449987625,82.71906914807003,176.88789210729033,2.637315264092485,5.626471007987005,307.72921411882305,-19.835774449987625,23.0,176.88789210729033,2.637315264092485,5.626471007987005,300.2004041168843,54.67444686671756,82.71906914807003,176.88789210729033,2.637315264092485,5.626471007987005,300.2004041168843,54.67444686671756,23.0,176.88789210729033,2.637315264092485,5.626471007987005,361.7359638563527,61.740124885187434,82.71906914807003,176.88789210729033,2.637315264092485,5.626471007987005,361.7359638563527,61.740124885187434,23.0,176.88789210729033,2.637315264092485,5.626471007987005
2026-04-30 11:28:09,67,wait_for_arrival,0,P1,296.9989318847656,-17.679372787475586,355.0003967285156,177.76004028320312,0.2798497676849365,88.68022918701172,296.9989318847656,-17.679372787475586,355.0003967285156,177.76004028320312,0.2798497676849365,88.68022918701172,367.48224570320536,-5.834498208757692,82.71906914807003,-2.6412049567817113,-3.10880835184022,-84.23018906600385,307.72921411882305,-19.835774449987625,82.71906914807003,176.88789210729033,2.637315264092485,5.626471007987005,307.72921411882305,-19.835774449987625,23.0,176.88789210729033,2.637315264092485,5.626471007987005,300.2004041168843,54.67444686671756,82.71906914807003,176.88789210729033,2.637315264092485,5.626471007987005,300.2004041168843,54.67444686671756,23.0,176.88789210729033,2.637315264092485,5.626471007987005,361.7359638563527,61.740124885187434,82.71906914807003,176.88789210729033,2.637315264092485,5.626471007987005,361.7359638563527,61.740124885187434,23.0,176.88789210729033,2.637315264092485,5.626471007987005
2026-04-30 11:28:09,68,wait_for_arrival,0,P1,296.9975891113281,-17.67603302001953,355.0003662109375,177.76025390625,0.27934956550598145,88.68024444580078,296.9975891113281,-17.67603302001953,355.0003662109375,177.76025390625,0.27934956550598145,88.68024444580078,367.48224570320536,-5.834498208757692,82.71906914807003,-2.6412049567817113,-3.10880835184022,-84.23018906600385,307.72921411882305,-19.835774449987625,82.71906914807003,176.88789210729033,2.637315264092485,5.626471007987005,307.72921411882305,-19.835774449987625,23.0,176.88789210729033,2.637315264092485,5.626471007987005,300.2004041168843,54.67444686671756,82.71906914807003,176.88789210729033,2.637315264092485,5.626471007987005,300.2004041168843,54.67444686671756,23.0,176.88789210729033,2.637315264092485,5.626471007987005,361.7359638563527,61.740124885187434,82.71906914807003,176.88789210729033,2.637315264092485,5.626471007987005,361.7359638563527,61.740124885187434,23.0,176.88789210729033,2.637315264092485,5.626471007987005
2026-04-30 11:28:09,69,wait_for_arrival,0,P1,296.9975891113281,-17.67603302001953,355.0003662109375,177.76025390625,0.27934956550598145,88.68024444580078,296.9975891113281,-17.67603302001953,355.0003662109375,177.76025390625,0.27934956550598145,88.68024444580078,367.48224570320536,-5.834498208757692,82.71906914807003,-2.6412049567817113,-3.10880835184022,-84.23018906600385,307.72921411882305,-19.835774449987625,82.71906914807003,176.88789210729033,2.637315264092485,5.626471007987005,307.72921411882305,-19.835774449987625,23.0,176.88789210729033,2.637315264092485,5.626471007987005,300.2004041168843,54.67444686671756,82.71906914807003,176.88789210729033,2.637315264092485,5.626471007987005,300.2004041168843,54.67444686671756,23.0,176.88789210729033,2.637315264092485,5.626471007987005,361.7359638563527,61.740124885187434,82.71906914807003,176.88789210729033,2.637315264092485,5.626471007987005,361.7359638563527,61.740124885187434,23.0,176.88789210729033,2.637315264092485,5.626471007987005
2026-04-30 11:28:09,70,wait_for_arrival,0,P1,296.9975891113281,-17.67603302001953,355.0003662109375,177.76025390625,0.27934956550598145,88.68024444580078,296.9975891113281,-17.67603302001953,355.0003662109375,177.76025390625,0.27934956550598145,88.68024444580078,367.48224570320536,-5.834498208757692,82.71906914807003,-2.6412049567817113,-3.10880835184022,-84.23018906600385,307.72921411882305,-19.835774449987625,82.71906914807003,176.88789210729033,2.637315264092485,5.626471007987005,307.72921411882305,-19.835774449987625,23.0,176.88789210729033,2.637315264092485,5.626471007987005,300.2004041168843,54.67444686671756,82.71906914807003,176.88789210729033,2.637315264092485,5.626471007987005,300.2004041168843,54.67444686671756,23.0,176.88789210729033,2.637315264092485,5.626471007987005,361.7359638563527,61.740124885187434,82.71906914807003,176.88789210729033,2.637315264092485,5.626471007987005,361.7359638563527,61.740124885187434,23.0,176.88789210729033,2.637315264092485,5.626471007987005
2026-04-30 11:28:10,71,wait_for_arrival,0,P1,296.9975891113281,-17.67603302001953,355.0003662109375,177.76025390625,0.27934956550598145,88.68024444580078,296.9975891113281,-17.67603302001953,355.0003662109375,177.76025390625,0.27934956550598145,88.68024444580078,367.48224570320536,-5.834498208757692,82.71906914807003,-2.6412049567817113,-3.10880835184022,-84.23018906600385,307.72921411882305,-19.835774449987625,82.71906914807003,176.88789210729033,2.637315264092485,5.626471007987005,307.72921411882305,-19.835774449987625,23.0,176.88789210729033,2.637315264092485,5.626471007987005,300.2004041168843,54.67444686671756,82.71906914807003,176.88789210729033,2.637315264092485,5.626471007987005,300.2004041168843,54.67444686671756,23.0,176.88789210729033,2.637315264092485,5.626471007987005,361.7359638563527,61.740124885187434,82.71906914807003,176.88789210729033,2.637315264092485,5.626471007987005,361.7359638563527,61.740124885187434,23.0,176.88789210729033,2.637315264092485,5.626471007987005
2026-04-30 11:28:10,72,wait_for_arrival,0,P1,296.9975891113281,-17.67603302001953,355.0003662109375,177.76025390625,0.27934956550598145,88.68024444580078,296.9975891113281,-17.67603302001953,355.0003662109375,177.76025390625,0.27934956550598145,88.68024444580078,367.48224570320536,-5.834498208757692,82.71906914807003,-2.6412049567817113,-3.10880835184022,-84.23018906600385,307.72921411882305,-19.835774449987625,82.71906914807003,176.88789210729033,2.637315264092485,5.626471007987005,307.72921411882305,-19.835774449987625,23.0,176.88789210729033,2.637315264092485,5.626471007987005,300.2004041168843,54.67444686671756,82.71906914807003,176.88789210729033,2.637315264092485,5.626471007987005,300.2004041168843,54.67444686671756,23.0,176.88789210729033,2.637315264092485,5.626471007987005,361.7359638563527,61.740124885187434,82.71906914807003,176.88789210729033,2.637315264092485,5.626471007987005,361.7359638563527,61.740124885187434,23.0,176.88789210729033,2.637315264092485,5.626471007987005
2026-04-30 11:28:10,73,wait_for_arrival,0,P1,296.9975891113281,-17.67603302001953,355.0003662109375,177.76025390625,0.27934956550598145,88.68024444580078,296.9975891113281,-17.67603302001953,355.0003662109375,177.76025390625,0.27934956550598145,88.68024444580078,367.48224570320536,-5.834498208757692,82.71906914807003,-2.6412049567817113,-3.10880835184022,-84.23018906600385,307.72921411882305,-19.835774449987625,82.71906914807003,176.88789210729033,2.637315264092485,5.626471007987005,307.72921411882305,-19.835774449987625,23.0,176.88789210729033,2.637315264092485,5.626471007987005,300.2004041168843,54.67444686671756,82.71906914807003,176.88789210729033,2.637315264092485,5.626471007987005,300.2004041168843,54.67444686671756,23.0,176.88789210729033,2.637315264092485,5.626471007987005,361.7359638563527,61.740124885187434,82.71906914807003,176.88789210729033,2.637315264092485,5.626471007987005,361.7359638563527,61.740124885187434,23.0,176.88789210729033,2.637315264092485,5.626471007987005
2026-04-30 11:28:10,74,wait_for_arrival,0,P1,296.9975891113281,-17.67603302001953,355.0003662109375,177.76025390625,0.27934956550598145,88.68024444580078,296.9975891113281,-17.67603302001953,355.0003662109375,177.76025390625,0.27934956550598145,88.68024444580078,367.48224570320536,-5.834498208757692,82.71906914807003,-2.6412049567817113,-3.10880835184022,-84.23018906600385,307.72921411882305,-19.835774449987625,82.71906914807003,176.88789210729033,2.637315264092485,5.626471007987005,307.72921411882305,-19.835774449987625,23.0,176.88789210729033,2.637315264092485,5.626471007987005,300.2004041168843,54.67444686671756,82.71906914807003,176.88789210729033,2.637315264092485,5.626471007987005,300.2004041168843,54.67444686671756,23.0,176.88789210729033,2.637315264092485,5.626471007987005,361.7359638563527,61.740124885187434,82.71906914807003,176.88789210729033,2.637315264092485,5.626471007987005,361.7359638563527,61.740124885187434,23.0,176.88789210729033,2.637315264092485,5.626471007987005
2026-04-30 11:28:10,75,wait_for_arrival,0,P1,296.9975891113281,-17.67603302001953,355.0003662109375,177.76025390625,0.27934956550598145,88.68024444580078,296.9975891113281,-17.67603302001953,355.0003662109375,177.76025390625,0.27934956550598145,88.68024444580078,367.48224570320536,-5.834498208757692,82.71906914807003,-2.6412049567817113,-3.10880835184022,-84.23018906600385,307.72921411882305,-19.835774449987625,82.71906914807003,176.88789210729033,2.637315264092485,5.626471007987005,307.72921411882305,-19.835774449987625,23.0,176.88789210729033,2.637315264092485,5.626471007987005,300.2004041168843,54.67444686671756,82.71906914807003,176.88789210729033,2.637315264092485,5.626471007987005,300.2004041168843,54.67444686671756,23.0,176.88789210729033,2.637315264092485,5.626471007987005,361.7359638563527,61.740124885187434,82.71906914807003,176.88789210729033,2.637315264092485,5.626471007987005,361.7359638563527,61.740124885187434,23.0,176.88789210729033,2.637315264092485,5.626471007987005
2026-04-30 11:28:10,76,wait_for_arrival,0,P1,296.9989318847656,-17.679372787475586,355.0003967285156,177.76004028320312,0.2798497676849365,88.68022918701172,296.9989318847656,-17.679372787475586,355.0003967285156,177.76004028320312,0.2798497676849365,88.68022918701172,367.48224570320536,-5.834498208757692,82.71906914807003,-2.6412049567817113,-3.10880835184022,-84.23018906600385,307.72921411882305,-19.835774449987625,82.71906914807003,176.88789210729033,2.637315264092485,5.626471007987005,307.72921411882305,-19.835774449987625,23.0,176.88789210729033,2.637315264092485,5.626471007987005,300.2004041168843,54.67444686671756,82.71906914807003,176.88789210729033,2.637315264092485,5.626471007987005,300.2004041168843,54.67444686671756,23.0,176.88789210729033,2.637315264092485,5.626471007987005,361.7359638563527,61.740124885187434,82.71906914807003,176.88789210729033,2.637315264092485,5.626471007987005,361.7359638563527,61.740124885187434,23.0,176.88789210729033,2.637315264092485,5.626471007987005
2026-04-30 11:28:10,77,wait_for_arrival,0,P1,296.9989318847656,-17.679372787475586,355.0003967285156,177.76004028320312,0.2798497676849365,88.68022918701172,296.9989318847656,-17.679372787475586,355.0003967285156,177.76004028320312,0.2798497676849365,88.68022918701172,367.48224570320536,-5.834498208757692,82.71906914807003,-2.6412049567817113,-3.10880835184022,-84.23018906600385,307.72921411882305,-19.835774449987625,82.71906914807003,176.88789210729033,2.637315264092485,5.626471007987005,307.72921411882305,-19.835774449987625,23.0,176.88789210729033,2.637315264092485,5.626471007987005,300.2004041168843,54.67444686671756,82.71906914807003,176.88789210729033,2.637315264092485,5.626471007987005,300.2004041168843,54.67444686671756,23.0,176.88789210729033,2.637315264092485,5.626471007987005,361.7359638563527,61.740124885187434,82.71906914807003,176.88789210729033,2.637315264092485,5.626471007987005,361.7359638563527,61.740124885187434,23.0,176.88789210729033,2.637315264092485,5.626471007987005
2026-04-30 11:28:10,78,wait_for_arrival,0,P1,296.9989318847656,-17.679372787475586,355.0003967285156,177.76004028320312,0.2798497676849365,88.68022918701172,296.9989318847656,-17.679372787475586,355.0003967285156,177.76004028320312,0.2798497676849365,88.68022918701172,367.48224570320536,-5.834498208757692,82.71906914807003,-2.6412049567817113,-3.10880835184022,-84.23018906600385,307.72921411882305,-19.835774449987625,82.71906914807003,176.88789210729033,2.637315264092485,5.626471007987005,307.72921411882305,-19.835774449987625,23.0,176.88789210729033,2.637315264092485,5.626471007987005,300.2004041168843,54.67444686671756,82.71906914807003,176.88789210729033,2.637315264092485,5.626471007987005,300.2004041168843,54.67444686671756,23.0,176.88789210729033,2.637315264092485,5.626471007987005,361.7359638563527,61.740124885187434,82.71906914807003,176.88789210729033,2.637315264092485,5.626471007987005,361.7359638563527,61.740124885187434,23.0,176.88789210729033,2.637315264092485,5.626471007987005
2026-04-30 11:28:10,79,wait_for_arrival,0,P1,296.9989318847656,-17.679372787475586,355.0003967285156,177.76004028320312,0.2798497676849365,88.68022918701172,296.9989318847656,-17.679372787475586,355.0003967285156,177.76004028320312,0.2798497676849365,88.68022918701172,367.48224570320536,-5.834498208757692,82.71906914807003,-2.6412049567817113,-3.10880835184022,-84.23018906600385,307.72921411882305,-19.835774449987625,82.71906914807003,176.88789210729033,2.637315264092485,5.626471007987005,307.72921411882305,-19.835774449987625,23.0,176.88789210729033,2.637315264092485,5.626471007987005,300.2004041168843,54.67444686671756,82.71906914807003,176.88789210729033,2.637315264092485,5.626471007987005,300.2004041168843,54.67444686671756,23.0,176.88789210729033,2.637315264092485,5.626471007987005,361.7359638563527,61.740124885187434,82.71906914807003,176.88789210729033,2.637315264092485,5.626471007987005,361.7359638563527,61.740124885187434,23.0,176.88789210729033,2.637315264092485,5.626471007987005
2026-04-30 11:28:10,80,wait_for_arrival,0,P1,296.9989318847656,-17.679372787475586,355.0003967285156,177.76004028320312,0.2798497676849365,88.68022918701172,296.9989318847656,-17.679372787475586,355.0003967285156,177.76004028320312,0.2798497676849365,88.68022918701172,367.48224570320536,-5.834498208757692,82.71906914807003,-2.6412049567817113,-3.10880835184022,-84.23018906600385,307.72921411882305,-19.835774449987625,82.71906914807003,176.88789210729033,2.637315264092485,5.626471007987005,307.72921411882305,-19.835774449987625,23.0,176.88789210729033,2.637315264092485,5.626471007987005,300.2004041168843,54.67444686671756,82.71906914807003,176.88789210729033,2.637315264092485,5.626471007987005,300.2004041168843,54.67444686671756,23.0,176.88789210729033,2.637315264092485,5.626471007987005,361.7359638563527,61.740124885187434,82.71906914807003,176.88789210729033,2.637315264092485,5.626471007987005,361.7359638563527,61.740124885187434,23.0,176.88789210729033,2.637315264092485,5.626471007987005
2026-04-30 11:28:11,81,wait_for_arrival,0,P1,296.9989318847656,-17.679372787475586,355.0003967285156,177.76004028320312,0.2798497676849365,88.68022918701172,296.9989318847656,-17.679372787475586,355.0003967285156,177.76004028320312,0.2798497676849365,88.68022918701172,367.48224570320536,-5.834498208757692,82.71906914807003,-2.6412049567817113,-3.10880835184022,-84.23018906600385,307.72921411882305,-19.835774449987625,82.71906914807003,176.88789210729033,2.637315264092485,5.626471007987005,307.72921411882305,-19.835774449987625,23.0,176.88789210729033,2.637315264092485,5.626471007987005,300.2004041168843,54.67444686671756,82.71906914807003,176.88789210729033,2.637315264092485,5.626471007987005,300.2004041168843,54.67444686671756,23.0,176.88789210729033,2.637315264092485,5.626471007987005,361.7359638563527,61.740124885187434,82.71906914807003,176.88789210729033,2.637315264092485,5.626471007987005,361.7359638563527,61.740124885187434,23.0,176.88789210729033,2.637315264092485,5.626471007987005
2026-04-30 11:28:11,82,wait_for_arrival,0,P1,296.9989318847656,-17.679372787475586,355.0003967285156,177.76004028320312,0.2798497676849365,88.68022918701172,296.9989318847656,-17.679372787475586,355.0003967285156,177.76004028320312,0.2798497676849365,88.68022918701172,367.48224570320536,-5.834498208757692,82.71906914807003,-2.6412049567817113,-3.10880835184022,-84.23018906600385,307.72921411882305,-19.835774449987625,82.71906914807003,176.88789210729033,2.637315264092485,5.626471007987005,307.72921411882305,-19.835774449987625,23.0,176.88789210729033,2.637315264092485,5.626471007987005,300.2004041168843,54.67444686671756,82.71906914807003,176.88789210729033,2.637315264092485,5.626471007987005,300.2004041168843,54.67444686671756,23.0,176.88789210729033,2.637315264092485,5.626471007987005,361.7359638563527,61.740124885187434,82.71906914807003,176.88789210729033,2.637315264092485,5.626471007987005,361.7359638563527,61.740124885187434,23.0,176.88789210729033,2.637315264092485,5.626471007987005
2026-04-30 11:28:11,83,wait_for_arrival,0,P1,299.0213317871094,-16.927762985229492,351.9765625,177.8288116455078,0.28443318605422974,87.56298828125,299.0213317871094,-16.927762985229492,351.9765625,177.8288116455078,0.28443318605422974,87.56298828125,367.48224570320536,-5.834498208757692,82.71906914807003,-2.6412049567817113,-3.10880835184022,-84.23018906600385,307.72921411882305,-19.835774449987625,82.71906914807003,176.88789210729033,2.637315264092485,5.626471007987005,307.72921411882305,-19.835774449987625,23.0,176.88789210729033,2.637315264092485,5.626471007987005,300.2004041168843,54.67444686671756,82.71906914807003,176.88789210729033,2.637315264092485,5.626471007987005,300.2004041168843,54.67444686671756,23.0,176.88789210729033,2.637315264092485,5.626471007987005,361.7359638563527,61.740124885187434,82.71906914807003,176.88789210729033,2.637315264092485,5.626471007987005,361.7359638563527,61.740124885187434,23.0,176.88789210729033,2.637315264092485,5.626471007987005
2026-04-30 11:28:11,84,wait_for_arrival,0,P1,304.88616943359375,-14.770622253417969,342.9209899902344,177.97259521484375,0.2886084318161011,84.22924041748047,304.88616943359375,-14.770622253417969,342.9209899902344,177.97259521484375,0.2886084318161011,84.22924041748047,367.48224570320536,-5.834498208757692,82.71906914807003,-2.6412049567817113,-3.10880835184022,-84.23018906600385,307.72921411882305,-19.835774449987625,82.71906914807003,176.88789210729033,2.637315264092485,5.626471007987005,307.72921411882305,-19.835774449987625,23.0,176.88789210729033,2.637315264092485,5.626471007987005,300.2004041168843,54.67444686671756,82.71906914807003,176.88789210729033,2.637315264092485,5.626471007987005,300.2004041168843,54.67444686671756,23.0,176.88789210729033,2.637315264092485,5.626471007987005,361.7359638563527,61.740124885187434,82.71906914807003,176.88789210729033,2.637315264092485,5.626471007987005,361.7359638563527,61.740124885187434,23.0,176.88789210729033,2.637315264092485,5.626471007987005
2026-04-30 11:28:11,85,wait_for_arrival,0,P1,310.4010009765625,-12.753731727600098,333.258056640625,178.12319946289062,0.3187735080718994,80.89385223388672,310.4010009765625,-12.753731727600098,333.258056640625,178.12319946289062,0.3187735080718994,80.89385223388672,367.48224570320536,-5.834498208757692,82.71906914807003,-2.6412049567817113,-3.10880835184022,-84.23018906600385,307.72921411882305,-19.835774449987625,82.71906914807003,176.88789210729033,2.637315264092485,5.626471007987005,307.72921411882305,-19.835774449987625,23.0,176.88789210729033,2.637315264092485,5.626471007987005,300.2004041168843,54.67444686671756,82.71906914807003,176.88789210729033,2.637315264092485,5.626471007987005,300.2004041168843,54.67444686671756,23.0,176.88789210729033,2.637315264092485,5.626471007987005,361.7359638563527,61.740124885187434,82.71906914807003,176.88789210729033,2.637315264092485,5.626471007987005,361.7359638563527,61.740124885187434,23.0,176.88789210729033,2.637315264092485,5.626471007987005
2026-04-30 11:28:11,86,wait_for_arrival,0,P1,315.5125427246094,-10.903443336486816,323.0553283691406,178.2636260986328,0.36758220195770264,77.55572509765625,315.5125427246094,-10.903443336486816,323.0553283691406,178.2636260986328,0.36758220195770264,77.55572509765625,367.48224570320536,-5.834498208757692,82.71906914807003,-2.6412049567817113,-3.10880835184022,-84.23018906600385,307.72921411882305,-19.835774449987625,82.71906914807003,176.88789210729033,2.637315264092485,5.626471007987005,307.72921411882305,-19.835774449987625,23.0,176.88789210729033,2.637315264092485,5.626471007987005,300.2004041168843,54.67444686671756,82.71906914807003,176.88789210729033,2.637315264092485,5.626471007987005,300.2004041168843,54.67444686671756,23.0,176.88789210729033,2.637315264092485,5.626471007987005,361.7359638563527,61.740124885187434,82.71906914807003,176.88789210729033,2.637315264092485,5.626471007987005,361.7359638563527,61.740124885187434,23.0,176.88789210729033,2.637315264092485,5.626471007987005
2026-04-30 11:28:11,87,wait_for_arrival,0,P1,320.2742919921875,-9.197970390319824,312.4068603515625,178.3836669921875,0.428048700094223,74.21780395507812,320.2742919921875,-9.197970390319824,312.4068603515625,178.3836669921875,0.428048700094223,74.21780395507812,367.48224570320536,-5.834498208757692,82.71906914807003,-2.6412049567817113,-3.10880835184022,-84.23018906600385,307.72921411882305,-19.835774449987625,82.71906914807003,176.88789210729033,2.637315264092485,5.626471007987005,307.72921411882305,-19.835774449987625,23.0,176.88789210729033,2.637315264092485,5.626471007987005,300.2004041168843,54.67444686671756,82.71906914807003,176.88789210729033,2.637315264092485,5.626471007987005,300.2004041168843,54.67444686671756,23.0,176.88789210729033,2.637315264092485,5.626471007987005,361.7359638563527,61.740124885187434,82.71906914807003,176.88789210729033,2.637315264092485,5.626471007987005,361.7359638563527,61.740124885187434,23.0,176.88789210729033,2.637315264092485,5.626471007987005
2026-04-30 11:28:11,88,wait_for_arrival,0,P1,324.5838623046875,-7.667892932891846,301.2470703125,178.49969482421875,0.5095624327659607,70.88568115234375,324.5838623046875,-7.667892932891846,301.2470703125,178.49969482421875,0.5095624327659607,70.88568115234375,367.48224570320536,-5.834498208757692,82.71906914807003,-2.6412049567817113,-3.10880835184022,-84.23018906600385,307.72921411882305,-19.835774449987625,82.71906914807003,176.88789210729033,2.637315264092485,5.626471007987005,307.72921411882305,-19.835774449987625,23.0,176.88789210729033,2.637315264092485,5.626471007987005,300.2004041168843,54.67444686671756,82.71906914807003,176.88789210729033,2.637315264092485,5.626471007987005,300.2004041168843,54.67444686671756,23.0,176.88789210729033,2.637315264092485,5.626471007987005,361.7359638563527,61.740124885187434,82.71906914807003,176.88789210729033,2.637315264092485,5.626471007987005,361.7359638563527,61.740124885187434,23.0,176.88789210729033,2.637315264092485,5.626471007987005
2026-04-30 11:28:11,89,wait_for_arrival,0,P1,324.93603515625,-7.545563697814941,300.2473449707031,178.51119995117188,0.5195425152778625,70.59893798828125,324.93603515625,-7.545563697814941,300.2473449707031,178.51119995117188,0.5195425152778625,70.59893798828125,367.48224570320536,-5.834498208757692,82.71906914807003,-2.6412049567817113,-3.10880835184022,-84.23018906600385,307.72921411882305,-19.835774449987625,82.71906914807003,176.88789210729033,2.637315264092485,5.626471007987005,307.72921411882305,-19.835774449987625,23.0,176.88789210729033,2.637315264092485,5.626471007987005,300.2004041168843,54.67444686671756,82.71906914807003,176.88789210729033,2.637315264092485,5.626471007987005,300.2004041168843,54.67444686671756,23.0,176.88789210729033,2.637315264092485,5.626471007987005,361.7359638563527,61.740124885187434,82.71906914807003,176.88789210729033,2.637315264092485,5.626471007987005,361.7359638563527,61.740124885187434,23.0,176.88789210729033,2.637315264092485,5.626471007987005
2026-04-30 11:28:11,90,wait_for_arrival,0,P1,328.47900390625,-6.315696716308594,289.68780517578125,178.5917205810547,0.5993689894676208,67.54971313476562,328.47900390625,-6.315696716308594,289.68780517578125,178.5917205810547,0.5993689894676208,67.54971313476562,367.48224570320536,-5.834498208757692,82.71906914807003,-2.6412049567817113,-3.10880835184022,-84.23018906600385,307.72921411882305,-19.835774449987625,82.71906914807003,176.88789210729033,2.637315264092485,5.626471007987005,307.72921411882305,-19.835774449987625,23.0,176.88789210729033,2.637315264092485,5.626471007987005,300.2004041168843,54.67444686671756,82.71906914807003,176.88789210729033,2.637315264092485,5.626471007987005,300.2004041168843,54.67444686671756,23.0,176.88789210729033,2.637315264092485,5.626471007987005,361.7359638563527,61.740124885187434,82.71906914807003,176.88789210729033,2.637315264092485,5.626471007987005,361.7359638563527,61.740124885187434,23.0,176.88789210729033,2.637315264092485,5.626471007987005
2026-04-30 11:28:12,91,wait_for_arrival,0,P1,328.7997741699219,-6.204294204711914,288.63037109375,178.60057067871094,0.6093368530273438,67.25442504882812,328.7997741699219,-6.204294204711914,288.63037109375,178.60057067871094,0.6093368530273438,67.25442504882812,367.48224570320536,-5.834498208757692,82.71906914807003,-2.6412049567817113,-3.10880835184022,-84.23018906600385,307.72921411882305,-19.835774449987625,82.71906914807003,176.88789210729033,2.637315264092485,5.626471007987005,307.72921411882305,-19.835774449987625,23.0,176.88789210729033,2.637315264092485,5.626471007987005,300.2004041168843,54.67444686671756,82.71906914807003,176.88789210729033,2.637315264092485,5.626471007987005,300.2004041168843,54.67444686671756,23.0,176.88789210729033,2.637315264092485,5.626471007987005,361.7359638563527,61.740124885187434,82.71906914807003,176.88789210729033,2.637315264092485,5.626471007987005,361.7359638563527,61.740124885187434,23.0,176.88789210729033,2.637315264092485,5.626471007987005
2026-04-30 11:28:12,92,wait_for_arrival,0,P1,332.2023620605469,-5.052667140960693,276.57257080078125,178.68008422851562,0.717100203037262,63.922027587890625,332.2023620605469,-5.052667140960693,276.57257080078125,178.68008422851562,0.717100203037262,63.922027587890625,367.48224570320536,-5.834498208757692,82.71906914807003,-2.6412049567817113,-3.10880835184022,-84.23018906600385,307.72921411882305,-19.835774449987625,82.71906914807003,176.88789210729033,2.637315264092485,5.626471007987005,307.72921411882305,-19.835774449987625,23.0,176.88789210729033,2.637315264092485,5.626471007987005,300.2004041168843,54.67444686671756,82.71906914807003,176.88789210729033,2.637315264092485,5.626471007987005,300.2004041168843,54.67444686671756,23.0,176.88789210729033,2.637315264092485,5.626471007987005,361.7359638563527,61.740124885187434,82.71906914807003,176.88789210729033,2.637315264092485,5.626471007987005,361.7359638563527,61.740124885187434,23.0,176.88789210729033,2.637315264092485,5.626471007987005
2026-04-30 11:28:12,93,wait_for_arrival,0,P1,335.15374755859375,-4.087059020996094,264.1359558105469,178.7384490966797,0.8304147720336914,60.586631774902344,335.15374755859375,-4.087059020996094,264.1359558105469,178.7384490966797,0.8304147720336914,60.586631774902344,367.48224570320536,-5.834498208757692,82.71906914807003,-2.6412049567817113,-3.10880835184022,-84.23018906600385,307.72921411882305,-19.835774449987625,82.71906914807003,176.88789210729033,2.637315264092485,5.626471007987005,307.72921411882305,-19.835774449987625,23.0,176.88789210729033,2.637315264092485,5.626471007987005,300.2004041168843,54.67444686671756,82.71906914807003,176.88789210729033,2.637315264092485,5.626471007987005,300.2004041168843,54.67444686671756,23.0,176.88789210729033,2.637315264092485,5.626471007987005,361.7359638563527,61.740124885187434,82.71906914807003,176.88789210729033,2.637315264092485,5.626471007987005,361.7359638563527,61.740124885187434,23.0,176.88789210729033,2.637315264092485,5.626471007987005
2026-04-30 11:28:12,94,wait_for_arrival,0,P1,337.6106872558594,-3.3293843269348145,251.23458862304688,178.78292846679688,0.9604409337043762,57.2447624206543,337.6106872558594,-3.3293843269348145,251.23458862304688,178.78292846679688,0.9604409337043762,57.2447624206543,367.48224570320536,-5.834498208757692,82.71906914807003,-2.6412049567817113,-3.10880835184022,-84.23018906600385,307.72921411882305,-19.835774449987625,82.71906914807003,176.88789210729033,2.637315264092485,5.626471007987005,307.72921411882305,-19.835774449987625,23.0,176.88789210729033,2.637315264092485,5.626471007987005,300.2004041168843,54.67444686671756,82.71906914807003,176.88789210729033,2.637315264092485,5.626471007987005,300.2004041168843,54.67444686671756,23.0,176.88789210729033,2.637315264092485,5.626471007987005,361.7359638563527,61.740124885187434,82.71906914807003,176.88789210729033,2.637315264092485,5.626471007987005,361.7359638563527,61.740124885187434,23.0,176.88789210729033,2.637315264092485,5.626471007987005
2026-04-30 11:28:12,95,wait_for_arrival,0,P1,337.6106872558594,-3.3293843269348145,251.23458862304688,178.78292846679688,0.9604409337043762,57.2447624206543,337.6106872558594,-3.3293843269348145,251.23458862304688,178.78292846679688,0.9604409337043762,57.2447624206543,367.48224570320536,-5.834498208757692,82.71906914807003,-2.6412049567817113,-3.10880835184022,-84.23018906600385,307.72921411882305,-19.835774449987625,82.71906914807003,176.88789210729033,2.637315264092485,5.626471007987005,307.72921411882305,-19.835774449987625,23.0,176.88789210729033,2.637315264092485,5.626471007987005,300.2004041168843,54.67444686671756,82.71906914807003,176.88789210729033,2.637315264092485,5.626471007987005,300.2004041168843,54.67444686671756,23.0,176.88789210729033,2.637315264092485,5.626471007987005,361.7359638563527,61.740124885187434,82.71906914807003,176.88789210729033,2.637315264092485,5.626471007987005,361.7359638563527,61.740124885187434,23.0,176.88789210729033,2.637315264092485,5.626471007987005
2026-04-30 11:28:12,96,wait_for_arrival,0,P1,340.8356018066406,-2.4582958221435547,226.87637329101562,178.80821228027344,1.205504059791565,51.15364074707031,340.8356018066406,-2.4582958221435547,226.87637329101562,178.80821228027344,1.205504059791565,51.15364074707031,367.48224570320536,-5.834498208757692,82.71906914807003,-2.6412049567817113,-3.10880835184022,-84.23018906600385,307.72921411882305,-19.835774449987625,82.71906914807003,176.88789210729033,2.637315264092485,5.626471007987005,307.72921411882305,-19.835774449987625,23.0,176.88789210729033,2.637315264092485,5.626471007987005,300.2004041168843,54.67444686671756,82.71906914807003,176.88789210729033,2.637315264092485,5.626471007987005,300.2004041168843,54.67444686671756,23.0,176.88789210729033,2.637315264092485,5.626471007987005,361.7359638563527,61.740124885187434,82.71906914807003,176.88789210729033,2.637315264092485,5.626471007987005,361.7359638563527,61.740124885187434,23.0,176.88789210729033,2.637315264092485,5.626471007987005
2026-04-30 11:28:12,97,wait_for_arrival,0,P1,340.9485168457031,-2.4347715377807617,225.6904296875,178.807861328125,1.2179603576660156,50.863525390625,340.9485168457031,-2.4347715377807617,225.6904296875,178.807861328125,1.2179603576660156,50.863525390625,367.48224570320536,-5.834498208757692,82.71906914807003,-2.6412049567817113,-3.10880835184022,-84.23018906600385,307.72921411882305,-19.835774449987625,82.71906914807003,176.88789210729033,2.637315264092485,5.626471007987005,307.72921411882305,-19.835774449987625,23.0,176.88789210729033,2.637315264092485,5.626471007987005,300.2004041168843,54.67444686671756,82.71906914807003,176.88789210729033,2.637315264092485,5.626471007987005,300.2004041168843,54.67444686671756,23.0,176.88789210729033,2.637315264092485,5.626471007987005,361.7359638563527,61.740124885187434,82.71906914807003,176.88789210729033,2.637315264092485,5.626471007987005,361.7359638563527,61.740124885187434,23.0,176.88789210729033,2.637315264092485,5.626471007987005
2026-04-30 11:28:13,98,wait_for_arrival,0,P1,340.9485168457031,-2.4347715377807617,225.6904296875,178.807861328125,1.2179603576660156,50.863525390625,340.9485168457031,-2.4347715377807617,225.6904296875,178.807861328125,1.2179603576660156,50.863525390625,367.48224570320536,-5.834498208757692,82.71906914807003,-2.6412049567817113,-3.10880835184022,-84.23018906600385,307.72921411882305,-19.835774449987625,82.71906914807003,176.88789210729033,2.637315264092485,5.626471007987005,307.72921411882305,-19.835774449987625,23.0,176.88789210729033,2.637315264092485,5.626471007987005,300.2004041168843,54.67444686671756,82.71906914807003,176.88789210729033,2.637315264092485,5.626471007987005,300.2004041168843,54.67444686671756,23.0,176.88789210729033,2.637315264092485,5.626471007987005,361.7359638563527,61.740124885187434,82.71906914807003,176.88789210729033,2.637315264092485,5.626471007987005,361.7359638563527,61.740124885187434,23.0,176.88789210729033,2.637315264092485,5.626471007987005
2026-04-30 11:28:13,99,wait_for_arrival,0,P1,342.30572509765625,-2.2810940742492676,203.32427978515625,178.771728515625,1.4445905685424805,45.493896484375,342.30572509765625,-2.2810940742492676,203.32427978515625,178.771728515625,1.4445905685424805,45.493896484375,367.48224570320536,-5.834498208757692,82.71906914807003,-2.6412049567817113,-3.10880835184022,-84.23018906600385,307.72921411882305,-19.835774449987625,82.71906914807003,176.88789210729033,2.637315264092485,5.626471007987005,307.72921411882305,-19.835774449987625,23.0,176.88789210729033,2.637315264092485,5.626471007987005,300.2004041168843,54.67444686671756,82.71906914807003,176.88789210729033,2.637315264092485,5.626471007987005,300.2004041168843,54.67444686671756,23.0,176.88789210729033,2.637315264092485,5.626471007987005,361.7359638563527,61.740124885187434,82.71906914807003,176.88789210729033,2.637315264092485,5.626471007987005,361.7359638563527,61.740124885187434,23.0,176.88789210729033,2.637315264092485,5.626471007987005
2026-04-30 11:28:13,100,wait_for_arrival,0,P1,342.3361511230469,-2.289590835571289,202.09829711914062,178.76873779296875,1.4582916498184204,45.20688247680664,342.3361511230469,-2.289590835571289,202.09829711914062,178.76873779296875,1.4582916498184204,45.20688247680664,367.48224570320536,-5.834498208757692,82.71906914807003,-2.6412049567817113,-3.10880835184022,-84.23018906600385,307.72921411882305,-19.835774449987625,82.71906914807003,176.88789210729033,2.637315264092485,5.626471007987005,307.72921411882305,-19.835774449987625,23.0,176.88789210729033,2.637315264092485,5.626471007987005,300.2004041168843,54.67444686671756,82.71906914807003,176.88789210729033,2.637315264092485,5.626471007987005,300.2004041168843,54.67444686671756,23.0,176.88789210729033,2.637315264092485,5.626471007987005,361.7359638563527,61.740124885187434,82.71906914807003,176.88789210729033,2.637315264092485,5.626471007987005,361.7359638563527,61.740124885187434,23.0,176.88789210729033,2.637315264092485,5.626471007987005
2026-04-30 11:28:13,101,wait_for_arrival,0,P1,342.3361511230469,-2.289590835571289,202.09829711914062,178.76873779296875,1.4582916498184204,45.20688247680664,342.3361511230469,-2.289590835571289,202.09829711914062,178.76873779296875,1.4582916498184204,45.20688247680664,367.48224570320536,-5.834498208757692,82.71906914807003,-2.6412049567817113,-3.10880835184022,-84.23018906600385,307.72921411882305,-19.835774449987625,82.71906914807003,176.88789210729033,2.637315264092485,5.626471007987005,307.72921411882305,-19.835774449987625,23.0,176.88789210729033,2.637315264092485,5.626471007987005,300.2004041168843,54.67444686671756,82.71906914807003,176.88789210729033,2.637315264092485,5.626471007987005,300.2004041168843,54.67444686671756,23.0,176.88789210729033,2.637315264092485,5.626471007987005,361.7359638563527,61.740124885187434,82.71906914807003,176.88789210729033,2.637315264092485,5.626471007987005,361.7359638563527,61.740124885187434,23.0,176.88789210729033,2.637315264092485,5.626471007987005
2026-04-30 11:28:14,102,wait_for_arrival,0,P1,342.2447814941406,-2.74827241897583,178.98471069335938,178.6748046875,1.6867494583129883,39.838375091552734,342.2447814941406,-2.74827241897583,178.98471069335938,178.6748046875,1.6867494583129883,39.838375091552734,367.48224570320536,-5.834498208757692,82.71906914807003,-2.6412049567817113,-3.10880835184022,-84.23018906600385,307.72921411882305,-19.835774449987625,82.71906914807003,176.88789210729033,2.637315264092485,5.626471007987005,307.72921411882305,-19.835774449987625,23.0,176.88789210729033,2.637315264092485,5.626471007987005,300.2004041168843,54.67444686671756,82.71906914807003,176.88789210729033,2.637315264092485,5.626471007987005,300.2004041168843,54.67444686671756,23.0,176.88789210729033,2.637315264092485,5.626471007987005,361.7359638563527,61.740124885187434,82.71906914807003,176.88789210729033,2.637315264092485,5.626471007987005,361.7359638563527,61.740124885187434,23.0,176.88789210729033,2.637315264092485,5.626471007987005
2026-04-30 11:28:14,103,wait_for_arrival,0,P1,342.164794921875,-2.804957389831543,177.6859130859375,178.67051696777344,1.7066419124603271,39.55044937133789,342.164794921875,-2.804957389831543,177.6859130859375,178.67051696777344,1.7066419124603271,39.55044937133789,367.48224570320536,-5.834498208757692,82.71906914807003,-2.6412049567817113,-3.10880835184022,-84.23018906600385,307.72921411882305,-19.835774449987625,82.71906914807003,176.88789210729033,2.637315264092485,5.626471007987005,307.72921411882305,-19.835774449987625,23.0,176.88789210729033,2.637315264092485,5.626471007987005,300.2004041168843,54.67444686671756,82.71906914807003,176.88789210729033,2.637315264092485,5.626471007987005,300.2004041168843,54.67444686671756,23.0,176.88789210729033,2.637315264092485,5.626471007987005,361.7359638563527,61.740124885187434,82.71906914807003,176.88789210729033,2.637315264092485,5.626471007987005,361.7359638563527,61.740124885187434,23.0,176.88789210729033,2.637315264092485,5.626471007987005
2026-04-30 11:28:14,104,wait_for_arrival,0,P1,342.164794921875,-2.804957389831543,177.6859130859375,178.67051696777344,1.7066419124603271,39.55044937133789,342.164794921875,-2.804957389831543,177.6859130859375,178.67051696777344,1.7066419124603271,39.55044937133789,367.48224570320536,-5.834498208757692,82.71906914807003,-2.6412049567817113,-3.10880835184022,-84.23018906600385,307.72921411882305,-19.835774449987625,82.71906914807003,176.88789210729033,2.637315264092485,5.626471007987005,307.72921411882305,-19.835774449987625,23.0,176.88789210729033,2.637315264092485,5.626471007987005,300.2004041168843,54.67444686671756,82.71906914807003,176.88789210729033,2.637315264092485,5.626471007987005,300.2004041168843,54.67444686671756,23.0,176.88789210729033,2.637315264092485,5.626471007987005,361.7359638563527,61.740124885187434,82.71906914807003,176.88789210729033,2.637315264092485,5.626471007987005,361.7359638563527,61.740124885187434,23.0,176.88789210729033,2.637315264092485,5.626471007987005
2026-04-30 11:28:14,105,wait_for_arrival,0,P1,342.164794921875,-2.804957389831543,177.6859130859375,178.67051696777344,1.7066419124603271,39.55044937133789,342.164794921875,-2.804957389831543,177.6859130859375,178.67051696777344,1.7066419124603271,39.55044937133789,367.48224570320536,-5.834498208757692,82.71906914807003,-2.6412049567817113,-3.10880835184022,-84.23018906600385,307.72921411882305,-19.835774449987625,82.71906914807003,176.88789210729033,2.637315264092485,5.626471007987005,307.72921411882305,-19.835774449987625,23.0,176.88789210729033,2.637315264092485,5.626471007987005,300.2004041168843,54.67444686671756,82.71906914807003,176.88789210729033,2.637315264092485,5.626471007987005,300.2004041168843,54.67444686671756,23.0,176.88789210729033,2.637315264092485,5.626471007987005,361.7359638563527,61.740124885187434,82.71906914807003,176.88789210729033,2.637315264092485,5.626471007987005,361.7359638563527,61.740124885187434,23.0,176.88789210729033,2.637315264092485,5.626471007987005
2026-04-30 11:28:15,106,wait_for_arrival,-1,P1,,,,,,,,,,,,,367.48224570320536,-5.834498208757692,82.71906914807003,-2.6412049567817113,-3.10880835184022,-84.23018906600385,307.72921411882305,-19.835774449987625,82.71906914807003,176.88789210729033,2.637315264092485,5.626471007987005,307.72921411882305,-19.835774449987625,23.0,176.88789210729033,2.637315264092485,5.626471007987005,300.2004041168843,54.67444686671756,82.71906914807003,176.88789210729033,2.637315264092485,5.626471007987005,300.2004041168843,54.67444686671756,23.0,176.88789210729033,2.637315264092485,5.626471007987005,361.7359638563527,61.740124885187434,82.71906914807003,176.88789210729033,2.637315264092485,5.626471007987005,361.7359638563527,61.740124885187434,23.0,176.88789210729033,2.637315264092485,5.626471007987005
2026-04-30 11:28:15,107,wait_for_arrival,-1,P1,,,,,,,,,,,,,367.48224570320536,-5.834498208757692,82.71906914807003,-2.6412049567817113,-3.10880835184022,-84.23018906600385,307.72921411882305,-19.835774449987625,82.71906914807003,176.88789210729033,2.637315264092485,5.626471007987005,307.72921411882305,-19.835774449987625,23.0,176.88789210729033,2.637315264092485,5.626471007987005,300.2004041168843,54.67444686671756,82.71906914807003,176.88789210729033,2.637315264092485,5.626471007987005,300.2004041168843,54.67444686671756,23.0,176.88789210729033,2.637315264092485,5.626471007987005,361.7359638563527,61.740124885187434,82.71906914807003,176.88789210729033,2.637315264092485,5.626471007987005,361.7359638563527,61.740124885187434,23.0,176.88789210729033,2.637315264092485,5.626471007987005
2026-04-30 11:28:16,108,wait_for_arrival,-1,P1,,,,,,,,,,,,,367.48224570320536,-5.834498208757692,82.71906914807003,-2.6412049567817113,-3.10880835184022,-84.23018906600385,307.72921411882305,-19.835774449987625,82.71906914807003,176.88789210729033,2.637315264092485,5.626471007987005,307.72921411882305,-19.835774449987625,23.0,176.88789210729033,2.637315264092485,5.626471007987005,300.2004041168843,54.67444686671756,82.71906914807003,176.88789210729033,2.637315264092485,5.626471007987005,300.2004041168843,54.67444686671756,23.0,176.88789210729033,2.637315264092485,5.626471007987005,361.7359638563527,61.740124885187434,82.71906914807003,176.88789210729033,2.637315264092485,5.626471007987005,361.7359638563527,61.740124885187434,23.0,176.88789210729033,2.637315264092485,5.626471007987005
2026-04-30 11:28:16,109,wait_for_arrival,-1,P1,,,,,,,,,,,,,367.48224570320536,-5.834498208757692,82.71906914807003,-2.6412049567817113,-3.10880835184022,-84.23018906600385,307.72921411882305,-19.835774449987625,82.71906914807003,176.88789210729033,2.637315264092485,5.626471007987005,307.72921411882305,-19.835774449987625,23.0,176.88789210729033,2.637315264092485,5.626471007987005,300.2004041168843,54.67444686671756,82.71906914807003,176.88789210729033,2.637315264092485,5.626471007987005,300.2004041168843,54.67444686671756,23.0,176.88789210729033,2.637315264092485,5.626471007987005,361.7359638563527,61.740124885187434,82.71906914807003,176.88789210729033,2.637315264092485,5.626471007987005,361.7359638563527,61.740124885187434,23.0,176.88789210729033,2.637315264092485,5.626471007987005
2026-04-30 11:28:17,110,wait_for_arrival,-1,P1,,,,,,,,,,,,,367.48224570320536,-5.834498208757692,82.71906914807003,-2.6412049567817113,-3.10880835184022,-84.23018906600385,307.72921411882305,-19.835774449987625,82.71906914807003,176.88789210729033,2.637315264092485,5.626471007987005,307.72921411882305,-19.835774449987625,23.0,176.88789210729033,2.637315264092485,5.626471007987005,300.2004041168843,54.67444686671756,82.71906914807003,176.88789210729033,2.637315264092485,5.626471007987005,300.2004041168843,54.67444686671756,23.0,176.88789210729033,2.637315264092485,5.626471007987005,361.7359638563527,61.740124885187434,82.71906914807003,176.88789210729033,2.637315264092485,5.626471007987005,361.7359638563527,61.740124885187434,23.0,176.88789210729033,2.637315264092485,5.626471007987005
2026-04-30 11:28:17,111,wait_for_arrival,0,P1,317.9071044921875,-15.106532096862793,50.26715087890625,177.32418823242188,2.5874407291412354,11.528414726257324,317.9071044921875,-15.106532096862793,50.26715087890625,177.32418823242188,2.5874407291412354,11.528414726257324,367.48224570320536,-5.834498208757692,82.71906914807003,-2.6412049567817113,-3.10880835184022,-84.23018906600385,307.72921411882305,-19.835774449987625,82.71906914807003,176.88789210729033,2.637315264092485,5.626471007987005,307.72921411882305,-19.835774449987625,23.0,176.88789210729033,2.637315264092485,5.626471007987005,300.2004041168843,54.67444686671756,82.71906914807003,176.88789210729033,2.637315264092485,5.626471007987005,300.2004041168843,54.67444686671756,23.0,176.88789210729033,2.637315264092485,5.626471007987005,361.7359638563527,61.740124885187434,82.71906914807003,176.88789210729033,2.637315264092485,5.626471007987005,361.7359638563527,61.740124885187434,23.0,176.88789210729033,2.637315264092485,5.626471007987005
2026-04-30 11:28:17,112,wait_for_arrival,0,P1,317.4325256347656,-15.329004287719727,48.896026611328125,177.3037872314453,2.5887460708618164,11.231344223022461,317.4325256347656,-15.329004287719727,48.896026611328125,177.3037872314453,2.5887460708618164,11.231344223022461,367.48224570320536,-5.834498208757692,82.71906914807003,-2.6412049567817113,-3.10880835184022,-84.23018906600385,307.72921411882305,-19.835774449987625,82.71906914807003,176.88789210729033,2.637315264092485,5.626471007987005,307.72921411882305,-19.835774449987625,23.0,176.88789210729033,2.637315264092485,5.626471007987005,300.2004041168843,54.67444686671756,82.71906914807003,176.88789210729033,2.637315264092485,5.626471007987005,300.2004041168843,54.67444686671756,23.0,176.88789210729033,2.637315264092485,5.626471007987005,361.7359638563527,61.740124885187434,82.71906914807003,176.88789210729033,2.637315264092485,5.626471007987005,361.7359638563527,61.740124885187434,23.0,176.88789210729033,2.637315264092485,5.626471007987005
2026-04-30 11:28:17,113,wait_for_arrival,0,P1,317.4325256347656,-15.329004287719727,48.896026611328125,177.3037872314453,2.5887460708618164,11.231344223022461,317.4325256347656,-15.329004287719727,48.896026611328125,177.3037872314453,2.5887460708618164,11.231344223022461,367.48224570320536,-5.834498208757692,82.71906914807003,-2.6412049567817113,-3.10880835184022,-84.23018906600385,307.72921411882305,-19.835774449987625,82.71906914807003,176.88789210729033,2.637315264092485,5.626471007987005,307.72921411882305,-19.835774449987625,23.0,176.88789210729033,2.637315264092485,5.626471007987005,300.2004041168843,54.67444686671756,82.71906914807003,176.88789210729033,2.637315264092485,5.626471007987005,300.2004041168843,54.67444686671756,23.0,176.88789210729033,2.637315264092485,5.626471007987005,361.7359638563527,61.740124885187434,82.71906914807003,176.88789210729033,2.637315264092485,5.626471007987005,361.7359638563527,61.740124885187434,23.0,176.88789210729033,2.637315264092485,5.626471007987005
2026-04-30 11:28:18,114,wait_for_arrival,0,P1,317.4325256347656,-15.329004287719727,48.896026611328125,177.3037872314453,2.5887460708618164,11.231344223022461,317.4325256347656,-15.329004287719727,48.896026611328125,177.3037872314453,2.5887460708618164,11.231344223022461,367.48224570320536,-5.834498208757692,82.71906914807003,-2.6412049567817113,-3.10880835184022,-84.23018906600385,307.72921411882305,-19.835774449987625,82.71906914807003,176.88789210729033,2.637315264092485,5.626471007987005,307.72921411882305,-19.835774449987625,23.0,176.88789210729033,2.637315264092485,5.626471007987005,300.2004041168843,54.67444686671756,82.71906914807003,176.88789210729033,2.637315264092485,5.626471007987005,300.2004041168843,54.67444686671756,23.0,176.88789210729033,2.637315264092485,5.626471007987005,361.7359638563527,61.740124885187434,82.71906914807003,176.88789210729033,2.637315264092485,5.626471007987005,361.7359638563527,61.740124885187434,23.0,176.88789210729033,2.637315264092485,5.626471007987005
2026-04-30 11:28:18,115,wait_for_arrival,-1,P1,,,,,,,,,,,,,367.48224570320536,-5.834498208757692,82.71906914807003,-2.6412049567817113,-3.10880835184022,-84.23018906600385,307.72921411882305,-19.835774449987625,82.71906914807003,176.88789210729033,2.637315264092485,5.626471007987005,307.72921411882305,-19.835774449987625,23.0,176.88789210729033,2.637315264092485,5.626471007987005,300.2004041168843,54.67444686671756,82.71906914807003,176.88789210729033,2.637315264092485,5.626471007987005,300.2004041168843,54.67444686671756,23.0,176.88789210729033,2.637315264092485,5.626471007987005,361.7359638563527,61.740124885187434,82.71906914807003,176.88789210729033,2.637315264092485,5.626471007987005,361.7359638563527,61.740124885187434,23.0,176.88789210729033,2.637315264092485,5.626471007987005
2026-04-30 11:28:18,116,wait_for_arrival,-1,P1,,,,,,,,,,,,,367.48224570320536,-5.834498208757692,82.71906914807003,-2.6412049567817113,-3.10880835184022,-84.23018906600385,307.72921411882305,-19.835774449987625,82.71906914807003,176.88789210729033,2.637315264092485,5.626471007987005,307.72921411882305,-19.835774449987625,23.0,176.88789210729033,2.637315264092485,5.626471007987005,300.2004041168843,54.67444686671756,82.71906914807003,176.88789210729033,2.637315264092485,5.626471007987005,300.2004041168843,54.67444686671756,23.0,176.88789210729033,2.637315264092485,5.626471007987005,361.7359638563527,61.740124885187434,82.71906914807003,176.88789210729033,2.637315264092485,5.626471007987005,361.7359638563527,61.740124885187434,23.0,176.88789210729033,2.637315264092485,5.626471007987005
2026-04-30 11:28:19,117,wait_for_arrival,-1,P1,,,,,,,,,,,,,367.48224570320536,-5.834498208757692,82.71906914807003,-2.6412049567817113,-3.10880835184022,-84.23018906600385,307.72921411882305,-19.835774449987625,82.71906914807003,176.88789210729033,2.637315264092485,5.626471007987005,307.72921411882305,-19.835774449987625,23.0,176.88789210729033,2.637315264092485,5.626471007987005,300.2004041168843,54.67444686671756,82.71906914807003,176.88789210729033,2.637315264092485,5.626471007987005,300.2004041168843,54.67444686671756,23.0,176.88789210729033,2.637315264092485,5.626471007987005,361.7359638563527,61.740124885187434,82.71906914807003,176.88789210729033,2.637315264092485,5.626471007987005,361.7359638563527,61.740124885187434,23.0,176.88789210729033,2.637315264092485,5.626471007987005
2026-04-30 11:28:19,118,wait_for_arrival,-1,P1,,,,,,,,,,,,,367.48224570320536,-5.834498208757692,82.71906914807003,-2.6412049567817113,-3.10880835184022,-84.23018906600385,307.72921411882305,-19.835774449987625,82.71906914807003,176.88789210729033,2.637315264092485,5.626471007987005,307.72921411882305,-19.835774449987625,23.0,176.88789210729033,2.637315264092485,5.626471007987005,300.2004041168843,54.67444686671756,82.71906914807003,176.88789210729033,2.637315264092485,5.626471007987005,300.2004041168843,54.67444686671756,23.0,176.88789210729033,2.637315264092485,5.626471007987005,361.7359638563527,61.740124885187434,82.71906914807003,176.88789210729033,2.637315264092485,5.626471007987005,361.7359638563527,61.740124885187434,23.0,176.88789210729033,2.637315264092485,5.626471007987005
2026-04-30 11:28:19,119,wait_for_arrival,0,P1,307.72869873046875,-19.836435317993164,23.002044677734375,176.88735961914062,2.6365554332733154,5.627577304840088,307.72869873046875,-19.836435317993164,23.002044677734375,176.88735961914062,2.6365554332733154,5.627577304840088,367.48224570320536,-5.834498208757692,82.71906914807003,-2.6412049567817113,-3.10880835184022,-84.23018906600385,307.72921411882305,-19.835774449987625,82.71906914807003,176.88789210729033,2.637315264092485,5.626471007987005,307.72921411882305,-19.835774449987625,23.0,176.88789210729033,2.637315264092485,5.626471007987005,300.2004041168843,54.67444686671756,82.71906914807003,176.88789210729033,2.637315264092485,5.626471007987005,300.2004041168843,54.67444686671756,23.0,176.88789210729033,2.637315264092485,5.626471007987005,361.7359638563527,61.740124885187434,82.71906914807003,176.88789210729033,2.637315264092485,5.626471007987005,361.7359638563527,61.740124885187434,23.0,176.88789210729033,2.637315264092485,5.626471007987005
2026-04-30 11:28:20,120,wait_for_arrival,0,P1,307.72869873046875,-19.836435317993164,23.002044677734375,176.88735961914062,2.6365554332733154,5.627577304840088,307.72869873046875,-19.836435317993164,23.002044677734375,176.88735961914062,2.6365554332733154,5.627577304840088,367.48224570320536,-5.834498208757692,82.71906914807003,-2.6412049567817113,-3.10880835184022,-84.23018906600385,307.72921411882305,-19.835774449987625,82.71906914807003,176.88789210729033,2.637315264092485,5.626471007987005,307.72921411882305,-19.835774449987625,23.0,176.88789210729033,2.637315264092485,5.626471007987005,300.2004041168843,54.67444686671756,82.71906914807003,176.88789210729033,2.637315264092485,5.626471007987005,300.2004041168843,54.67444686671756,23.0,176.88789210729033,2.637315264092485,5.626471007987005,361.7359638563527,61.740124885187434,82.71906914807003,176.88789210729033,2.637315264092485,5.626471007987005,361.7359638563527,61.740124885187434,23.0,176.88789210729033,2.637315264092485,5.626471007987005
2026-04-30 11:28:20,121,main_loop,0,P1,307.72869873046875,-19.836435317993164,23.002044677734375,176.88735961914062,2.6365554332733154,5.627577304840088,307.72869873046875,-19.836435317993164,23.002044677734375,176.88735961914062,2.6365554332733154,5.627577304840088,367.48224570320536,-5.834498208757692,82.71906914807003,-2.6412049567817113,-3.10880835184022,-84.23018906600385,307.72921411882305,-19.835774449987625,82.71906914807003,176.88789210729033,2.637315264092485,5.626471007987005,307.72921411882305,-19.835774449987625,23.0,176.88789210729033,2.637315264092485,5.626471007987005,300.2004041168843,54.67444686671756,82.71906914807003,176.88789210729033,2.637315264092485,5.626471007987005,300.2004041168843,54.67444686671756,23.0,176.88789210729033,2.637315264092485,5.626471007987005,361.7359638563527,61.740124885187434,82.71906914807003,176.88789210729033,2.637315264092485,5.626471007987005,361.7359638563527,61.740124885187434,23.0,176.88789210729033,2.637315264092485,5.626471007987005
2026-04-30 11:28:24,122,main_loop,0,P1,307.72869873046875,-19.836435317993164,23.002044677734375,176.88735961914062,2.6365554332733154,5.627577304840088,307.72869873046875,-19.836435317993164,23.002044677734375,176.88735961914062,2.6365554332733154,5.627577304840088,367.48224570320536,-5.834498208757692,82.71906914807003,-2.6412049567817113,-3.10880835184022,-84.23018906600385,307.72921411882305,-19.835774449987625,82.71906914807003,176.88789210729033,2.637315264092485,5.626471007987005,307.72921411882305,-19.835774449987625,23.0,176.88789210729033,2.637315264092485,5.626471007987005,300.2004041168843,54.67444686671756,82.71906914807003,176.88789210729033,2.637315264092485,5.626471007987005,300.2004041168843,54.67444686671756,23.0,176.88789210729033,2.637315264092485,5.626471007987005,361.7359638563527,61.740124885187434,82.71906914807003,176.88789210729033,2.637315264092485,5.626471007987005,361.7359638563527,61.740124885187434,23.0,176.88789210729033,2.637315264092485,5.626471007987005
2026-04-30 11:28:24,123,main_loop,0,P1,307.72869873046875,-19.836435317993164,23.002044677734375,176.88735961914062,2.6365554332733154,5.627577304840088,307.72869873046875,-19.836435317993164,23.002044677734375,176.88735961914062,2.6365554332733154,5.627577304840088,367.48224570320536,-5.834498208757692,82.71906914807003,-2.6412049567817113,-3.10880835184022,-84.23018906600385,307.72921411882305,-19.835774449987625,82.71906914807003,176.88789210729033,2.637315264092485,5.626471007987005,307.72921411882305,-19.835774449987625,23.0,176.88789210729033,2.637315264092485,5.626471007987005,300.2004041168843,54.67444686671756,82.71906914807003,176.88789210729033,2.637315264092485,5.626471007987005,300.2004041168843,54.67444686671756,23.0,176.88789210729033,2.637315264092485,5.626471007987005,361.7359638563527,61.740124885187434,82.71906914807003,176.88789210729033,2.637315264092485,5.626471007987005,361.7359638563527,61.740124885187434,23.0,176.88789210729033,2.637315264092485,5.626471007987005
2026-04-30 11:28:24,124,main_loop,0,P1,307.72869873046875,-19.836435317993164,23.002044677734375,176.88735961914062,2.6365554332733154,5.627577304840088,307.72869873046875,-19.836435317993164,23.002044677734375,176.88735961914062,2.6365554332733154,5.627577304840088,367.48224570320536,-5.834498208757692,82.71906914807003,-2.6412049567817113,-3.10880835184022,-84.23018906600385,307.72921411882305,-19.835774449987625,82.71906914807003,176.88789210729033,2.637315264092485,5.626471007987005,307.72921411882305,-19.835774449987625,23.0,176.88789210729033,2.637315264092485,5.626471007987005,300.2004041168843,54.67444686671756,82.71906914807003,176.88789210729033,2.637315264092485,5.626471007987005,300.2004041168843,54.67444686671756,23.0,176.88789210729033,2.637315264092485,5.626471007987005,361.7359638563527,61.740124885187434,82.71906914807003,176.88789210729033,2.637315264092485,5.626471007987005,361.7359638563527,61.740124885187434,23.0,176.88789210729033,2.637315264092485,5.626471007987005
2026-04-30 11:28:24,125,main_loop,0,P1,307.7265930175781,-19.833330154418945,23.00018310546875,176.88778686523438,2.637059211730957,5.627565383911133,307.7265930175781,-19.833330154418945,23.00018310546875,176.88778686523438,2.637059211730957,5.627565383911133,367.48224570320536,-5.834498208757692,82.71906914807003,-2.6412049567817113,-3.10880835184022,-84.23018906600385,307.72921411882305,-19.835774449987625,82.71906914807003,176.88789210729033,2.637315264092485,5.626471007987005,307.72921411882305,-19.835774449987625,23.0,176.88789210729033,2.637315264092485,5.626471007987005,300.2004041168843,54.67444686671756,82.71906914807003,176.88789210729033,2.637315264092485,5.626471007987005,300.2004041168843,54.67444686671756,23.0,176.88789210729033,2.637315264092485,5.626471007987005,361.7359638563527,61.740124885187434,82.71906914807003,176.88789210729033,2.637315264092485,5.626471007987005,361.7359638563527,61.740124885187434,23.0,176.88789210729033,2.637315264092485,5.626471007987005
2026-04-30 11:28:24,126,main_loop,0,P1,307.7265930175781,-19.833330154418945,23.00018310546875,176.88778686523438,2.637059211730957,5.627565383911133,307.7265930175781,-19.833330154418945,23.00018310546875,176.88778686523438,2.637059211730957,5.627565383911133,367.48224570320536,-5.834498208757692,82.71906914807003,-2.6412049567817113,-3.10880835184022,-84.23018906600385,307.72921411882305,-19.835774449987625,82.71906914807003,176.88789210729033,2.637315264092485,5.626471007987005,307.72921411882305,-19.835774449987625,23.0,176.88789210729033,2.637315264092485,5.626471007987005,300.2004041168843,54.67444686671756,82.71906914807003,176.88789210729033,2.637315264092485,5.626471007987005,300.2004041168843,54.67444686671756,23.0,176.88789210729033,2.637315264092485,5.626471007987005,361.7359638563527,61.740124885187434,82.71906914807003,176.88789210729033,2.637315264092485,5.626471007987005,361.7359638563527,61.740124885187434,23.0,176.88789210729033,2.637315264092485,5.626471007987005
2026-04-30 11:28:24,127,main_loop,0,P1,307.7265930175781,-19.833330154418945,23.00018310546875,176.88778686523438,2.637059211730957,5.627565383911133,307.7265930175781,-19.833330154418945,23.00018310546875,176.88778686523438,2.637059211730957,5.627565383911133,367.48224570320536,-5.834498208757692,82.71906914807003,-2.6412049567817113,-3.10880835184022,-84.23018906600385,307.72921411882305,-19.835774449987625,82.71906914807003,176.88789210729033,2.637315264092485,5.626471007987005,307.72921411882305,-19.835774449987625,23.0,176.88789210729033,2.637315264092485,5.626471007987005,300.2004041168843,54.67444686671756,82.71906914807003,176.88789210729033,2.637315264092485,5.626471007987005,300.2004041168843,54.67444686671756,23.0,176.88789210729033,2.637315264092485,5.626471007987005,361.7359638563527,61.740124885187434,82.71906914807003,176.88789210729033,2.637315264092485,5.626471007987005,361.7359638563527,61.740124885187434,23.0,176.88789210729033,2.637315264092485,5.626471007987005
2026-04-30 11:28:24,128,main_loop,0,P1,307.7265930175781,-19.833330154418945,23.00018310546875,176.88778686523438,2.637059211730957,5.627565383911133,307.7265930175781,-19.833330154418945,23.00018310546875,176.88778686523438,2.637059211730957,5.627565383911133,367.48224570320536,-5.834498208757692,82.71906914807003,-2.6412049567817113,-3.10880835184022,-84.23018906600385,307.72921411882305,-19.835774449987625,82.71906914807003,176.88789210729033,2.637315264092485,5.626471007987005,307.72921411882305,-19.835774449987625,23.0,176.88789210729033,2.637315264092485,5.626471007987005,300.2004041168843,54.67444686671756,82.71906914807003,176.88789210729033,2.637315264092485,5.626471007987005,300.2004041168843,54.67444686671756,23.0,176.88789210729033,2.637315264092485,5.626471007987005,361.7359638563527,61.740124885187434,82.71906914807003,176.88789210729033,2.637315264092485,5.626471007987005,361.7359638563527,61.740124885187434,23.0,176.88789210729033,2.637315264092485,5.626471007987005
2026-04-30 11:28:24,129,main_loop,0,P1,307.7265930175781,-19.833330154418945,23.00018310546875,176.88778686523438,2.637059211730957,5.627565383911133,307.7265930175781,-19.833330154418945,23.00018310546875,176.88778686523438,2.637059211730957,5.627565383911133,367.48224570320536,-5.834498208757692,82.71906914807003,-2.6412049567817113,-3.10880835184022,-84.23018906600385,307.72921411882305,-19.835774449987625,82.71906914807003,176.88789210729033,2.637315264092485,5.626471007987005,307.72921411882305,-19.835774449987625,23.0,176.88789210729033,2.637315264092485,5.626471007987005,300.2004041168843,54.67444686671756,82.71906914807003,176.88789210729033,2.637315264092485,5.626471007987005,300.2004041168843,54.67444686671756,23.0,176.88789210729033,2.637315264092485,5.626471007987005,361.7359638563527,61.740124885187434,82.71906914807003,176.88789210729033,2.637315264092485,5.626471007987005,361.7359638563527,61.740124885187434,23.0,176.88789210729033,2.637315264092485,5.626471007987005
2026-04-30 11:28:24,130,main_loop,0,P1,307.72821044921875,-19.834514617919922,23.0008544921875,176.88778686523438,2.6370668411254883,5.627205848693848,307.72821044921875,-19.834514617919922,23.0008544921875,176.88778686523438,2.6370668411254883,5.627205848693848,367.48224570320536,-5.834498208757692,82.71906914807003,-2.6412049567817113,-3.10880835184022,-84.23018906600385,307.72921411882305,-19.835774449987625,82.71906914807003,176.88789210729033,2.637315264092485,5.626471007987005,307.72921411882305,-19.835774449987625,23.0,176.88789210729033,2.637315264092485,5.626471007987005,300.2004041168843,54.67444686671756,82.71906914807003,176.88789210729033,2.637315264092485,5.626471007987005,300.2004041168843,54.67444686671756,23.0,176.88789210729033,2.637315264092485,5.626471007987005,361.7359638563527,61.740124885187434,82.71906914807003,176.88789210729033,2.637315264092485,5.626471007987005,361.7359638563527,61.740124885187434,23.0,176.88789210729033,2.637315264092485,5.626471007987005
2026-04-30 11:28:24,131,main_loop,0,P1,307.72821044921875,-19.834514617919922,23.0008544921875,176.88778686523438,2.6370668411254883,5.627205848693848,307.72821044921875,-19.834514617919922,23.0008544921875,176.88778686523438,2.6370668411254883,5.627205848693848,367.48224570320536,-5.834498208757692,82.71906914807003,-2.6412049567817113,-3.10880835184022,-84.23018906600385,307.72921411882305,-19.835774449987625,82.71906914807003,176.88789210729033,2.637315264092485,5.626471007987005,307.72921411882305,-19.835774449987625,23.0,176.88789210729033,2.637315264092485,5.626471007987005,300.2004041168843,54.67444686671756,82.71906914807003,176.88789210729033,2.637315264092485,5.626471007987005,300.2004041168843,54.67444686671756,23.0,176.88789210729033,2.637315264092485,5.626471007987005,361.7359638563527,61.740124885187434,82.71906914807003,176.88789210729033,2.637315264092485,5.626471007987005,361.7359638563527,61.740124885187434,23.0,176.88789210729033,2.637315264092485,5.626471007987005
2026-04-30 11:28:24,132,main_loop,0,P1,307.72821044921875,-19.834514617919922,23.0008544921875,176.88778686523438,2.6370668411254883,5.627205848693848,307.72821044921875,-19.834514617919922,23.0008544921875,176.88778686523438,2.6370668411254883,5.627205848693848,367.48224570320536,-5.834498208757692,82.71906914807003,-2.6412049567817113,-3.10880835184022,-84.23018906600385,307.72921411882305,-19.835774449987625,82.71906914807003,176.88789210729033,2.637315264092485,5.626471007987005,307.72921411882305,-19.835774449987625,23.0,176.88789210729033,2.637315264092485,5.626471007987005,300.2004041168843,54.67444686671756,82.71906914807003,176.88789210729033,2.637315264092485,5.626471007987005,300.2004041168843,54.67444686671756,23.0,176.88789210729033,2.637315264092485,5.626471007987005,361.7359638563527,61.740124885187434,82.71906914807003,176.88789210729033,2.637315264092485,5.626471007987005,361.7359638563527,61.740124885187434,23.0,176.88789210729033,2.637315264092485,5.626471007987005
2026-04-30 11:28:24,133,main_loop,0,P1,307.7273864746094,-19.83670425415039,22.9991455078125,176.88766479492188,2.63736891746521,5.626287460327148,307.7273864746094,-19.83670425415039,22.9991455078125,176.88766479492188,2.63736891746521,5.626287460327148,367.48224570320536,-5.834498208757692,82.71906914807003,-2.6412049567817113,-3.10880835184022,-84.23018906600385,307.72921411882305,-19.835774449987625,82.71906914807003,176.88789210729033,2.637315264092485,5.626471007987005,307.72921411882305,-19.835774449987625,23.0,176.88789210729033,2.637315264092485,5.626471007987005,300.2004041168843,54.67444686671756,82.71906914807003,176.88789210729033,2.637315264092485,5.626471007987005,300.2004041168843,54.67444686671756,23.0,176.88789210729033,2.637315264092485,5.626471007987005,361.7359638563527,61.740124885187434,82.71906914807003,176.88789210729033,2.637315264092485,5.626471007987005,361.7359638563527,61.740124885187434,23.0,176.88789210729033,2.637315264092485,5.626471007987005
2026-04-30 11:28:24,134,main_loop,0,P1,307.7273864746094,-19.83670425415039,22.9991455078125,176.88766479492188,2.63736891746521,5.626287460327148,307.7273864746094,-19.83670425415039,22.9991455078125,176.88766479492188,2.63736891746521,5.626287460327148,367.48224570320536,-5.834498208757692,82.71906914807003,-2.6412049567817113,-3.10880835184022,-84.23018906600385,307.72921411882305,-19.835774449987625,82.71906914807003,176.88789210729033,2.637315264092485,5.626471007987005,307.72921411882305,-19.835774449987625,23.0,176.88789210729033,2.637315264092485,5.626471007987005,300.2004041168843,54.67444686671756,82.71906914807003,176.88789210729033,2.637315264092485,5.626471007987005,300.2004041168843,54.67444686671756,23.0,176.88789210729033,2.637315264092485,5.626471007987005,361.7359638563527,61.740124885187434,82.71906914807003,176.88789210729033,2.637315264092485,5.626471007987005,361.7359638563527,61.740124885187434,23.0,176.88789210729033,2.637315264092485,5.626471007987005
2026-04-30 11:28:24,135,main_loop,0,P1,307.7273864746094,-19.83670425415039,22.9991455078125,176.88766479492188,2.63736891746521,5.626287460327148,307.7273864746094,-19.83670425415039,22.9991455078125,176.88766479492188,2.63736891746521,5.626287460327148,367.48224570320536,-5.834498208757692,82.71906914807003,-2.6412049567817113,-3.10880835184022,-84.23018906600385,307.72921411882305,-19.835774449987625,82.71906914807003,176.88789210729033,2.637315264092485,5.626471007987005,307.72921411882305,-19.835774449987625,23.0,176.88789210729033,2.637315264092485,5.626471007987005,300.2004041168843,54.67444686671756,82.71906914807003,176.88789210729033,2.637315264092485,5.626471007987005,300.2004041168843,54.67444686671756,23.0,176.88789210729033,2.637315264092485,5.626471007987005,361.7359638563527,61.740124885187434,82.71906914807003,176.88789210729033,2.637315264092485,5.626471007987005,361.7359638563527,61.740124885187434,23.0,176.88789210729033,2.637315264092485,5.626471007987005
2026-04-30 11:28:24,136,main_loop,0,P1,307.7273864746094,-19.83670425415039,22.9991455078125,176.88766479492188,2.63736891746521,5.626287460327148,307.7273864746094,-19.83670425415039,22.9991455078125,176.88766479492188,2.63736891746521,5.626287460327148,367.48224570320536,-5.834498208757692,82.71906914807003,-2.6412049567817113,-3.10880835184022,-84.23018906600385,307.72921411882305,-19.835774449987625,82.71906914807003,176.88789210729033,2.637315264092485,5.626471007987005,307.72921411882305,-19.835774449987625,23.0,176.88789210729033,2.637315264092485,5.626471007987005,300.2004041168843,54.67444686671756,82.71906914807003,176.88789210729033,2.637315264092485,5.626471007987005,300.2004041168843,54.67444686671756,23.0,176.88789210729033,2.637315264092485,5.626471007987005,361.7359638563527,61.740124885187434,82.71906914807003,176.88789210729033,2.637315264092485,5.626471007987005,361.7359638563527,61.740124885187434,23.0,176.88789210729033,2.637315264092485,5.626471007987005
2026-04-30 11:28:25,137,main_loop,0,P1,307.7273864746094,-19.83670425415039,22.9991455078125,176.88766479492188,2.63736891746521,5.626287460327148,307.7273864746094,-19.83670425415039,22.9991455078125,176.88766479492188,2.63736891746521,5.626287460327148,367.48224570320536,-5.834498208757692,82.71906914807003,-2.6412049567817113,-3.10880835184022,-84.23018906600385,307.72921411882305,-19.835774449987625,82.71906914807003,176.88789210729033,2.637315264092485,5.626471007987005,307.72921411882305,-19.835774449987625,23.0,176.88789210729033,2.637315264092485,5.626471007987005,300.2004041168843,54.67444686671756,82.71906914807003,176.88789210729033,2.637315264092485,5.626471007987005,300.2004041168843,54.67444686671756,23.0,176.88789210729033,2.637315264092485,5.626471007987005,361.7359638563527,61.740124885187434,82.71906914807003,176.88789210729033,2.637315264092485,5.626471007987005,361.7359638563527,61.740124885187434,23.0,176.88789210729033,2.637315264092485,5.626471007987005
2026-04-30 11:28:25,138,main_loop,-1,P1,,,,,,,,,,,,,367.48224570320536,-5.834498208757692,82.71906914807003,-2.6412049567817113,-3.10880835184022,-84.23018906600385,307.72921411882305,-19.835774449987625,82.71906914807003,176.88789210729033,2.637315264092485,5.626471007987005,307.72921411882305,-19.835774449987625,23.0,176.88789210729033,2.637315264092485,5.626471007987005,300.2004041168843,54.67444686671756,82.71906914807003,176.88789210729033,2.637315264092485,5.626471007987005,300.2004041168843,54.67444686671756,23.0,176.88789210729033,2.637315264092485,5.626471007987005,361.7359638563527,61.740124885187434,82.71906914807003,176.88789210729033,2.637315264092485,5.626471007987005,361.7359638563527,61.740124885187434,23.0,176.88789210729033,2.637315264092485,5.626471007987005
2026-04-30 11:28:25,139,main_loop,-1,P1,,,,,,,,,,,,,367.48224570320536,-5.834498208757692,82.71906914807003,-2.6412049567817113,-3.10880835184022,-84.23018906600385,307.72921411882305,-19.835774449987625,82.71906914807003,176.88789210729033,2.637315264092485,5.626471007987005,307.72921411882305,-19.835774449987625,23.0,176.88789210729033,2.637315264092485,5.626471007987005,300.2004041168843,54.67444686671756,82.71906914807003,176.88789210729033,2.637315264092485,5.626471007987005,300.2004041168843,54.67444686671756,23.0,176.88789210729033,2.637315264092485,5.626471007987005,361.7359638563527,61.740124885187434,82.71906914807003,176.88789210729033,2.637315264092485,5.626471007987005,361.7359638563527,61.740124885187434,23.0,176.88789210729033,2.637315264092485,5.626471007987005
2026-04-30 11:28:32,140,wait_for_arrival,0,P1,307.7266845703125,-19.83698844909668,22.997467041015625,176.88758850097656,2.6377389430999756,5.626842021942139,307.7266845703125,-19.83698844909668,22.997467041015625,176.88758850097656,2.6377389430999756,5.626842021942139,367.48224570320536,-5.834498208757692,82.71906914807003,-2.6412049567817113,-3.10880835184022,-84.23018906600385,307.72921411882305,-19.835774449987625,82.71906914807003,176.88789210729033,2.637315264092485,5.626471007987005,307.72921411882305,-19.835774449987625,23.0,176.88789210729033,2.637315264092485,5.626471007987005,300.2004041168843,54.67444686671756,82.71906914807003,176.88789210729033,2.637315264092485,5.626471007987005,300.2004041168843,54.67444686671756,23.0,176.88789210729033,2.637315264092485,5.626471007987005,361.7359638563527,61.740124885187434,82.71906914807003,176.88789210729033,2.637315264092485,5.626471007987005,361.7359638563527,61.740124885187434,23.0,176.88789210729033,2.637315264092485,5.626471007987005
2026-04-30 11:28:32,141,wait_for_arrival,0,P1,307.7266845703125,-19.83698844909668,22.997467041015625,176.88758850097656,2.6377389430999756,5.626842021942139,307.7266845703125,-19.83698844909668,22.997467041015625,176.88758850097656,2.6377389430999756,5.626842021942139,367.48224570320536,-5.834498208757692,82.71906914807003,-2.6412049567817113,-3.10880835184022,-84.23018906600385,307.72921411882305,-19.835774449987625,82.71906914807003,176.88789210729033,2.637315264092485,5.626471007987005,307.72921411882305,-19.835774449987625,23.0,176.88789210729033,2.637315264092485,5.626471007987005,300.2004041168843,54.67444686671756,82.71906914807003,176.88789210729033,2.637315264092485,5.626471007987005,300.2004041168843,54.67444686671756,23.0,176.88789210729033,2.637315264092485,5.626471007987005,361.7359638563527,61.740124885187434,82.71906914807003,176.88789210729033,2.637315264092485,5.626471007987005,361.7359638563527,61.740124885187434,23.0,176.88789210729033,2.637315264092485,5.626471007987005
2026-04-30 11:28:32,142,wait_for_arrival,0,P1,307.7266845703125,-19.83698844909668,22.997467041015625,176.88758850097656,2.6377389430999756,5.626842021942139,307.7266845703125,-19.83698844909668,22.997467041015625,176.88758850097656,2.6377389430999756,5.626842021942139,367.48224570320536,-5.834498208757692,82.71906914807003,-2.6412049567817113,-3.10880835184022,-84.23018906600385,307.72921411882305,-19.835774449987625,82.71906914807003,176.88789210729033,2.637315264092485,5.626471007987005,307.72921411882305,-19.835774449987625,23.0,176.88789210729033,2.637315264092485,5.626471007987005,300.2004041168843,54.67444686671756,82.71906914807003,176.88789210729033,2.637315264092485,5.626471007987005,300.2004041168843,54.67444686671756,23.0,176.88789210729033,2.637315264092485,5.626471007987005,361.7359638563527,61.740124885187434,82.71906914807003,176.88789210729033,2.637315264092485,5.626471007987005,361.7359638563527,61.740124885187434,23.0,176.88789210729033,2.637315264092485,5.626471007987005
2026-04-30 11:28:32,143,wait_for_arrival,0,P1,307.7266845703125,-19.83698844909668,22.997467041015625,176.88758850097656,2.6377389430999756,5.626842021942139,307.7266845703125,-19.83698844909668,22.997467041015625,176.88758850097656,2.6377389430999756,5.626842021942139,367.48224570320536,-5.834498208757692,82.71906914807003,-2.6412049567817113,-3.10880835184022,-84.23018906600385,307.72921411882305,-19.835774449987625,82.71906914807003,176.88789210729033,2.637315264092485,5.626471007987005,307.72921411882305,-19.835774449987625,23.0,176.88789210729033,2.637315264092485,5.626471007987005,300.2004041168843,54.67444686671756,82.71906914807003,176.88789210729033,2.637315264092485,5.626471007987005,300.2004041168843,54.67444686671756,23.0,176.88789210729033,2.637315264092485,5.626471007987005,361.7359638563527,61.740124885187434,82.71906914807003,176.88789210729033,2.637315264092485,5.626471007987005,361.7359638563527,61.740124885187434,23.0,176.88789210729033,2.637315264092485,5.626471007987005
2026-04-30 11:28:32,144,wait_for_arrival,0,P1,307.7266845703125,-19.83698844909668,22.997467041015625,176.88758850097656,2.6377389430999756,5.626842021942139,307.7266845703125,-19.83698844909668,22.997467041015625,176.88758850097656,2.6377389430999756,5.626842021942139,367.48224570320536,-5.834498208757692,82.71906914807003,-2.6412049567817113,-3.10880835184022,-84.23018906600385,307.72921411882305,-19.835774449987625,82.71906914807003,176.88789210729033,2.637315264092485,5.626471007987005,307.72921411882305,-19.835774449987625,23.0,176.88789210729033,2.637315264092485,5.626471007987005,300.2004041168843,54.67444686671756,82.71906914807003,176.88789210729033,2.637315264092485,5.626471007987005,300.2004041168843,54.67444686671756,23.0,176.88789210729033,2.637315264092485,5.626471007987005,361.7359638563527,61.740124885187434,82.71906914807003,176.88789210729033,2.637315264092485,5.626471007987005,361.7359638563527,61.740124885187434,23.0,176.88789210729033,2.637315264092485,5.626471007987005
2026-04-30 11:28:32,145,wait_for_arrival,0,P1,307.7266845703125,-19.83698844909668,22.997467041015625,176.88758850097656,2.6377389430999756,5.626842021942139,307.7266845703125,-19.83698844909668,22.997467041015625,176.88758850097656,2.6377389430999756,5.626842021942139,367.48224570320536,-5.834498208757692,82.71906914807003,-2.6412049567817113,-3.10880835184022,-84.23018906600385,307.72921411882305,-19.835774449987625,82.71906914807003,176.88789210729033,2.637315264092485,5.626471007987005,307.72921411882305,-19.835774449987625,23.0,176.88789210729033,2.637315264092485,5.626471007987005,300.2004041168843,54.67444686671756,82.71906914807003,176.88789210729033,2.637315264092485,5.626471007987005,300.2004041168843,54.67444686671756,23.0,176.88789210729033,2.637315264092485,5.626471007987005,361.7359638563527,61.740124885187434,82.71906914807003,176.88789210729033,2.637315264092485,5.626471007987005,361.7359638563527,61.740124885187434,23.0,176.88789210729033,2.637315264092485,5.626471007987005
2026-04-30 11:28:32,146,wait_for_arrival,0,P1,307.7266845703125,-19.83698844909668,22.997467041015625,176.88758850097656,2.6377389430999756,5.626842021942139,307.7266845703125,-19.83698844909668,22.997467041015625,176.88758850097656,2.6377389430999756,5.626842021942139,367.48224570320536,-5.834498208757692,82.71906914807003,-2.6412049567817113,-3.10880835184022,-84.23018906600385,307.72921411882305,-19.835774449987625,82.71906914807003,176.88789210729033,2.637315264092485,5.626471007987005,307.72921411882305,-19.835774449987625,23.0,176.88789210729033,2.637315264092485,5.626471007987005,300.2004041168843,54.67444686671756,82.71906914807003,176.88789210729033,2.637315264092485,5.626471007987005,300.2004041168843,54.67444686671756,23.0,176.88789210729033,2.637315264092485,5.626471007987005,361.7359638563527,61.740124885187434,82.71906914807003,176.88789210729033,2.637315264092485,5.626471007987005,361.7359638563527,61.740124885187434,23.0,176.88789210729033,2.637315264092485,5.626471007987005
2026-04-30 11:28:33,147,wait_for_arrival,0,P1,307.7266845703125,-19.83698844909668,22.997467041015625,176.88758850097656,2.6377389430999756,5.626842021942139,307.7266845703125,-19.83698844909668,22.997467041015625,176.88758850097656,2.6377389430999756,5.626842021942139,367.48224570320536,-5.834498208757692,82.71906914807003,-2.6412049567817113,-3.10880835184022,-84.23018906600385,307.72921411882305,-19.835774449987625,82.71906914807003,176.88789210729033,2.637315264092485,5.626471007987005,307.72921411882305,-19.835774449987625,23.0,176.88789210729033,2.637315264092485,5.626471007987005,300.2004041168843,54.67444686671756,82.71906914807003,176.88789210729033,2.637315264092485,5.626471007987005,300.2004041168843,54.67444686671756,23.0,176.88789210729033,2.637315264092485,5.626471007987005,361.7359638563527,61.740124885187434,82.71906914807003,176.88789210729033,2.637315264092485,5.626471007987005,361.7359638563527,61.740124885187434,23.0,176.88789210729033,2.637315264092485,5.626471007987005
2026-04-30 11:28:33,148,wait_for_arrival,0,P1,307.7266845703125,-19.83698844909668,22.997467041015625,176.88758850097656,2.6377389430999756,5.626842021942139,307.7266845703125,-19.83698844909668,22.997467041015625,176.88758850097656,2.6377389430999756,5.626842021942139,367.48224570320536,-5.834498208757692,82.71906914807003,-2.6412049567817113,-3.10880835184022,-84.23018906600385,307.72921411882305,-19.835774449987625,82.71906914807003,176.88789210729033,2.637315264092485,5.626471007987005,307.72921411882305,-19.835774449987625,23.0,176.88789210729033,2.637315264092485,5.626471007987005,300.2004041168843,54.67444686671756,82.71906914807003,176.88789210729033,2.637315264092485,5.626471007987005,300.2004041168843,54.67444686671756,23.0,176.88789210729033,2.637315264092485,5.626471007987005,361.7359638563527,61.740124885187434,82.71906914807003,176.88789210729033,2.637315264092485,5.626471007987005,361.7359638563527,61.740124885187434,23.0,176.88789210729033,2.637315264092485,5.626471007987005
2026-04-30 11:28:33,149,wait_for_arrival,0,P1,307.7266845703125,-19.83698844909668,22.997467041015625,176.88758850097656,2.6377389430999756,5.626842021942139,307.7266845703125,-19.83698844909668,22.997467041015625,176.88758850097656,2.6377389430999756,5.626842021942139,367.48224570320536,-5.834498208757692,82.71906914807003,-2.6412049567817113,-3.10880835184022,-84.23018906600385,307.72921411882305,-19.835774449987625,82.71906914807003,176.88789210729033,2.637315264092485,5.626471007987005,307.72921411882305,-19.835774449987625,23.0,176.88789210729033,2.637315264092485,5.626471007987005,300.2004041168843,54.67444686671756,82.71906914807003,176.88789210729033,2.637315264092485,5.626471007987005,300.2004041168843,54.67444686671756,23.0,176.88789210729033,2.637315264092485,5.626471007987005,361.7359638563527,61.740124885187434,82.71906914807003,176.88789210729033,2.637315264092485,5.626471007987005,361.7359638563527,61.740124885187434,23.0,176.88789210729033,2.637315264092485,5.626471007987005
2026-04-30 11:28:33,150,wait_for_arrival,0,P1,307.7266845703125,-19.83698844909668,22.997467041015625,176.88758850097656,2.6377389430999756,5.626842021942139,307.7266845703125,-19.83698844909668,22.997467041015625,176.88758850097656,2.6377389430999756,5.626842021942139,367.48224570320536,-5.834498208757692,82.71906914807003,-2.6412049567817113,-3.10880835184022,-84.23018906600385,307.72921411882305,-19.835774449987625,82.71906914807003,176.88789210729033,2.637315264092485,5.626471007987005,307.72921411882305,-19.835774449987625,23.0,176.88789210729033,2.637315264092485,5.626471007987005,300.2004041168843,54.67444686671756,82.71906914807003,176.88789210729033,2.637315264092485,5.626471007987005,300.2004041168843,54.67444686671756,23.0,176.88789210729033,2.637315264092485,5.626471007987005,361.7359638563527,61.740124885187434,82.71906914807003,176.88789210729033,2.637315264092485,5.626471007987005,361.7359638563527,61.740124885187434,23.0,176.88789210729033,2.637315264092485,5.626471007987005
2026-04-30 11:28:33,151,wait_for_arrival,0,P1,307.7265625,-19.838932037353516,22.997467041015625,176.88758850097656,2.6377389430999756,5.626481056213379,307.7265625,-19.838932037353516,22.997467041015625,176.88758850097656,2.6377389430999756,5.626481056213379,367.48224570320536,-5.834498208757692,82.71906914807003,-2.6412049567817113,-3.10880835184022,-84.23018906600385,307.72921411882305,-19.835774449987625,82.71906914807003,176.88789210729033,2.637315264092485,5.626471007987005,307.72921411882305,-19.835774449987625,23.0,176.88789210729033,2.637315264092485,5.626471007987005,300.2004041168843,54.67444686671756,82.71906914807003,176.88789210729033,2.637315264092485,5.626471007987005,300.2004041168843,54.67444686671756,23.0,176.88789210729033,2.637315264092485,5.626471007987005,361.7359638563527,61.740124885187434,82.71906914807003,176.88789210729033,2.637315264092485,5.626471007987005,361.7359638563527,61.740124885187434,23.0,176.88789210729033,2.637315264092485,5.626471007987005
2026-04-30 11:28:33,152,wait_for_arrival,0,P1,307.7265625,-19.838932037353516,22.997467041015625,176.88758850097656,2.6377389430999756,5.626481056213379,307.7265625,-19.838932037353516,22.997467041015625,176.88758850097656,2.6377389430999756,5.626481056213379,367.48224570320536,-5.834498208757692,82.71906914807003,-2.6412049567817113,-3.10880835184022,-84.23018906600385,307.72921411882305,-19.835774449987625,82.71906914807003,176.88789210729033,2.637315264092485,5.626471007987005,307.72921411882305,-19.835774449987625,23.0,176.88789210729033,2.637315264092485,5.626471007987005,300.2004041168843,54.67444686671756,82.71906914807003,176.88789210729033,2.637315264092485,5.626471007987005,300.2004041168843,54.67444686671756,23.0,176.88789210729033,2.637315264092485,5.626471007987005,361.7359638563527,61.740124885187434,82.71906914807003,176.88789210729033,2.637315264092485,5.626471007987005,361.7359638563527,61.740124885187434,23.0,176.88789210729033,2.637315264092485,5.626471007987005
2026-04-30 11:28:33,153,wait_for_arrival,0,P1,307.7265625,-19.838932037353516,22.997467041015625,176.88755798339844,2.6377084255218506,5.625923156738281,307.7265625,-19.838932037353516,22.997467041015625,176.88755798339844,2.6377084255218506,5.625923156738281,367.48224570320536,-5.834498208757692,82.71906914807003,-2.6412049567817113,-3.10880835184022,-84.23018906600385,307.72921411882305,-19.835774449987625,82.71906914807003,176.88789210729033,2.637315264092485,5.626471007987005,307.72921411882305,-19.835774449987625,23.0,176.88789210729033,2.637315264092485,5.626471007987005,300.2004041168843,54.67444686671756,82.71906914807003,176.88789210729033,2.637315264092485,5.626471007987005,300.2004041168843,54.67444686671756,23.0,176.88789210729033,2.637315264092485,5.626471007987005,361.7359638563527,61.740124885187434,82.71906914807003,176.88789210729033,2.637315264092485,5.626471007987005,361.7359638563527,61.740124885187434,23.0,176.88789210729033,2.637315264092485,5.626471007987005
2026-04-30 11:28:33,154,wait_for_arrival,0,P1,307.7265625,-19.838932037353516,22.997467041015625,176.88755798339844,2.6377084255218506,5.625923156738281,307.7265625,-19.838932037353516,22.997467041015625,176.88755798339844,2.6377084255218506,5.625923156738281,367.48224570320536,-5.834498208757692,82.71906914807003,-2.6412049567817113,-3.10880835184022,-84.23018906600385,307.72921411882305,-19.835774449987625,82.71906914807003,176.88789210729033,2.637315264092485,5.626471007987005,307.72921411882305,-19.835774449987625,23.0,176.88789210729033,2.637315264092485,5.626471007987005,300.2004041168843,54.67444686671756,82.71906914807003,176.88789210729033,2.637315264092485,5.626471007987005,300.2004041168843,54.67444686671756,23.0,176.88789210729033,2.637315264092485,5.626471007987005,361.7359638563527,61.740124885187434,82.71906914807003,176.88789210729033,2.637315264092485,5.626471007987005,361.7359638563527,61.740124885187434,23.0,176.88789210729033,2.637315264092485,5.626471007987005
2026-04-30 11:28:33,155,wait_for_arrival,0,P1,307.7300109863281,-19.83748435974121,22.998260498046875,176.88772583007812,2.637174129486084,5.625931262969971,307.7300109863281,-19.83748435974121,22.998260498046875,176.88772583007812,2.637174129486084,5.625931262969971,367.48224570320536,-5.834498208757692,82.71906914807003,-2.6412049567817113,-3.10880835184022,-84.23018906600385,307.72921411882305,-19.835774449987625,82.71906914807003,176.88789210729033,2.637315264092485,5.626471007987005,307.72921411882305,-19.835774449987625,23.0,176.88789210729033,2.637315264092485,5.626471007987005,300.2004041168843,54.67444686671756,82.71906914807003,176.88789210729033,2.637315264092485,5.626471007987005,300.2004041168843,54.67444686671756,23.0,176.88789210729033,2.637315264092485,5.626471007987005,361.7359638563527,61.740124885187434,82.71906914807003,176.88789210729033,2.637315264092485,5.626471007987005,361.7359638563527,61.740124885187434,23.0,176.88789210729033,2.637315264092485,5.626471007987005
2026-04-30 11:28:33,156,wait_for_arrival,0,P1,307.7300109863281,-19.83748435974121,22.998260498046875,176.88772583007812,2.637174129486084,5.625931262969971,307.7300109863281,-19.83748435974121,22.998260498046875,176.88772583007812,2.637174129486084,5.625931262969971,367.48224570320536,-5.834498208757692,82.71906914807003,-2.6412049567817113,-3.10880835184022,-84.23018906600385,307.72921411882305,-19.835774449987625,82.71906914807003,176.88789210729033,2.637315264092485,5.626471007987005,307.72921411882305,-19.835774449987625,23.0,176.88789210729033,2.637315264092485,5.626471007987005,300.2004041168843,54.67444686671756,82.71906914807003,176.88789210729033,2.637315264092485,5.626471007987005,300.2004041168843,54.67444686671756,23.0,176.88789210729033,2.637315264092485,5.626471007987005,361.7359638563527,61.740124885187434,82.71906914807003,176.88789210729033,2.637315264092485,5.626471007987005,361.7359638563527,61.740124885187434,23.0,176.88789210729033,2.637315264092485,5.626471007987005
2026-04-30 11:28:34,157,wait_for_arrival,0,P1,307.7300109863281,-19.83748435974121,22.998260498046875,176.88772583007812,2.637174129486084,5.625931262969971,307.7300109863281,-19.83748435974121,22.998260498046875,176.88772583007812,2.637174129486084,5.625931262969971,367.48224570320536,-5.834498208757692,82.71906914807003,-2.6412049567817113,-3.10880835184022,-84.23018906600385,307.72921411882305,-19.835774449987625,82.71906914807003,176.88789210729033,2.637315264092485,5.626471007987005,307.72921411882305,-19.835774449987625,23.0,176.88789210729033,2.637315264092485,5.626471007987005,300.2004041168843,54.67444686671756,82.71906914807003,176.88789210729033,2.637315264092485,5.626471007987005,300.2004041168843,54.67444686671756,23.0,176.88789210729033,2.637315264092485,5.626471007987005,361.7359638563527,61.740124885187434,82.71906914807003,176.88789210729033,2.637315264092485,5.626471007987005,361.7359638563527,61.740124885187434,23.0,176.88789210729033,2.637315264092485,5.626471007987005
2026-04-30 11:28:34,158,wait_for_arrival,0,P1,307.7300109863281,-19.83748435974121,22.998260498046875,176.88772583007812,2.637174129486084,5.625931262969971,307.7300109863281,-19.83748435974121,22.998260498046875,176.88772583007812,2.637174129486084,5.625931262969971,367.48224570320536,-5.834498208757692,82.71906914807003,-2.6412049567817113,-3.10880835184022,-84.23018906600385,307.72921411882305,-19.835774449987625,82.71906914807003,176.88789210729033,2.637315264092485,5.626471007987005,307.72921411882305,-19.835774449987625,23.0,176.88789210729033,2.637315264092485,5.626471007987005,300.2004041168843,54.67444686671756,82.71906914807003,176.88789210729033,2.637315264092485,5.626471007987005,300.2004041168843,54.67444686671756,23.0,176.88789210729033,2.637315264092485,5.626471007987005,361.7359638563527,61.740124885187434,82.71906914807003,176.88789210729033,2.637315264092485,5.626471007987005,361.7359638563527,61.740124885187434,23.0,176.88789210729033,2.637315264092485,5.626471007987005
2026-04-30 11:28:34,159,wait_for_arrival,0,P1,307.7300109863281,-19.83748435974121,22.998260498046875,176.88772583007812,2.637174129486084,5.625931262969971,307.7300109863281,-19.83748435974121,22.998260498046875,176.88772583007812,2.637174129486084,5.625931262969971,367.48224570320536,-5.834498208757692,82.71906914807003,-2.6412049567817113,-3.10880835184022,-84.23018906600385,307.72921411882305,-19.835774449987625,82.71906914807003,176.88789210729033,2.637315264092485,5.626471007987005,307.72921411882305,-19.835774449987625,23.0,176.88789210729033,2.637315264092485,5.626471007987005,300.2004041168843,54.67444686671756,82.71906914807003,176.88789210729033,2.637315264092485,5.626471007987005,300.2004041168843,54.67444686671756,23.0,176.88789210729033,2.637315264092485,5.626471007987005,361.7359638563527,61.740124885187434,82.71906914807003,176.88789210729033,2.637315264092485,5.626471007987005,361.7359638563527,61.740124885187434,23.0,176.88789210729033,2.637315264092485,5.626471007987005
2026-04-30 11:28:34,160,wait_for_arrival,0,P1,307.7300109863281,-19.83748435974121,22.998260498046875,176.88775634765625,2.63720440864563,5.626491069793701,307.7300109863281,-19.83748435974121,22.998260498046875,176.88775634765625,2.63720440864563,5.626491069793701,367.48224570320536,-5.834498208757692,82.71906914807003,-2.6412049567817113,-3.10880835184022,-84.23018906600385,307.72921411882305,-19.835774449987625,82.71906914807003,176.88789210729033,2.637315264092485,5.626471007987005,307.72921411882305,-19.835774449987625,23.0,176.88789210729033,2.637315264092485,5.626471007987005,300.2004041168843,54.67444686671756,82.71906914807003,176.88789210729033,2.637315264092485,5.626471007987005,300.2004041168843,54.67444686671756,23.0,176.88789210729033,2.637315264092485,5.626471007987005,361.7359638563527,61.740124885187434,82.71906914807003,176.88789210729033,2.637315264092485,5.626471007987005,361.7359638563527,61.740124885187434,23.0,176.88789210729033,2.637315264092485,5.626471007987005
2026-04-30 11:28:34,161,wait_for_arrival,0,P1,307.7300109863281,-19.83748435974121,22.998260498046875,176.88775634765625,2.63720440864563,5.626491069793701,307.7300109863281,-19.83748435974121,22.998260498046875,176.88775634765625,2.63720440864563,5.626491069793701,367.48224570320536,-5.834498208757692,82.71906914807003,-2.6412049567817113,-3.10880835184022,-84.23018906600385,307.72921411882305,-19.835774449987625,82.71906914807003,176.88789210729033,2.637315264092485,5.626471007987005,307.72921411882305,-19.835774449987625,23.0,176.88789210729033,2.637315264092485,5.626471007987005,300.2004041168843,54.67444686671756,82.71906914807003,176.88789210729033,2.637315264092485,5.626471007987005,300.2004041168843,54.67444686671756,23.0,176.88789210729033,2.637315264092485,5.626471007987005,361.7359638563527,61.740124885187434,82.71906914807003,176.88789210729033,2.637315264092485,5.626471007987005,361.7359638563527,61.740124885187434,23.0,176.88789210729033,2.637315264092485,5.626471007987005
2026-04-30 11:28:34,162,wait_for_arrival,0,P1,307.7300109863281,-19.83748435974121,22.998260498046875,176.88775634765625,2.63720440864563,5.626491069793701,307.7300109863281,-19.83748435974121,22.998260498046875,176.88775634765625,2.63720440864563,5.626491069793701,367.48224570320536,-5.834498208757692,82.71906914807003,-2.6412049567817113,-3.10880835184022,-84.23018906600385,307.72921411882305,-19.835774449987625,82.71906914807003,176.88789210729033,2.637315264092485,5.626471007987005,307.72921411882305,-19.835774449987625,23.0,176.88789210729033,2.637315264092485,5.626471007987005,300.2004041168843,54.67444686671756,82.71906914807003,176.88789210729033,2.637315264092485,5.626471007987005,300.2004041168843,54.67444686671756,23.0,176.88789210729033,2.637315264092485,5.626471007987005,361.7359638563527,61.740124885187434,82.71906914807003,176.88789210729033,2.637315264092485,5.626471007987005,361.7359638563527,61.740124885187434,23.0,176.88789210729033,2.637315264092485,5.626471007987005
2026-04-30 11:28:34,163,wait_for_arrival,0,P1,307.7300109863281,-19.83748435974121,22.998260498046875,176.88775634765625,2.63720440864563,5.626491069793701,307.7300109863281,-19.83748435974121,22.998260498046875,176.88775634765625,2.63720440864563,5.626491069793701,367.48224570320536,-5.834498208757692,82.71906914807003,-2.6412049567817113,-3.10880835184022,-84.23018906600385,307.72921411882305,-19.835774449987625,82.71906914807003,176.88789210729033,2.637315264092485,5.626471007987005,307.72921411882305,-19.835774449987625,23.0,176.88789210729033,2.637315264092485,5.626471007987005,300.2004041168843,54.67444686671756,82.71906914807003,176.88789210729033,2.637315264092485,5.626471007987005,300.2004041168843,54.67444686671756,23.0,176.88789210729033,2.637315264092485,5.626471007987005,361.7359638563527,61.740124885187434,82.71906914807003,176.88789210729033,2.637315264092485,5.626471007987005,361.7359638563527,61.740124885187434,23.0,176.88789210729033,2.637315264092485,5.626471007987005
2026-04-30 11:28:34,164,wait_for_arrival,0,P1,307.8173828125,-13.630403518676758,23.001129150390625,176.89256286621094,2.629223346710205,5.638848781585693,307.8173828125,-13.630403518676758,23.001129150390625,176.89256286621094,2.629223346710205,5.638848781585693,367.48224570320536,-5.834498208757692,82.71906914807003,-2.6412049567817113,-3.10880835184022,-84.23018906600385,307.72921411882305,-19.835774449987625,82.71906914807003,176.88789210729033,2.637315264092485,5.626471007987005,307.72921411882305,-19.835774449987625,23.0,176.88789210729033,2.637315264092485,5.626471007987005,300.2004041168843,54.67444686671756,82.71906914807003,176.88789210729033,2.637315264092485,5.626471007987005,300.2004041168843,54.67444686671756,23.0,176.88789210729033,2.637315264092485,5.626471007987005,361.7359638563527,61.740124885187434,82.71906914807003,176.88789210729033,2.637315264092485,5.626471007987005,361.7359638563527,61.740124885187434,23.0,176.88789210729033,2.637315264092485,5.626471007987005
2026-04-30 11:28:34,165,wait_for_arrival,0,P1,307.2870178222656,4.626227378845215,22.993438720703125,176.90492248535156,2.6211953163146973,5.6313934326171875,307.2870178222656,4.626227378845215,22.993438720703125,176.90492248535156,2.6211953163146973,5.6313934326171875,367.48224570320536,-5.834498208757692,82.71906914807003,-2.6412049567817113,-3.10880835184022,-84.23018906600385,307.72921411882305,-19.835774449987625,82.71906914807003,176.88789210729033,2.637315264092485,5.626471007987005,307.72921411882305,-19.835774449987625,23.0,176.88789210729033,2.637315264092485,5.626471007987005,300.2004041168843,54.67444686671756,82.71906914807003,176.88789210729033,2.637315264092485,5.626471007987005,300.2004041168843,54.67444686671756,23.0,176.88789210729033,2.637315264092485,5.626471007987005,361.7359638563527,61.740124885187434,82.71906914807003,176.88789210729033,2.637315264092485,5.626471007987005,361.7359638563527,61.740124885187434,23.0,176.88789210729033,2.637315264092485,5.626471007987005
2026-04-30 11:28:34,166,wait_for_arrival,0,P1,305.6841735839844,22.799732208251953,22.99371337890625,176.9083709716797,2.6196165084838867,5.6246819496154785,305.6841735839844,22.799732208251953,22.99371337890625,176.9083709716797,2.6196165084838867,5.6246819496154785,367.48224570320536,-5.834498208757692,82.71906914807003,-2.6412049567817113,-3.10880835184022,-84.23018906600385,307.72921411882305,-19.835774449987625,82.71906914807003,176.88789210729033,2.637315264092485,5.626471007987005,307.72921411882305,-19.835774449987625,23.0,176.88789210729033,2.637315264092485,5.626471007987005,300.2004041168843,54.67444686671756,82.71906914807003,176.88789210729033,2.637315264092485,5.626471007987005,300.2004041168843,54.67444686671756,23.0,176.88789210729033,2.637315264092485,5.626471007987005,361.7359638563527,61.740124885187434,82.71906914807003,176.88789210729033,2.637315264092485,5.626471007987005,361.7359638563527,61.740124885187434,23.0,176.88789210729033,2.637315264092485,5.626471007987005
2026-04-30 11:28:35,167,wait_for_arrival,0,P1,305.48492431640625,24.426631927490234,22.988250732421875,176.90728759765625,2.6208770275115967,5.6280951499938965,305.48492431640625,24.426631927490234,22.988250732421875,176.90728759765625,2.6208770275115967,5.6280951499938965,367.48224570320536,-5.834498208757692,82.71906914807003,-2.6412049567817113,-3.10880835184022,-84.23018906600385,307.72921411882305,-19.835774449987625,82.71906914807003,176.88789210729033,2.637315264092485,5.626471007987005,307.72921411882305,-19.835774449987625,23.0,176.88789210729033,2.637315264092485,5.626471007987005,300.2004041168843,54.67444686671756,82.71906914807003,176.88789210729033,2.637315264092485,5.626471007987005,300.2004041168843,54.67444686671756,23.0,176.88789210729033,2.637315264092485,5.626471007987005,361.7359638563527,61.740124885187434,82.71906914807003,176.88789210729033,2.637315264092485,5.626471007987005,361.7359638563527,61.740124885187434,23.0,176.88789210729033,2.637315264092485,5.626471007987005
2026-04-30 11:28:35,168,wait_for_arrival,0,P1,303.01171875,40.89673614501953,23.010101318359375,176.90208435058594,2.6239864826202393,5.630639553070068,303.01171875,40.89673614501953,23.010101318359375,176.90208435058594,2.6239864826202393,5.630639553070068,367.48224570320536,-5.834498208757692,82.71906914807003,-2.6412049567817113,-3.10880835184022,-84.23018906600385,307.72921411882305,-19.835774449987625,82.71906914807003,176.88789210729033,2.637315264092485,5.626471007987005,307.72921411882305,-19.835774449987625,23.0,176.88789210729033,2.637315264092485,5.626471007987005,300.2004041168843,54.67444686671756,82.71906914807003,176.88789210729033,2.637315264092485,5.626471007987005,300.2004041168843,54.67444686671756,23.0,176.88789210729033,2.637315264092485,5.626471007987005,361.7359638563527,61.740124885187434,82.71906914807003,176.88789210729033,2.637315264092485,5.626471007987005,361.7359638563527,61.740124885187434,23.0,176.88789210729033,2.637315264092485,5.626471007987005
2026-04-30 11:28:35,169,wait_for_arrival,0,P1,302.7231140136719,42.41938781738281,22.999114990234375,176.90036010742188,2.6274940967559814,5.625313758850098,302.7231140136719,42.41938781738281,22.999114990234375,176.90036010742188,2.6274940967559814,5.625313758850098,367.48224570320536,-5.834498208757692,82.71906914807003,-2.6412049567817113,-3.10880835184022,-84.23018906600385,307.72921411882305,-19.835774449987625,82.71906914807003,176.88789210729033,2.637315264092485,5.626471007987005,307.72921411882305,-19.835774449987625,23.0,176.88789210729033,2.637315264092485,5.626471007987005,300.2004041168843,54.67444686671756,82.71906914807003,176.88789210729033,2.637315264092485,5.626471007987005,300.2004041168843,54.67444686671756,23.0,176.88789210729033,2.637315264092485,5.626471007987005,361.7359638563527,61.740124885187434,82.71906914807003,176.88789210729033,2.637315264092485,5.626471007987005,361.7359638563527,61.740124885187434,23.0,176.88789210729033,2.637315264092485,5.626471007987005
2026-04-30 11:28:35,170,wait_for_arrival,0,P1,300.19598388671875,54.682884216308594,23.001861572265625,176.88818359375,2.63787579536438,5.627447605133057,300.19598388671875,54.682884216308594,23.001861572265625,176.88818359375,2.63787579536438,5.627447605133057,367.48224570320536,-5.834498208757692,82.71906914807003,-2.6412049567817113,-3.10880835184022,-84.23018906600385,307.72921411882305,-19.835774449987625,82.71906914807003,176.88789210729033,2.637315264092485,5.626471007987005,307.72921411882305,-19.835774449987625,23.0,176.88789210729033,2.637315264092485,5.626471007987005,300.2004041168843,54.67444686671756,82.71906914807003,176.88789210729033,2.637315264092485,5.626471007987005,300.2004041168843,54.67444686671756,23.0,176.88789210729033,2.637315264092485,5.626471007987005,361.7359638563527,61.740124885187434,82.71906914807003,176.88789210729033,2.637315264092485,5.626471007987005,361.7359638563527,61.740124885187434,23.0,176.88789210729033,2.637315264092485,5.626471007987005
2026-04-30 11:28:35,171,wait_for_arrival,0,P1,300.19464111328125,54.690673828125,23.00250244140625,176.88858032226562,2.6380672454833984,5.626486778259277,300.19464111328125,54.690673828125,23.00250244140625,176.88858032226562,2.6380672454833984,5.626486778259277,367.48224570320536,-5.834498208757692,82.71906914807003,-2.6412049567817113,-3.10880835184022,-84.23018906600385,307.72921411882305,-19.835774449987625,82.71906914807003,176.88789210729033,2.637315264092485,5.626471007987005,307.72921411882305,-19.835774449987625,23.0,176.88789210729033,2.637315264092485,5.626471007987005,300.2004041168843,54.67444686671756,82.71906914807003,176.88789210729033,2.637315264092485,5.626471007987005,300.2004041168843,54.67444686671756,23.0,176.88789210729033,2.637315264092485,5.626471007987005,361.7359638563527,61.740124885187434,82.71906914807003,176.88789210729033,2.637315264092485,5.626471007987005,361.7359638563527,61.740124885187434,23.0,176.88789210729033,2.637315264092485,5.626471007987005
2026-04-30 11:28:36,172,main_loop,0,P1,300.1961975097656,54.68727111816406,23.0008544921875,176.8880157470703,2.638185977935791,5.628142833709717,300.1961975097656,54.68727111816406,23.0008544921875,176.8880157470703,2.638185977935791,5.628142833709717,367.48224570320536,-5.834498208757692,82.71906914807003,-2.6412049567817113,-3.10880835184022,-84.23018906600385,307.72921411882305,-19.835774449987625,82.71906914807003,176.88789210729033,2.637315264092485,5.626471007987005,307.72921411882305,-19.835774449987625,23.0,176.88789210729033,2.637315264092485,5.626471007987005,300.2004041168843,54.67444686671756,82.71906914807003,176.88789210729033,2.637315264092485,5.626471007987005,300.2004041168843,54.67444686671756,23.0,176.88789210729033,2.637315264092485,5.626471007987005,361.7359638563527,61.740124885187434,82.71906914807003,176.88789210729033,2.637315264092485,5.626471007987005,361.7359638563527,61.740124885187434,23.0,176.88789210729033,2.637315264092485,5.626471007987005
2026-04-30 11:28:37,173,wait_for_arrival,0,P1,300.1993713378906,54.6787109375,23.00091552734375,176.88751220703125,2.6379055976867676,5.627098083496094,300.1993713378906,54.6787109375,23.00091552734375,176.88751220703125,2.6379055976867676,5.627098083496094,367.48224570320536,-5.834498208757692,82.71906914807003,-2.6412049567817113,-3.10880835184022,-84.23018906600385,307.72921411882305,-19.835774449987625,82.71906914807003,176.88789210729033,2.637315264092485,5.626471007987005,307.72921411882305,-19.835774449987625,23.0,176.88789210729033,2.637315264092485,5.626471007987005,300.2004041168843,54.67444686671756,82.71906914807003,176.88789210729033,2.637315264092485,5.626471007987005,300.2004041168843,54.67444686671756,23.0,176.88789210729033,2.637315264092485,5.626471007987005,361.7359638563527,61.740124885187434,82.71906914807003,176.88789210729033,2.637315264092485,5.626471007987005,361.7359638563527,61.740124885187434,23.0,176.88789210729033,2.637315264092485,5.626471007987005
2026-04-30 11:28:38,174,wait_for_arrival,0,P1,300.19970703125,54.67679214477539,23.00091552734375,176.88751220703125,2.637906074523926,5.626736164093018,300.19970703125,54.67679214477539,23.00091552734375,176.88751220703125,2.637906074523926,5.626736164093018,367.48224570320536,-5.834498208757692,82.71906914807003,-2.6412049567817113,-3.10880835184022,-84.23018906600385,307.72921411882305,-19.835774449987625,82.71906914807003,176.88789210729033,2.637315264092485,5.626471007987005,307.72921411882305,-19.835774449987625,23.0,176.88789210729033,2.637315264092485,5.626471007987005,300.2004041168843,54.67444686671756,82.71906914807003,176.88789210729033,2.637315264092485,5.626471007987005,300.2004041168843,54.67444686671756,23.0,176.88789210729033,2.637315264092485,5.626471007987005,361.7359638563527,61.740124885187434,82.71906914807003,176.88789210729033,2.637315264092485,5.626471007987005,361.7359638563527,61.740124885187434,23.0,176.88789210729033,2.637315264092485,5.626471007987005
2026-04-30 11:28:38,175,main_loop,0,P1,300.2000427246094,54.67493438720703,23.00091552734375,176.88751220703125,2.637906074523926,5.62637996673584,300.2000427246094,54.67493438720703,23.00091552734375,176.88751220703125,2.637906074523926,5.62637996673584,367.48224570320536,-5.834498208757692,82.71906914807003,-2.6412049567817113,-3.10880835184022,-84.23018906600385,307.72921411882305,-19.835774449987625,82.71906914807003,176.88789210729033,2.637315264092485,5.626471007987005,307.72921411882305,-19.835774449987625,23.0,176.88789210729033,2.637315264092485,5.626471007987005,300.2004041168843,54.67444686671756,82.71906914807003,176.88789210729033,2.637315264092485,5.626471007987005,300.2004041168843,54.67444686671756,23.0,176.88789210729033,2.637315264092485,5.626471007987005,361.7359638563527,61.740124885187434,82.71906914807003,176.88789210729033,2.637315264092485,5.626471007987005,361.7359638563527,61.740124885187434,23.0,176.88789210729033,2.637315264092485,5.626471007987005
2026-04-30 11:28:38,176,main_loop,0,P1,300.2000427246094,54.67493438720703,23.00091552734375,176.88751220703125,2.637906074523926,5.62637996673584,300.2000427246094,54.67493438720703,23.00091552734375,176.88751220703125,2.637906074523926,5.62637996673584,367.48224570320536,-5.834498208757692,82.71906914807003,-2.6412049567817113,-3.10880835184022,-84.23018906600385,307.72921411882305,-19.835774449987625,82.71906914807003,176.88789210729033,2.637315264092485,5.626471007987005,307.72921411882305,-19.835774449987625,23.0,176.88789210729033,2.637315264092485,5.626471007987005,300.2004041168843,54.67444686671756,82.71906914807003,176.88789210729033,2.637315264092485,5.626471007987005,300.2004041168843,54.67444686671756,23.0,176.88789210729033,2.637315264092485,5.626471007987005,361.7359638563527,61.740124885187434,82.71906914807003,176.88789210729033,2.637315264092485,5.626471007987005,361.7359638563527,61.740124885187434,23.0,176.88789210729033,2.637315264092485,5.626471007987005
2026-04-30 11:28:38,177,main_loop,0,P1,300.2000427246094,54.67493438720703,23.00091552734375,176.88751220703125,2.637906074523926,5.62637996673584,300.2000427246094,54.67493438720703,23.00091552734375,176.88751220703125,2.637906074523926,5.62637996673584,367.48224570320536,-5.834498208757692,82.71906914807003,-2.6412049567817113,-3.10880835184022,-84.23018906600385,307.72921411882305,-19.835774449987625,82.71906914807003,176.88789210729033,2.637315264092485,5.626471007987005,307.72921411882305,-19.835774449987625,23.0,176.88789210729033,2.637315264092485,5.626471007987005,300.2004041168843,54.67444686671756,82.71906914807003,176.88789210729033,2.637315264092485,5.626471007987005,300.2004041168843,54.67444686671756,23.0,176.88789210729033,2.637315264092485,5.626471007987005,361.7359638563527,61.740124885187434,82.71906914807003,176.88789210729033,2.637315264092485,5.626471007987005,361.7359638563527,61.740124885187434,23.0,176.88789210729033,2.637315264092485,5.626471007987005
2026-04-30 11:28:38,178,main_loop,0,P1,300.2000427246094,54.67493438720703,23.00091552734375,176.88751220703125,2.637906074523926,5.62637996673584,300.2000427246094,54.67493438720703,23.00091552734375,176.88751220703125,2.637906074523926,5.62637996673584,367.48224570320536,-5.834498208757692,82.71906914807003,-2.6412049567817113,-3.10880835184022,-84.23018906600385,307.72921411882305,-19.835774449987625,82.71906914807003,176.88789210729033,2.637315264092485,5.626471007987005,307.72921411882305,-19.835774449987625,23.0,176.88789210729033,2.637315264092485,5.626471007987005,300.2004041168843,54.67444686671756,82.71906914807003,176.88789210729033,2.637315264092485,5.626471007987005,300.2004041168843,54.67444686671756,23.0,176.88789210729033,2.637315264092485,5.626471007987005,361.7359638563527,61.740124885187434,82.71906914807003,176.88789210729033,2.637315264092485,5.626471007987005,361.7359638563527,61.740124885187434,23.0,176.88789210729033,2.637315264092485,5.626471007987005
2026-04-30 11:28:38,179,main_loop,0,P1,300.203125,54.677127838134766,23.001708984375,176.88780212402344,2.6374216079711914,5.626389980316162,300.203125,54.677127838134766,23.001708984375,176.88780212402344,2.6374216079711914,5.626389980316162,367.48224570320536,-5.834498208757692,82.71906914807003,-2.6412049567817113,-3.10880835184022,-84.23018906600385,307.72921411882305,-19.835774449987625,82.71906914807003,176.88789210729033,2.637315264092485,5.626471007987005,307.72921411882305,-19.835774449987625,23.0,176.88789210729033,2.637315264092485,5.626471007987005,300.2004041168843,54.67444686671756,82.71906914807003,176.88789210729033,2.637315264092485,5.626471007987005,300.2004041168843,54.67444686671756,23.0,176.88789210729033,2.637315264092485,5.626471007987005,361.7359638563527,61.740124885187434,82.71906914807003,176.88789210729033,2.637315264092485,5.626471007987005,361.7359638563527,61.740124885187434,23.0,176.88789210729033,2.637315264092485,5.626471007987005
2026-04-30 11:28:38,180,main_loop,0,P1,300.203125,54.677127838134766,23.001708984375,176.88780212402344,2.6374216079711914,5.626389980316162,300.203125,54.677127838134766,23.001708984375,176.88780212402344,2.6374216079711914,5.626389980316162,367.48224570320536,-5.834498208757692,82.71906914807003,-2.6412049567817113,-3.10880835184022,-84.23018906600385,307.72921411882305,-19.835774449987625,82.71906914807003,176.88789210729033,2.637315264092485,5.626471007987005,307.72921411882305,-19.835774449987625,23.0,176.88789210729033,2.637315264092485,5.626471007987005,300.2004041168843,54.67444686671756,82.71906914807003,176.88789210729033,2.637315264092485,5.626471007987005,300.2004041168843,54.67444686671756,23.0,176.88789210729033,2.637315264092485,5.626471007987005,361.7359638563527,61.740124885187434,82.71906914807003,176.88789210729033,2.637315264092485,5.626471007987005,361.7359638563527,61.740124885187434,23.0,176.88789210729033,2.637315264092485,5.626471007987005
2026-04-30 11:28:38,181,main_loop,0,P1,300.203125,54.677127838134766,23.001708984375,176.88780212402344,2.6374216079711914,5.626389980316162,300.203125,54.677127838134766,23.001708984375,176.88780212402344,2.6374216079711914,5.626389980316162,367.48224570320536,-5.834498208757692,82.71906914807003,-2.6412049567817113,-3.10880835184022,-84.23018906600385,307.72921411882305,-19.835774449987625,82.71906914807003,176.88789210729033,2.637315264092485,5.626471007987005,307.72921411882305,-19.835774449987625,23.0,176.88789210729033,2.637315264092485,5.626471007987005,300.2004041168843,54.67444686671756,82.71906914807003,176.88789210729033,2.637315264092485,5.626471007987005,300.2004041168843,54.67444686671756,23.0,176.88789210729033,2.637315264092485,5.626471007987005,361.7359638563527,61.740124885187434,82.71906914807003,176.88789210729033,2.637315264092485,5.626471007987005,361.7359638563527,61.740124885187434,23.0,176.88789210729033,2.637315264092485,5.626471007987005
2026-04-30 11:28:38,182,main_loop,0,P1,300.20343017578125,54.675254821777344,23.001708984375,176.88780212402344,2.6374213695526123,5.62603235244751,300.20343017578125,54.675254821777344,23.001708984375,176.88780212402344,2.6374213695526123,5.62603235244751,367.48224570320536,-5.834498208757692,82.71906914807003,-2.6412049567817113,-3.10880835184022,-84.23018906600385,307.72921411882305,-19.835774449987625,82.71906914807003,176.88789210729033,2.637315264092485,5.626471007987005,307.72921411882305,-19.835774449987625,23.0,176.88789210729033,2.637315264092485,5.626471007987005,300.2004041168843,54.67444686671756,82.71906914807003,176.88789210729033,2.637315264092485,5.626471007987005,300.2004041168843,54.67444686671756,23.0,176.88789210729033,2.637315264092485,5.626471007987005,361.7359638563527,61.740124885187434,82.71906914807003,176.88789210729033,2.637315264092485,5.626471007987005,361.7359638563527,61.740124885187434,23.0,176.88789210729033,2.637315264092485,5.626471007987005
2026-04-30 11:28:38,183,main_loop,0,P1,300.20343017578125,54.675254821777344,23.001708984375,176.88780212402344,2.6374213695526123,5.62603235244751,300.20343017578125,54.675254821777344,23.001708984375,176.88780212402344,2.6374213695526123,5.62603235244751,367.48224570320536,-5.834498208757692,82.71906914807003,-2.6412049567817113,-3.10880835184022,-84.23018906600385,307.72921411882305,-19.835774449987625,82.71906914807003,176.88789210729033,2.637315264092485,5.626471007987005,307.72921411882305,-19.835774449987625,23.0,176.88789210729033,2.637315264092485,5.626471007987005,300.2004041168843,54.67444686671756,82.71906914807003,176.88789210729033,2.637315264092485,5.626471007987005,300.2004041168843,54.67444686671756,23.0,176.88789210729033,2.637315264092485,5.626471007987005,361.7359638563527,61.740124885187434,82.71906914807003,176.88789210729033,2.637315264092485,5.626471007987005,361.7359638563527,61.740124885187434,23.0,176.88789210729033,2.637315264092485,5.626471007987005
2026-04-30 11:28:38,184,main_loop,0,P1,300.20343017578125,54.675254821777344,23.001708984375,176.88780212402344,2.6374213695526123,5.62603235244751,300.20343017578125,54.675254821777344,23.001708984375,176.88780212402344,2.6374213695526123,5.62603235244751,367.48224570320536,-5.834498208757692,82.71906914807003,-2.6412049567817113,-3.10880835184022,-84.23018906600385,307.72921411882305,-19.835774449987625,82.71906914807003,176.88789210729033,2.637315264092485,5.626471007987005,307.72921411882305,-19.835774449987625,23.0,176.88789210729033,2.637315264092485,5.626471007987005,300.2004041168843,54.67444686671756,82.71906914807003,176.88789210729033,2.637315264092485,5.626471007987005,300.2004041168843,54.67444686671756,23.0,176.88789210729033,2.637315264092485,5.626471007987005,361.7359638563527,61.740124885187434,82.71906914807003,176.88789210729033,2.637315264092485,5.626471007987005,361.7359638563527,61.740124885187434,23.0,176.88789210729033,2.637315264092485,5.626471007987005
2026-04-30 11:28:38,185,main_loop,0,P1,300.20343017578125,54.675254821777344,23.001708984375,176.88780212402344,2.6374213695526123,5.62603235244751,300.20343017578125,54.675254821777344,23.001708984375,176.88780212402344,2.6374213695526123,5.62603235244751,367.48224570320536,-5.834498208757692,82.71906914807003,-2.6412049567817113,-3.10880835184022,-84.23018906600385,307.72921411882305,-19.835774449987625,82.71906914807003,176.88789210729033,2.637315264092485,5.626471007987005,307.72921411882305,-19.835774449987625,23.0,176.88789210729033,2.637315264092485,5.626471007987005,300.2004041168843,54.67444686671756,82.71906914807003,176.88789210729033,2.637315264092485,5.626471007987005,300.2004041168843,54.67444686671756,23.0,176.88789210729033,2.637315264092485,5.626471007987005,361.7359638563527,61.740124885187434,82.71906914807003,176.88789210729033,2.637315264092485,5.626471007987005,361.7359638563527,61.740124885187434,23.0,176.88789210729033,2.637315264092485,5.626471007987005
2026-04-30 11:28:38,186,main_loop,0,P1,300.2018737792969,54.674163818359375,23.00103759765625,176.88780212402344,2.6374213695526123,5.626035690307617,300.2018737792969,54.674163818359375,23.00103759765625,176.88780212402344,2.6374213695526123,5.626035690307617,367.48224570320536,-5.834498208757692,82.71906914807003,-2.6412049567817113,-3.10880835184022,-84.23018906600385,307.72921411882305,-19.835774449987625,82.71906914807003,176.88789210729033,2.637315264092485,5.626471007987005,307.72921411882305,-19.835774449987625,23.0,176.88789210729033,2.637315264092485,5.626471007987005,300.2004041168843,54.67444686671756,82.71906914807003,176.88789210729033,2.637315264092485,5.626471007987005,300.2004041168843,54.67444686671756,23.0,176.88789210729033,2.637315264092485,5.626471007987005,361.7359638563527,61.740124885187434,82.71906914807003,176.88789210729033,2.637315264092485,5.626471007987005,361.7359638563527,61.740124885187434,23.0,176.88789210729033,2.637315264092485,5.626471007987005
2026-04-30 11:28:38,187,main_loop,0,P1,300.2018737792969,54.674163818359375,23.00103759765625,176.88780212402344,2.6374213695526123,5.626035690307617,300.2018737792969,54.674163818359375,23.00103759765625,176.88780212402344,2.6374213695526123,5.626035690307617,367.48224570320536,-5.834498208757692,82.71906914807003,-2.6412049567817113,-3.10880835184022,-84.23018906600385,307.72921411882305,-19.835774449987625,82.71906914807003,176.88789210729033,2.637315264092485,5.626471007987005,307.72921411882305,-19.835774449987625,23.0,176.88789210729033,2.637315264092485,5.626471007987005,300.2004041168843,54.67444686671756,82.71906914807003,176.88789210729033,2.637315264092485,5.626471007987005,300.2004041168843,54.67444686671756,23.0,176.88789210729033,2.637315264092485,5.626471007987005,361.7359638563527,61.740124885187434,82.71906914807003,176.88789210729033,2.637315264092485,5.626471007987005,361.7359638563527,61.740124885187434,23.0,176.88789210729033,2.637315264092485,5.626471007987005
2026-04-30 11:28:39,188,main_loop,0,P1,300.2018737792969,54.674163818359375,23.00103759765625,176.88780212402344,2.6374213695526123,5.626035690307617,300.2018737792969,54.674163818359375,23.00103759765625,176.88780212402344,2.6374213695526123,5.626035690307617,367.48224570320536,-5.834498208757692,82.71906914807003,-2.6412049567817113,-3.10880835184022,-84.23018906600385,307.72921411882305,-19.835774449987625,82.71906914807003,176.88789210729033,2.637315264092485,5.626471007987005,307.72921411882305,-19.835774449987625,23.0,176.88789210729033,2.637315264092485,5.626471007987005,300.2004041168843,54.67444686671756,82.71906914807003,176.88789210729033,2.637315264092485,5.626471007987005,300.2004041168843,54.67444686671756,23.0,176.88789210729033,2.637315264092485,5.626471007987005,361.7359638563527,61.740124885187434,82.71906914807003,176.88789210729033,2.637315264092485,5.626471007987005,361.7359638563527,61.740124885187434,23.0,176.88789210729033,2.637315264092485,5.626471007987005
2026-04-30 11:28:39,189,main_loop,0,P1,300.2018737792969,54.674163818359375,23.00103759765625,176.88780212402344,2.6374213695526123,5.626035690307617,300.2018737792969,54.674163818359375,23.00103759765625,176.88780212402344,2.6374213695526123,5.626035690307617,367.48224570320536,-5.834498208757692,82.71906914807003,-2.6412049567817113,-3.10880835184022,-84.23018906600385,307.72921411882305,-19.835774449987625,82.71906914807003,176.88789210729033,2.637315264092485,5.626471007987005,307.72921411882305,-19.835774449987625,23.0,176.88789210729033,2.637315264092485,5.626471007987005,300.2004041168843,54.67444686671756,82.71906914807003,176.88789210729033,2.637315264092485,5.626471007987005,300.2004041168843,54.67444686671756,23.0,176.88789210729033,2.637315264092485,5.626471007987005,361.7359638563527,61.740124885187434,82.71906914807003,176.88789210729033,2.637315264092485,5.626471007987005,361.7359638563527,61.740124885187434,23.0,176.88789210729033,2.637315264092485,5.626471007987005
2026-04-30 11:28:39,190,main_loop,0,P1,300.2018737792969,54.674163818359375,23.00103759765625,176.88780212402344,2.6374213695526123,5.626035690307617,300.2018737792969,54.674163818359375,23.00103759765625,176.88780212402344,2.6374213695526123,5.626035690307617,367.48224570320536,-5.834498208757692,82.71906914807003,-2.6412049567817113,-3.10880835184022,-84.23018906600385,307.72921411882305,-19.835774449987625,82.71906914807003,176.88789210729033,2.637315264092485,5.626471007987005,307.72921411882305,-19.835774449987625,23.0,176.88789210729033,2.637315264092485,5.626471007987005,300.2004041168843,54.67444686671756,82.71906914807003,176.88789210729033,2.637315264092485,5.626471007987005,300.2004041168843,54.67444686671756,23.0,176.88789210729033,2.637315264092485,5.626471007987005,361.7359638563527,61.740124885187434,82.71906914807003,176.88789210729033,2.637315264092485,5.626471007987005,361.7359638563527,61.740124885187434,23.0,176.88789210729033,2.637315264092485,5.626471007987005
2026-04-30 11:28:40,191,wait_for_arrival,-1,P1,,,,,,,,,,,,,367.48224570320536,-5.834498208757692,82.71906914807003,-2.6412049567817113,-3.10880835184022,-84.23018906600385,307.72921411882305,-19.835774449987625,82.71906914807003,176.88789210729033,2.637315264092485,5.626471007987005,307.72921411882305,-19.835774449987625,23.0,176.88789210729033,2.637315264092485,5.626471007987005,300.2004041168843,54.67444686671756,82.71906914807003,176.88789210729033,2.637315264092485,5.626471007987005,300.2004041168843,54.67444686671756,23.0,176.88789210729033,2.637315264092485,5.626471007987005,361.7359638563527,61.740124885187434,82.71906914807003,176.88789210729033,2.637315264092485,5.626471007987005,361.7359638563527,61.740124885187434,23.0,176.88789210729033,2.637315264092485,5.626471007987005
2026-04-30 11:28:40,192,wait_for_arrival,-1,P1,,,,,,,,,,,,,367.48224570320536,-5.834498208757692,82.71906914807003,-2.6412049567817113,-3.10880835184022,-84.23018906600385,307.72921411882305,-19.835774449987625,82.71906914807003,176.88789210729033,2.637315264092485,5.626471007987005,307.72921411882305,-19.835774449987625,23.0,176.88789210729033,2.637315264092485,5.626471007987005,300.2004041168843,54.67444686671756,82.71906914807003,176.88789210729033,2.637315264092485,5.626471007987005,300.2004041168843,54.67444686671756,23.0,176.88789210729033,2.637315264092485,5.626471007987005,361.7359638563527,61.740124885187434,82.71906914807003,176.88789210729033,2.637315264092485,5.626471007987005,361.7359638563527,61.740124885187434,23.0,176.88789210729033,2.637315264092485,5.626471007987005
2026-04-30 11:28:40,193,wait_for_arrival,0,P1,329.6271667480469,59.210853576660156,24.828948974609375,176.89109802246094,2.63440203666687,5.62835168838501,329.6271667480469,59.210853576660156,24.828948974609375,176.89109802246094,2.63440203666687,5.62835168838501,367.48224570320536,-5.834498208757692,82.71906914807003,-2.6412049567817113,-3.10880835184022,-84.23018906600385,307.72921411882305,-19.835774449987625,82.71906914807003,176.88789210729033,2.637315264092485,5.626471007987005,307.72921411882305,-19.835774449987625,23.0,176.88789210729033,2.637315264092485,5.626471007987005,300.2004041168843,54.67444686671756,82.71906914807003,176.88789210729033,2.637315264092485,5.626471007987005,300.2004041168843,54.67444686671756,23.0,176.88789210729033,2.637315264092485,5.626471007987005,361.7359638563527,61.740124885187434,82.71906914807003,176.88789210729033,2.637315264092485,5.626471007987005,361.7359638563527,61.740124885187434,23.0,176.88789210729033,2.637315264092485,5.626471007987005
2026-04-30 11:28:40,194,wait_for_arrival,0,P1,331.01593017578125,59.3622932434082,24.84881591796875,176.892578125,2.6309752464294434,5.625070095062256,331.01593017578125,59.3622932434082,24.84881591796875,176.892578125,2.6309752464294434,5.625070095062256,367.48224570320536,-5.834498208757692,82.71906914807003,-2.6412049567817113,-3.10880835184022,-84.23018906600385,307.72921411882305,-19.835774449987625,82.71906914807003,176.88789210729033,2.637315264092485,5.626471007987005,307.72921411882305,-19.835774449987625,23.0,176.88789210729033,2.637315264092485,5.626471007987005,300.2004041168843,54.67444686671756,82.71906914807003,176.88789210729033,2.637315264092485,5.626471007987005,300.2004041168843,54.67444686671756,23.0,176.88789210729033,2.637315264092485,5.626471007987005,361.7359638563527,61.740124885187434,82.71906914807003,176.88789210729033,2.637315264092485,5.626471007987005,361.7359638563527,61.740124885187434,23.0,176.88789210729033,2.637315264092485,5.626471007987005
2026-04-30 11:28:41,195,wait_for_arrival,0,P1,331.01593017578125,59.3622932434082,24.84881591796875,176.892578125,2.6309752464294434,5.625070095062256,331.01593017578125,59.3622932434082,24.84881591796875,176.892578125,2.6309752464294434,5.625070095062256,367.48224570320536,-5.834498208757692,82.71906914807003,-2.6412049567817113,-3.10880835184022,-84.23018906600385,307.72921411882305,-19.835774449987625,82.71906914807003,176.88789210729033,2.637315264092485,5.626471007987005,307.72921411882305,-19.835774449987625,23.0,176.88789210729033,2.637315264092485,5.626471007987005,300.2004041168843,54.67444686671756,82.71906914807003,176.88789210729033,2.637315264092485,5.626471007987005,300.2004041168843,54.67444686671756,23.0,176.88789210729033,2.637315264092485,5.626471007987005,361.7359638563527,61.740124885187434,82.71906914807003,176.88789210729033,2.637315264092485,5.626471007987005,361.7359638563527,61.740124885187434,23.0,176.88789210729033,2.637315264092485,5.626471007987005
2026-04-30 11:28:41,196,wait_for_arrival,0,P1,331.01593017578125,59.3622932434082,24.84881591796875,176.892578125,2.6309752464294434,5.625070095062256,331.01593017578125,59.3622932434082,24.84881591796875,176.892578125,2.6309752464294434,5.625070095062256,367.48224570320536,-5.834498208757692,82.71906914807003,-2.6412049567817113,-3.10880835184022,-84.23018906600385,307.72921411882305,-19.835774449987625,82.71906914807003,176.88789210729033,2.637315264092485,5.626471007987005,307.72921411882305,-19.835774449987625,23.0,176.88789210729033,2.637315264092485,5.626471007987005,300.2004041168843,54.67444686671756,82.71906914807003,176.88789210729033,2.637315264092485,5.626471007987005,300.2004041168843,54.67444686671756,23.0,176.88789210729033,2.637315264092485,5.626471007987005,361.7359638563527,61.740124885187434,82.71906914807003,176.88789210729033,2.637315264092485,5.626471007987005,361.7359638563527,61.740124885187434,23.0,176.88789210729033,2.637315264092485,5.626471007987005
2026-04-30 11:28:42,197,wait_for_arrival,-1,P1,,,,,,,,,,,,,367.48224570320536,-5.834498208757692,82.71906914807003,-2.6412049567817113,-3.10880835184022,-84.23018906600385,307.72921411882305,-19.835774449987625,82.71906914807003,176.88789210729033,2.637315264092485,5.626471007987005,307.72921411882305,-19.835774449987625,23.0,176.88789210729033,2.637315264092485,5.626471007987005,300.2004041168843,54.67444686671756,82.71906914807003,176.88789210729033,2.637315264092485,5.626471007987005,300.2004041168843,54.67444686671756,23.0,176.88789210729033,2.637315264092485,5.626471007987005,361.7359638563527,61.740124885187434,82.71906914807003,176.88789210729033,2.637315264092485,5.626471007987005,361.7359638563527,61.740124885187434,23.0,176.88789210729033,2.637315264092485,5.626471007987005
2026-04-30 11:28:42,198,wait_for_arrival,0,P1,361.7448425292969,61.73359680175781,23.002593994140625,176.8876190185547,2.63628888130188,5.62570333480835,361.7448425292969,61.73359680175781,23.002593994140625,176.8876190185547,2.63628888130188,5.62570333480835,367.48224570320536,-5.834498208757692,82.71906914807003,-2.6412049567817113,-3.10880835184022,-84.23018906600385,307.72921411882305,-19.835774449987625,82.71906914807003,176.88789210729033,2.637315264092485,5.626471007987005,307.72921411882305,-19.835774449987625,23.0,176.88789210729033,2.637315264092485,5.626471007987005,300.2004041168843,54.67444686671756,82.71906914807003,176.88789210729033,2.637315264092485,5.626471007987005,300.2004041168843,54.67444686671756,23.0,176.88789210729033,2.637315264092485,5.626471007987005,361.7359638563527,61.740124885187434,82.71906914807003,176.88789210729033,2.637315264092485,5.626471007987005,361.7359638563527,61.740124885187434,23.0,176.88789210729033,2.637315264092485,5.626471007987005
2026-04-30 11:28:42,199,wait_for_arrival,0,P1,361.7419128417969,61.73435592651367,23.003936767578125,176.8875274658203,2.6364622116088867,5.626051425933838,361.7419128417969,61.73435592651367,23.003936767578125,176.8875274658203,2.6364622116088867,5.626051425933838,367.48224570320536,-5.834498208757692,82.71906914807003,-2.6412049567817113,-3.10880835184022,-84.23018906600385,307.72921411882305,-19.835774449987625,82.71906914807003,176.88789210729033,2.637315264092485,5.626471007987005,307.72921411882305,-19.835774449987625,23.0,176.88789210729033,2.637315264092485,5.626471007987005,300.2004041168843,54.67444686671756,82.71906914807003,176.88789210729033,2.637315264092485,5.626471007987005,300.2004041168843,54.67444686671756,23.0,176.88789210729033,2.637315264092485,5.626471007987005,361.7359638563527,61.740124885187434,82.71906914807003,176.88789210729033,2.637315264092485,5.626471007987005,361.7359638563527,61.740124885187434,23.0,176.88789210729033,2.637315264092485,5.626471007987005
2026-04-30 11:28:42,200,main_loop,0,P1,361.7427978515625,61.737369537353516,23.00811767578125,176.88783264160156,2.6358256340026855,5.626421928405762,361.7427978515625,61.737369537353516,23.00811767578125,176.88783264160156,2.6358256340026855,5.626421928405762,367.48224570320536,-5.834498208757692,82.71906914807003,-2.6412049567817113,-3.10880835184022,-84.23018906600385,307.72921411882305,-19.835774449987625,82.71906914807003,176.88789210729033,2.637315264092485,5.626471007987005,307.72921411882305,-19.835774449987625,23.0,176.88789210729033,2.637315264092485,5.626471007987005,300.2004041168843,54.67444686671756,82.71906914807003,176.88789210729033,2.637315264092485,5.626471007987005,300.2004041168843,54.67444686671756,23.0,176.88789210729033,2.637315264092485,5.626471007987005,361.7359638563527,61.740124885187434,82.71906914807003,176.88789210729033,2.637315264092485,5.626471007987005,361.7359638563527,61.740124885187434,23.0,176.88789210729033,2.637315264092485,5.626471007987005
2026-04-30 11:28:43,201,wait_for_arrival,0,P1,361.7431335449219,61.740020751953125,23.010284423828125,176.88800048828125,2.635500907897949,5.626785755157471,361.7431335449219,61.740020751953125,23.010284423828125,176.88800048828125,2.635500907897949,5.626785755157471,367.48224570320536,-5.834498208757692,82.71906914807003,-2.6412049567817113,-3.10880835184022,-84.23018906600385,307.72921411882305,-19.835774449987625,82.71906914807003,176.88789210729033,2.637315264092485,5.626471007987005,307.72921411882305,-19.835774449987625,23.0,176.88789210729033,2.637315264092485,5.626471007987005,300.2004041168843,54.67444686671756,82.71906914807003,176.88789210729033,2.637315264092485,5.626471007987005,300.2004041168843,54.67444686671756,23.0,176.88789210729033,2.637315264092485,5.626471007987005,361.7359638563527,61.740124885187434,82.71906914807003,176.88789210729033,2.637315264092485,5.626471007987005,361.7359638563527,61.740124885187434,23.0,176.88789210729033,2.637315264092485,5.626471007987005
2026-04-30 11:28:44,202,wait_for_arrival,0,P1,361.74267578125,61.74226760864258,23.010284423828125,176.88800048828125,2.635500907897949,5.627141952514648,361.74267578125,61.74226760864258,23.010284423828125,176.88800048828125,2.635500907897949,5.627141952514648,367.48224570320536,-5.834498208757692,82.71906914807003,-2.6412049567817113,-3.10880835184022,-84.23018906600385,307.72921411882305,-19.835774449987625,82.71906914807003,176.88789210729033,2.637315264092485,5.626471007987005,307.72921411882305,-19.835774449987625,23.0,176.88789210729033,2.637315264092485,5.626471007987005,300.2004041168843,54.67444686671756,82.71906914807003,176.88789210729033,2.637315264092485,5.626471007987005,300.2004041168843,54.67444686671756,23.0,176.88789210729033,2.637315264092485,5.626471007987005,361.7359638563527,61.740124885187434,82.71906914807003,176.88789210729033,2.637315264092485,5.626471007987005,361.7359638563527,61.740124885187434,23.0,176.88789210729033,2.637315264092485,5.626471007987005
2026-04-30 11:28:44,203,main_loop,0,P1,361.7407531738281,61.74542999267578,23.01019287109375,176.8885040283203,2.635740041732788,5.62713098526001,361.7407531738281,61.74542999267578,23.01019287109375,176.8885040283203,2.635740041732788,5.62713098526001,367.48224570320536,-5.834498208757692,82.71906914807003,-2.6412049567817113,-3.10880835184022,-84.23018906600385,307.72921411882305,-19.835774449987625,82.71906914807003,176.88789210729033,2.637315264092485,5.626471007987005,307.72921411882305,-19.835774449987625,23.0,176.88789210729033,2.637315264092485,5.626471007987005,300.2004041168843,54.67444686671756,82.71906914807003,176.88789210729033,2.637315264092485,5.626471007987005,300.2004041168843,54.67444686671756,23.0,176.88789210729033,2.637315264092485,5.626471007987005,361.7359638563527,61.740124885187434,82.71906914807003,176.88789210729033,2.637315264092485,5.626471007987005,361.7359638563527,61.740124885187434,23.0,176.88789210729033,2.637315264092485,5.626471007987005
2026-04-30 11:28:49,204,wait_for_arrival,0,P1,361.7407531738281,61.74542999267578,23.01019287109375,176.8885040283203,2.635740041732788,5.62713098526001,361.7407531738281,61.74542999267578,23.01019287109375,176.8885040283203,2.635740041732788,5.62713098526001,367.48224570320536,-5.834498208757692,82.71906914807003,-2.6412049567817113,-3.10880835184022,-84.23018906600385,307.72921411882305,-19.835774449987625,82.71906914807003,176.88789210729033,2.637315264092485,5.626471007987005,307.72921411882305,-19.835774449987625,23.0,176.88789210729033,2.637315264092485,5.626471007987005,300.2004041168843,54.67444686671756,82.71906914807003,176.88789210729033,2.637315264092485,5.626471007987005,300.2004041168843,54.67444686671756,23.0,176.88789210729033,2.637315264092485,5.626471007987005,361.7359638563527,61.740124885187434,82.71906914807003,176.88789210729033,2.637315264092485,5.626471007987005,361.7359638563527,61.740124885187434,23.0,176.88789210729033,2.637315264092485,5.626471007987005
2026-04-30 11:28:50,205,wait_for_arrival,0,P1,361.7427978515625,61.74913787841797,23.012603759765625,176.88865661621094,2.6354122161865234,5.627496242523193,361.7427978515625,61.74913787841797,23.012603759765625,176.88865661621094,2.6354122161865234,5.627496242523193,367.48224570320536,-5.834498208757692,82.71906914807003,-2.6412049567817113,-3.10880835184022,-84.23018906600385,307.72921411882305,-19.835774449987625,82.71906914807003,176.88789210729033,2.637315264092485,5.626471007987005,307.72921411882305,-19.835774449987625,23.0,176.88789210729033,2.637315264092485,5.626471007987005,300.2004041168843,54.67444686671756,82.71906914807003,176.88789210729033,2.637315264092485,5.626471007987005,300.2004041168843,54.67444686671756,23.0,176.88789210729033,2.637315264092485,5.626471007987005,361.7359638563527,61.740124885187434,82.71906914807003,176.88789210729033,2.637315264092485,5.626471007987005,361.7359638563527,61.740124885187434,23.0,176.88789210729033,2.637315264092485,5.626471007987005
2026-04-30 11:28:50,206,wait_for_arrival,0,P1,361.7427978515625,61.74913787841797,23.012603759765625,176.88865661621094,2.6354122161865234,5.627496242523193,361.7427978515625,61.74913787841797,23.012603759765625,176.88865661621094,2.6354122161865234,5.627496242523193,367.48224570320536,-5.834498208757692,82.71906914807003,-2.6412049567817113,-3.10880835184022,-84.23018906600385,307.72921411882305,-19.835774449987625,82.71906914807003,176.88789210729033,2.637315264092485,5.626471007987005,307.72921411882305,-19.835774449987625,23.0,176.88789210729033,2.637315264092485,5.626471007987005,300.2004041168843,54.67444686671756,82.71906914807003,176.88789210729033,2.637315264092485,5.626471007987005,300.2004041168843,54.67444686671756,23.0,176.88789210729033,2.637315264092485,5.626471007987005,361.7359638563527,61.740124885187434,82.71906914807003,176.88789210729033,2.637315264092485,5.626471007987005,361.7359638563527,61.740124885187434,23.0,176.88789210729033,2.637315264092485,5.626471007987005
2026-04-30 11:28:50,207,wait_for_arrival,0,P1,361.7427978515625,61.74913787841797,23.012603759765625,176.88865661621094,2.6354122161865234,5.627496242523193,361.7427978515625,61.74913787841797,23.012603759765625,176.88865661621094,2.6354122161865234,5.627496242523193,367.48224570320536,-5.834498208757692,82.71906914807003,-2.6412049567817113,-3.10880835184022,-84.23018906600385,307.72921411882305,-19.835774449987625,82.71906914807003,176.88789210729033,2.637315264092485,5.626471007987005,307.72921411882305,-19.835774449987625,23.0,176.88789210729033,2.637315264092485,5.626471007987005,300.2004041168843,54.67444686671756,82.71906914807003,176.88789210729033,2.637315264092485,5.626471007987005,300.2004041168843,54.67444686671756,23.0,176.88789210729033,2.637315264092485,5.626471007987005,361.7359638563527,61.740124885187434,82.71906914807003,176.88789210729033,2.637315264092485,5.626471007987005,361.7359638563527,61.740124885187434,23.0,176.88789210729033,2.637315264092485,5.626471007987005
2026-04-30 11:28:50,208,wait_for_arrival,0,P1,361.7427978515625,61.74913787841797,23.012603759765625,176.88865661621094,2.6354122161865234,5.627496242523193,361.7427978515625,61.74913787841797,23.012603759765625,176.88865661621094,2.6354122161865234,5.627496242523193,367.48224570320536,-5.834498208757692,82.71906914807003,-2.6412049567817113,-3.10880835184022,-84.23018906600385,307.72921411882305,-19.835774449987625,82.71906914807003,176.88789210729033,2.637315264092485,5.626471007987005,307.72921411882305,-19.835774449987625,23.0,176.88789210729033,2.637315264092485,5.626471007987005,300.2004041168843,54.67444686671756,82.71906914807003,176.88789210729033,2.637315264092485,5.626471007987005,300.2004041168843,54.67444686671756,23.0,176.88789210729033,2.637315264092485,5.626471007987005,361.7359638563527,61.740124885187434,82.71906914807003,176.88789210729033,2.637315264092485,5.626471007987005,361.7359638563527,61.740124885187434,23.0,176.88789210729033,2.637315264092485,5.626471007987005
2026-04-30 11:28:50,209,wait_for_arrival,0,P1,361.7427978515625,61.74913787841797,23.012603759765625,176.88865661621094,2.6354122161865234,5.627496242523193,361.7427978515625,61.74913787841797,23.012603759765625,176.88865661621094,2.6354122161865234,5.627496242523193,367.48224570320536,-5.834498208757692,82.71906914807003,-2.6412049567817113,-3.10880835184022,-84.23018906600385,307.72921411882305,-19.835774449987625,82.71906914807003,176.88789210729033,2.637315264092485,5.626471007987005,307.72921411882305,-19.835774449987625,23.0,176.88789210729033,2.637315264092485,5.626471007987005,300.2004041168843,54.67444686671756,82.71906914807003,176.88789210729033,2.637315264092485,5.626471007987005,300.2004041168843,54.67444686671756,23.0,176.88789210729033,2.637315264092485,5.626471007987005,361.7359638563527,61.740124885187434,82.71906914807003,176.88789210729033,2.637315264092485,5.626471007987005,361.7359638563527,61.740124885187434,23.0,176.88789210729033,2.637315264092485,5.626471007987005
2026-04-30 11:28:50,210,wait_for_arrival,0,P1,361.7427978515625,61.74913787841797,23.012603759765625,176.88865661621094,2.6354122161865234,5.627496242523193,361.7427978515625,61.74913787841797,23.012603759765625,176.88865661621094,2.6354122161865234,5.627496242523193,367.48224570320536,-5.834498208757692,82.71906914807003,-2.6412049567817113,-3.10880835184022,-84.23018906600385,307.72921411882305,-19.835774449987625,82.71906914807003,176.88789210729033,2.637315264092485,5.626471007987005,307.72921411882305,-19.835774449987625,23.0,176.88789210729033,2.637315264092485,5.626471007987005,300.2004041168843,54.67444686671756,82.71906914807003,176.88789210729033,2.637315264092485,5.626471007987005,300.2004041168843,54.67444686671756,23.0,176.88789210729033,2.637315264092485,5.626471007987005,361.7359638563527,61.740124885187434,82.71906914807003,176.88789210729033,2.637315264092485,5.626471007987005,361.7359638563527,61.740124885187434,23.0,176.88789210729033,2.637315264092485,5.626471007987005
2026-04-30 11:28:50,211,wait_for_arrival,0,P1,361.73974609375,61.74728012084961,23.008026123046875,176.88833618164062,2.636064291000366,5.627477645874023,361.73974609375,61.74728012084961,23.008026123046875,176.88833618164062,2.636064291000366,5.627477645874023,367.48224570320536,-5.834498208757692,82.71906914807003,-2.6412049567817113,-3.10880835184022,-84.23018906600385,307.72921411882305,-19.835774449987625,82.71906914807003,176.88789210729033,2.637315264092485,5.626471007987005,307.72921411882305,-19.835774449987625,23.0,176.88789210729033,2.637315264092485,5.626471007987005,300.2004041168843,54.67444686671756,82.71906914807003,176.88789210729033,2.637315264092485,5.626471007987005,300.2004041168843,54.67444686671756,23.0,176.88789210729033,2.637315264092485,5.626471007987005,361.7359638563527,61.740124885187434,82.71906914807003,176.88789210729033,2.637315264092485,5.626471007987005,361.7359638563527,61.740124885187434,23.0,176.88789210729033,2.637315264092485,5.626471007987005
2026-04-30 11:28:50,212,wait_for_arrival,0,P1,361.73974609375,61.74728012084961,23.008026123046875,176.88833618164062,2.636064291000366,5.627477645874023,361.73974609375,61.74728012084961,23.008026123046875,176.88833618164062,2.636064291000366,5.627477645874023,367.48224570320536,-5.834498208757692,82.71906914807003,-2.6412049567817113,-3.10880835184022,-84.23018906600385,307.72921411882305,-19.835774449987625,82.71906914807003,176.88789210729033,2.637315264092485,5.626471007987005,307.72921411882305,-19.835774449987625,23.0,176.88789210729033,2.637315264092485,5.626471007987005,300.2004041168843,54.67444686671756,82.71906914807003,176.88789210729033,2.637315264092485,5.626471007987005,300.2004041168843,54.67444686671756,23.0,176.88789210729033,2.637315264092485,5.626471007987005,361.7359638563527,61.740124885187434,82.71906914807003,176.88789210729033,2.637315264092485,5.626471007987005,361.7359638563527,61.740124885187434,23.0,176.88789210729033,2.637315264092485,5.626471007987005
2026-04-30 11:28:50,213,wait_for_arrival,0,P1,361.73974609375,61.74728012084961,23.008026123046875,176.88833618164062,2.636064291000366,5.627477645874023,361.73974609375,61.74728012084961,23.008026123046875,176.88833618164062,2.636064291000366,5.627477645874023,367.48224570320536,-5.834498208757692,82.71906914807003,-2.6412049567817113,-3.10880835184022,-84.23018906600385,307.72921411882305,-19.835774449987625,82.71906914807003,176.88789210729033,2.637315264092485,5.626471007987005,307.72921411882305,-19.835774449987625,23.0,176.88789210729033,2.637315264092485,5.626471007987005,300.2004041168843,54.67444686671756,82.71906914807003,176.88789210729033,2.637315264092485,5.626471007987005,300.2004041168843,54.67444686671756,23.0,176.88789210729033,2.637315264092485,5.626471007987005,361.7359638563527,61.740124885187434,82.71906914807003,176.88789210729033,2.637315264092485,5.626471007987005,361.7359638563527,61.740124885187434,23.0,176.88789210729033,2.637315264092485,5.626471007987005
2026-04-30 11:28:50,214,wait_for_arrival,0,P1,361.73974609375,61.74728012084961,23.008026123046875,176.88833618164062,2.636064291000366,5.627477645874023,361.73974609375,61.74728012084961,23.008026123046875,176.88833618164062,2.636064291000366,5.627477645874023,367.48224570320536,-5.834498208757692,82.71906914807003,-2.6412049567817113,-3.10880835184022,-84.23018906600385,307.72921411882305,-19.835774449987625,82.71906914807003,176.88789210729033,2.637315264092485,5.626471007987005,307.72921411882305,-19.835774449987625,23.0,176.88789210729033,2.637315264092485,5.626471007987005,300.2004041168843,54.67444686671756,82.71906914807003,176.88789210729033,2.637315264092485,5.626471007987005,300.2004041168843,54.67444686671756,23.0,176.88789210729033,2.637315264092485,5.626471007987005,361.7359638563527,61.740124885187434,82.71906914807003,176.88789210729033,2.637315264092485,5.626471007987005,361.7359638563527,61.740124885187434,23.0,176.88789210729033,2.637315264092485,5.626471007987005
2026-04-30 11:28:51,215,wait_for_arrival,0,P1,361.73974609375,61.74728012084961,23.008026123046875,176.88833618164062,2.636064291000366,5.627477645874023,361.73974609375,61.74728012084961,23.008026123046875,176.88833618164062,2.636064291000366,5.627477645874023,367.48224570320536,-5.834498208757692,82.71906914807003,-2.6412049567817113,-3.10880835184022,-84.23018906600385,307.72921411882305,-19.835774449987625,82.71906914807003,176.88789210729033,2.637315264092485,5.626471007987005,307.72921411882305,-19.835774449987625,23.0,176.88789210729033,2.637315264092485,5.626471007987005,300.2004041168843,54.67444686671756,82.71906914807003,176.88789210729033,2.637315264092485,5.626471007987005,300.2004041168843,54.67444686671756,23.0,176.88789210729033,2.637315264092485,5.626471007987005,361.7359638563527,61.740124885187434,82.71906914807003,176.88789210729033,2.637315264092485,5.626471007987005,361.7359638563527,61.740124885187434,23.0,176.88789210729033,2.637315264092485,5.626471007987005
2026-04-30 11:28:51,216,wait_for_arrival,0,P1,361.7391357421875,61.746917724609375,23.005950927734375,176.88818359375,2.6363799571990967,5.627474784851074,361.7391357421875,61.746917724609375,23.005950927734375,176.88818359375,2.6363799571990967,5.627474784851074,367.48224570320536,-5.834498208757692,82.71906914807003,-2.6412049567817113,-3.10880835184022,-84.23018906600385,307.72921411882305,-19.835774449987625,82.71906914807003,176.88789210729033,2.637315264092485,5.626471007987005,307.72921411882305,-19.835774449987625,23.0,176.88789210729033,2.637315264092485,5.626471007987005,300.2004041168843,54.67444686671756,82.71906914807003,176.88789210729033,2.637315264092485,5.626471007987005,300.2004041168843,54.67444686671756,23.0,176.88789210729033,2.637315264092485,5.626471007987005,361.7359638563527,61.740124885187434,82.71906914807003,176.88789210729033,2.637315264092485,5.626471007987005,361.7359638563527,61.740124885187434,23.0,176.88789210729033,2.637315264092485,5.626471007987005
2026-04-30 11:28:51,217,wait_for_arrival,0,P1,361.7391357421875,61.746917724609375,23.005950927734375,176.88818359375,2.6363799571990967,5.627474784851074,361.7391357421875,61.746917724609375,23.005950927734375,176.88818359375,2.6363799571990967,5.627474784851074,367.48224570320536,-5.834498208757692,82.71906914807003,-2.6412049567817113,-3.10880835184022,-84.23018906600385,307.72921411882305,-19.835774449987625,82.71906914807003,176.88789210729033,2.637315264092485,5.626471007987005,307.72921411882305,-19.835774449987625,23.0,176.88789210729033,2.637315264092485,5.626471007987005,300.2004041168843,54.67444686671756,82.71906914807003,176.88789210729033,2.637315264092485,5.626471007987005,300.2004041168843,54.67444686671756,23.0,176.88789210729033,2.637315264092485,5.626471007987005,361.7359638563527,61.740124885187434,82.71906914807003,176.88789210729033,2.637315264092485,5.626471007987005,361.7359638563527,61.740124885187434,23.0,176.88789210729033,2.637315264092485,5.626471007987005
2026-04-30 11:28:51,218,wait_for_arrival,0,P1,361.7391357421875,61.746917724609375,23.005950927734375,176.88818359375,2.6363799571990967,5.627474784851074,361.7391357421875,61.746917724609375,23.005950927734375,176.88818359375,2.6363799571990967,5.627474784851074,367.48224570320536,-5.834498208757692,82.71906914807003,-2.6412049567817113,-3.10880835184022,-84.23018906600385,307.72921411882305,-19.835774449987625,82.71906914807003,176.88789210729033,2.637315264092485,5.626471007987005,307.72921411882305,-19.835774449987625,23.0,176.88789210729033,2.637315264092485,5.626471007987005,300.2004041168843,54.67444686671756,82.71906914807003,176.88789210729033,2.637315264092485,5.626471007987005,300.2004041168843,54.67444686671756,23.0,176.88789210729033,2.637315264092485,5.626471007987005,361.7359638563527,61.740124885187434,82.71906914807003,176.88789210729033,2.637315264092485,5.626471007987005,361.7359638563527,61.740124885187434,23.0,176.88789210729033,2.637315264092485,5.626471007987005
2026-04-30 11:28:51,219,wait_for_arrival,0,P1,361.7391357421875,61.746917724609375,23.005950927734375,176.88818359375,2.6363799571990967,5.627474784851074,361.7391357421875,61.746917724609375,23.005950927734375,176.88818359375,2.6363799571990967,5.627474784851074,367.48224570320536,-5.834498208757692,82.71906914807003,-2.6412049567817113,-3.10880835184022,-84.23018906600385,307.72921411882305,-19.835774449987625,82.71906914807003,176.88789210729033,2.637315264092485,5.626471007987005,307.72921411882305,-19.835774449987625,23.0,176.88789210729033,2.637315264092485,5.626471007987005,300.2004041168843,54.67444686671756,82.71906914807003,176.88789210729033,2.637315264092485,5.626471007987005,300.2004041168843,54.67444686671756,23.0,176.88789210729033,2.637315264092485,5.626471007987005,361.7359638563527,61.740124885187434,82.71906914807003,176.88789210729033,2.637315264092485,5.626471007987005,361.7359638563527,61.740124885187434,23.0,176.88789210729033,2.637315264092485,5.626471007987005
2026-04-30 11:28:51,220,wait_for_arrival,0,P1,361.7391357421875,61.746917724609375,23.005950927734375,176.88818359375,2.6363799571990967,5.627474784851074,361.7391357421875,61.746917724609375,23.005950927734375,176.88818359375,2.6363799571990967,5.627474784851074,367.48224570320536,-5.834498208757692,82.71906914807003,-2.6412049567817113,-3.10880835184022,-84.23018906600385,307.72921411882305,-19.835774449987625,82.71906914807003,176.88789210729033,2.637315264092485,5.626471007987005,307.72921411882305,-19.835774449987625,23.0,176.88789210729033,2.637315264092485,5.626471007987005,300.2004041168843,54.67444686671756,82.71906914807003,176.88789210729033,2.637315264092485,5.626471007987005,300.2004041168843,54.67444686671756,23.0,176.88789210729033,2.637315264092485,5.626471007987005,361.7359638563527,61.740124885187434,82.71906914807003,176.88789210729033,2.637315264092485,5.626471007987005,361.7359638563527,61.740124885187434,23.0,176.88789210729033,2.637315264092485,5.626471007987005
2026-04-30 11:28:51,221,wait_for_arrival,0,P1,361.738525390625,61.746517181396484,23.003875732421875,176.88803100585938,2.6367013454437256,5.627467632293701,361.738525390625,61.746517181396484,23.003875732421875,176.88803100585938,2.6367013454437256,5.627467632293701,367.48224570320536,-5.834498208757692,82.71906914807003,-2.6412049567817113,-3.10880835184022,-84.23018906600385,307.72921411882305,-19.835774449987625,82.71906914807003,176.88789210729033,2.637315264092485,5.626471007987005,307.72921411882305,-19.835774449987625,23.0,176.88789210729033,2.637315264092485,5.626471007987005,300.2004041168843,54.67444686671756,82.71906914807003,176.88789210729033,2.637315264092485,5.626471007987005,300.2004041168843,54.67444686671756,23.0,176.88789210729033,2.637315264092485,5.626471007987005,361.7359638563527,61.740124885187434,82.71906914807003,176.88789210729033,2.637315264092485,5.626471007987005,361.7359638563527,61.740124885187434,23.0,176.88789210729033,2.637315264092485,5.626471007987005
2026-04-30 11:28:51,222,wait_for_arrival,0,P1,361.7388610839844,61.744266510009766,23.003875732421875,176.88803100585938,2.6367011070251465,5.627108097076416,361.7388610839844,61.744266510009766,23.003875732421875,176.88803100585938,2.6367011070251465,5.627108097076416,367.48224570320536,-5.834498208757692,82.71906914807003,-2.6412049567817113,-3.10880835184022,-84.23018906600385,307.72921411882305,-19.835774449987625,82.71906914807003,176.88789210729033,2.637315264092485,5.626471007987005,307.72921411882305,-19.835774449987625,23.0,176.88789210729033,2.637315264092485,5.626471007987005,300.2004041168843,54.67444686671756,82.71906914807003,176.88789210729033,2.637315264092485,5.626471007987005,300.2004041168843,54.67444686671756,23.0,176.88789210729033,2.637315264092485,5.626471007987005,361.7359638563527,61.740124885187434,82.71906914807003,176.88789210729033,2.637315264092485,5.626471007987005,361.7359638563527,61.740124885187434,23.0,176.88789210729033,2.637315264092485,5.626471007987005
2026-04-30 11:28:51,223,wait_for_arrival,0,P1,361.7388610839844,61.744266510009766,23.003875732421875,176.88803100585938,2.6367011070251465,5.627108097076416,361.7388610839844,61.744266510009766,23.003875732421875,176.88803100585938,2.6367011070251465,5.627108097076416,367.48224570320536,-5.834498208757692,82.71906914807003,-2.6412049567817113,-3.10880835184022,-84.23018906600385,307.72921411882305,-19.835774449987625,82.71906914807003,176.88789210729033,2.637315264092485,5.626471007987005,307.72921411882305,-19.835774449987625,23.0,176.88789210729033,2.637315264092485,5.626471007987005,300.2004041168843,54.67444686671756,82.71906914807003,176.88789210729033,2.637315264092485,5.626471007987005,300.2004041168843,54.67444686671756,23.0,176.88789210729033,2.637315264092485,5.626471007987005,361.7359638563527,61.740124885187434,82.71906914807003,176.88789210729033,2.637315264092485,5.626471007987005,361.7359638563527,61.740124885187434,23.0,176.88789210729033,2.637315264092485,5.626471007987005
2026-04-30 11:28:51,224,wait_for_arrival,0,P1,361.7388610839844,61.744266510009766,23.003875732421875,176.88803100585938,2.6367011070251465,5.627108097076416,361.7388610839844,61.744266510009766,23.003875732421875,176.88803100585938,2.6367011070251465,5.627108097076416,367.48224570320536,-5.834498208757692,82.71906914807003,-2.6412049567817113,-3.10880835184022,-84.23018906600385,307.72921411882305,-19.835774449987625,82.71906914807003,176.88789210729033,2.637315264092485,5.626471007987005,307.72921411882305,-19.835774449987625,23.0,176.88789210729033,2.637315264092485,5.626471007987005,300.2004041168843,54.67444686671756,82.71906914807003,176.88789210729033,2.637315264092485,5.626471007987005,300.2004041168843,54.67444686671756,23.0,176.88789210729033,2.637315264092485,5.626471007987005,361.7359638563527,61.740124885187434,82.71906914807003,176.88789210729033,2.637315264092485,5.626471007987005,361.7359638563527,61.740124885187434,23.0,176.88789210729033,2.637315264092485,5.626471007987005
2026-04-30 11:28:52,225,wait_for_arrival,0,P1,361.7388610839844,61.744266510009766,23.003875732421875,176.88803100585938,2.6367011070251465,5.627108097076416,361.7388610839844,61.744266510009766,23.003875732421875,176.88803100585938,2.6367011070251465,5.627108097076416,367.48224570320536,-5.834498208757692,82.71906914807003,-2.6412049567817113,-3.10880835184022,-84.23018906600385,307.72921411882305,-19.835774449987625,82.71906914807003,176.88789210729033,2.637315264092485,5.626471007987005,307.72921411882305,-19.835774449987625,23.0,176.88789210729033,2.637315264092485,5.626471007987005,300.2004041168843,54.67444686671756,82.71906914807003,176.88789210729033,2.637315264092485,5.626471007987005,300.2004041168843,54.67444686671756,23.0,176.88789210729033,2.637315264092485,5.626471007987005,361.7359638563527,61.740124885187434,82.71906914807003,176.88789210729033,2.637315264092485,5.626471007987005,361.7359638563527,61.740124885187434,23.0,176.88789210729033,2.637315264092485,5.626471007987005
2026-04-30 11:28:52,226,wait_for_arrival,0,P1,361.7381896972656,61.74385452270508,23.001678466796875,176.88787841796875,2.637028217315674,5.627099990844727,361.7381896972656,61.74385452270508,23.001678466796875,176.88787841796875,2.637028217315674,5.627099990844727,367.48224570320536,-5.834498208757692,82.71906914807003,-2.6412049567817113,-3.10880835184022,-84.23018906600385,307.72921411882305,-19.835774449987625,82.71906914807003,176.88789210729033,2.637315264092485,5.626471007987005,307.72921411882305,-19.835774449987625,23.0,176.88789210729033,2.637315264092485,5.626471007987005,300.2004041168843,54.67444686671756,82.71906914807003,176.88789210729033,2.637315264092485,5.626471007987005,300.2004041168843,54.67444686671756,23.0,176.88789210729033,2.637315264092485,5.626471007987005,361.7359638563527,61.740124885187434,82.71906914807003,176.88789210729033,2.637315264092485,5.626471007987005,361.7359638563527,61.740124885187434,23.0,176.88789210729033,2.637315264092485,5.626471007987005
2026-04-30 11:28:52,227,wait_for_arrival,0,P1,361.7381896972656,61.74385452270508,23.001678466796875,176.88787841796875,2.637028217315674,5.627099990844727,361.7381896972656,61.74385452270508,23.001678466796875,176.88787841796875,2.637028217315674,5.627099990844727,367.48224570320536,-5.834498208757692,82.71906914807003,-2.6412049567817113,-3.10880835184022,-84.23018906600385,307.72921411882305,-19.835774449987625,82.71906914807003,176.88789210729033,2.637315264092485,5.626471007987005,307.72921411882305,-19.835774449987625,23.0,176.88789210729033,2.637315264092485,5.626471007987005,300.2004041168843,54.67444686671756,82.71906914807003,176.88789210729033,2.637315264092485,5.626471007987005,300.2004041168843,54.67444686671756,23.0,176.88789210729033,2.637315264092485,5.626471007987005,361.7359638563527,61.740124885187434,82.71906914807003,176.88789210729033,2.637315264092485,5.626471007987005,361.7359638563527,61.740124885187434,23.0,176.88789210729033,2.637315264092485,5.626471007987005
2026-04-30 11:28:52,228,wait_for_arrival,0,P1,363.2203369140625,61.94615173339844,27.5467529296875,176.97755432128906,2.6277694702148438,6.636333465576172,363.2203369140625,61.94615173339844,27.5467529296875,176.97755432128906,2.6277694702148438,6.636333465576172,367.48224570320536,-5.834498208757692,82.71906914807003,-2.6412049567817113,-3.10880835184022,-84.23018906600385,307.72921411882305,-19.835774449987625,82.71906914807003,176.88789210729033,2.637315264092485,5.626471007987005,307.72921411882305,-19.835774449987625,23.0,176.88789210729033,2.637315264092485,5.626471007987005,300.2004041168843,54.67444686671756,82.71906914807003,176.88789210729033,2.637315264092485,5.626471007987005,300.2004041168843,54.67444686671756,23.0,176.88789210729033,2.637315264092485,5.626471007987005,361.7359638563527,61.740124885187434,82.71906914807003,176.88789210729033,2.637315264092485,5.626471007987005,361.7359638563527,61.740124885187434,23.0,176.88789210729033,2.637315264092485,5.626471007987005
2026-04-30 11:28:52,229,wait_for_arrival,0,P1,363.64691162109375,61.991363525390625,28.957244873046875,177.00393676757812,2.6307146549224854,6.959395408630371,363.64691162109375,61.991363525390625,28.957244873046875,177.00393676757812,2.6307146549224854,6.959395408630371,367.48224570320536,-5.834498208757692,82.71906914807003,-2.6412049567817113,-3.10880835184022,-84.23018906600385,307.72921411882305,-19.835774449987625,82.71906914807003,176.88789210729033,2.637315264092485,5.626471007987005,307.72921411882305,-19.835774449987625,23.0,176.88789210729033,2.637315264092485,5.626471007987005,300.2004041168843,54.67444686671756,82.71906914807003,176.88789210729033,2.637315264092485,5.626471007987005,300.2004041168843,54.67444686671756,23.0,176.88789210729033,2.637315264092485,5.626471007987005,361.7359638563527,61.740124885187434,82.71906914807003,176.88789210729033,2.637315264092485,5.626471007987005,361.7359638563527,61.740124885187434,23.0,176.88789210729033,2.637315264092485,5.626471007987005
2026-04-30 11:28:52,230,wait_for_arrival,0,P1,368.143310546875,62.23069763183594,45.048492431640625,177.2980194091797,2.618513822555542,10.578690528869629,368.143310546875,62.23069763183594,45.048492431640625,177.2980194091797,2.618513822555542,10.578690528869629,367.48224570320536,-5.834498208757692,82.71906914807003,-2.6412049567817113,-3.10880835184022,-84.23018906600385,307.72921411882305,-19.835774449987625,82.71906914807003,176.88789210729033,2.637315264092485,5.626471007987005,307.72921411882305,-19.835774449987625,23.0,176.88789210729033,2.637315264092485,5.626471007987005,300.2004041168843,54.67444686671756,82.71906914807003,176.88789210729033,2.637315264092485,5.626471007987005,300.2004041168843,54.67444686671756,23.0,176.88789210729033,2.637315264092485,5.626471007987005,361.7359638563527,61.740124885187434,82.71906914807003,176.88789210729033,2.637315264092485,5.626471007987005,361.7359638563527,61.740124885187434,23.0,176.88789210729033,2.637315264092485,5.626471007987005
2026-04-30 11:28:52,231,wait_for_arrival,0,P1,372.0625,62.06562042236328,61.335968017578125,177.57864379882812,2.5648410320281982,14.196531295776367,372.0625,62.06562042236328,61.335968017578125,177.57864379882812,2.5648410320281982,14.196531295776367,367.48224570320536,-5.834498208757692,82.71906914807003,-2.6412049567817113,-3.10880835184022,-84.23018906600385,307.72921411882305,-19.835774449987625,82.71906914807003,176.88789210729033,2.637315264092485,5.626471007987005,307.72921411882305,-19.835774449987625,23.0,176.88789210729033,2.637315264092485,5.626471007987005,300.2004041168843,54.67444686671756,82.71906914807003,176.88789210729033,2.637315264092485,5.626471007987005,300.2004041168843,54.67444686671756,23.0,176.88789210729033,2.637315264092485,5.626471007987005,361.7359638563527,61.740124885187434,82.71906914807003,176.88789210729033,2.637315264092485,5.626471007987005,361.7359638563527,61.740124885187434,23.0,176.88789210729033,2.637315264092485,5.626471007987005
2026-04-30 11:28:52,232,wait_for_arrival,0,P1,375.27142333984375,61.43914794921875,77.732666015625,177.83856201171875,2.489943027496338,17.827701568603516,375.27142333984375,61.43914794921875,77.732666015625,177.83856201171875,2.489943027496338,17.827701568603516,367.48224570320536,-5.834498208757692,82.71906914807003,-2.6412049567817113,-3.10880835184022,-84.23018906600385,307.72921411882305,-19.835774449987625,82.71906914807003,176.88789210729033,2.637315264092485,5.626471007987005,307.72921411882305,-19.835774449987625,23.0,176.88789210729033,2.637315264092485,5.626471007987005,300.2004041168843,54.67444686671756,82.71906914807003,176.88789210729033,2.637315264092485,5.626471007987005,300.2004041168843,54.67444686671756,23.0,176.88789210729033,2.637315264092485,5.626471007987005,361.7359638563527,61.740124885187434,82.71906914807003,176.88789210729033,2.637315264092485,5.626471007987005,361.7359638563527,61.740124885187434,23.0,176.88789210729033,2.637315264092485,5.626471007987005
2026-04-30 11:28:52,233,wait_for_arrival,0,P1,377.74200439453125,60.343196868896484,94.084228515625,178.0738067626953,2.397427797317505,21.443859100341797,377.74200439453125,60.343196868896484,94.084228515625,178.0738067626953,2.397427797317505,21.443859100341797,367.48224570320536,-5.834498208757692,82.71906914807003,-2.6412049567817113,-3.10880835184022,-84.23018906600385,307.72921411882305,-19.835774449987625,82.71906914807003,176.88789210729033,2.637315264092485,5.626471007987005,307.72921411882305,-19.835774449987625,23.0,176.88789210729033,2.637315264092485,5.626471007987005,300.2004041168843,54.67444686671756,82.71906914807003,176.88789210729033,2.637315264092485,5.626471007987005,300.2004041168843,54.67444686671756,23.0,176.88789210729033,2.637315264092485,5.626471007987005,361.7359638563527,61.740124885187434,82.71906914807003,176.88789210729033,2.637315264092485,5.626471007987005,361.7359638563527,61.740124885187434,23.0,176.88789210729033,2.637315264092485,5.626471007987005
2026-04-30 11:28:52,234,wait_for_arrival,0,P1,379.5169982910156,58.84319305419922,110.4365234375,178.28543090820312,2.284374952316284,25.062976837158203,379.5169982910156,58.84319305419922,110.4365234375,178.28543090820312,2.284374952316284,25.062976837158203,367.48224570320536,-5.834498208757692,82.71906914807003,-2.6412049567817113,-3.10880835184022,-84.23018906600385,307.72921411882305,-19.835774449987625,82.71906914807003,176.88789210729033,2.637315264092485,5.626471007987005,307.72921411882305,-19.835774449987625,23.0,176.88789210729033,2.637315264092485,5.626471007987005,300.2004041168843,54.67444686671756,82.71906914807003,176.88789210729033,2.637315264092485,5.626471007987005,300.2004041168843,54.67444686671756,23.0,176.88789210729033,2.637315264092485,5.626471007987005,361.7359638563527,61.740124885187434,82.71906914807003,176.88789210729033,2.637315264092485,5.626471007987005,361.7359638563527,61.740124885187434,23.0,176.88789210729033,2.637315264092485,5.626471007987005
2026-04-30 11:28:53,235,wait_for_arrival,0,P1,380.5887451171875,56.93383026123047,126.76947021484375,178.4720458984375,2.1505258083343506,28.67725372314453,380.5887451171875,56.93383026123047,126.76947021484375,178.4720458984375,2.1505258083343506,28.67725372314453,367.48224570320536,-5.834498208757692,82.71906914807003,-2.6412049567817113,-3.10880835184022,-84.23018906600385,307.72921411882305,-19.835774449987625,82.71906914807003,176.88789210729033,2.637315264092485,5.626471007987005,307.72921411882305,-19.835774449987625,23.0,176.88789210729033,2.637315264092485,5.626471007987005,300.2004041168843,54.67444686671756,82.71906914807003,176.88789210729033,2.637315264092485,5.626471007987005,300.2004041168843,54.67444686671756,23.0,176.88789210729033,2.637315264092485,5.626471007987005,361.7359638563527,61.740124885187434,82.71906914807003,176.88789210729033,2.637315264092485,5.626471007987005,361.7359638563527,61.740124885187434,23.0,176.88789210729033,2.637315264092485,5.626471007987005
2026-04-30 11:28:53,236,wait_for_arrival,0,P1,380.6336669921875,56.73943328857422,128.19403076171875,178.4873809814453,2.141267776489258,28.999507904052734,380.6336669921875,56.73943328857422,128.19403076171875,178.4873809814453,2.141267776489258,28.999507904052734,367.48224570320536,-5.834498208757692,82.71906914807003,-2.6412049567817113,-3.10880835184022,-84.23018906600385,307.72921411882305,-19.835774449987625,82.71906914807003,176.88789210729033,2.637315264092485,5.626471007987005,307.72921411882305,-19.835774449987625,23.0,176.88789210729033,2.637315264092485,5.626471007987005,300.2004041168843,54.67444686671756,82.71906914807003,176.88789210729033,2.637315264092485,5.626471007987005,300.2004041168843,54.67444686671756,23.0,176.88789210729033,2.637315264092485,5.626471007987005,361.7359638563527,61.740124885187434,82.71906914807003,176.88789210729033,2.637315264092485,5.626471007987005,361.7359638563527,61.740124885187434,23.0,176.88789210729033,2.637315264092485,5.626471007987005
2026-04-30 11:28:53,237,wait_for_arrival,0,P1,380.9441223144531,54.633201599121094,143.039794921875,178.6314239501953,2.002849578857422,32.30657196044922,380.9441223144531,54.633201599121094,143.039794921875,178.6314239501953,2.002849578857422,32.30657196044922,367.48224570320536,-5.834498208757692,82.71906914807003,-2.6412049567817113,-3.10880835184022,-84.23018906600385,307.72921411882305,-19.835774449987625,82.71906914807003,176.88789210729033,2.637315264092485,5.626471007987005,307.72921411882305,-19.835774449987625,23.0,176.88789210729033,2.637315264092485,5.626471007987005,300.2004041168843,54.67444686671756,82.71906914807003,176.88789210729033,2.637315264092485,5.626471007987005,300.2004041168843,54.67444686671756,23.0,176.88789210729033,2.637315264092485,5.626471007987005,361.7359638563527,61.740124885187434,82.71906914807003,176.88789210729033,2.637315264092485,5.626471007987005,361.7359638563527,61.740124885187434,23.0,176.88789210729033,2.637315264092485,5.626471007987005
2026-04-30 11:28:53,238,wait_for_arrival,0,P1,380.9354553222656,54.412818908691406,144.4276123046875,178.64398193359375,1.9908968210220337,32.6163330078125,380.9354553222656,54.412818908691406,144.4276123046875,178.64398193359375,1.9908968210220337,32.6163330078125,367.48224570320536,-5.834498208757692,82.71906914807003,-2.6412049567817113,-3.10880835184022,-84.23018906600385,307.72921411882305,-19.835774449987625,82.71906914807003,176.88789210729033,2.637315264092485,5.626471007987005,307.72921411882305,-19.835774449987625,23.0,176.88789210729033,2.637315264092485,5.626471007987005,300.2004041168843,54.67444686671756,82.71906914807003,176.88789210729033,2.637315264092485,5.626471007987005,300.2004041168843,54.67444686671756,23.0,176.88789210729033,2.637315264092485,5.626471007987005,361.7359638563527,61.740124885187434,82.71906914807003,176.88789210729033,2.637315264092485,5.626471007987005,361.7359638563527,61.740124885187434,23.0,176.88789210729033,2.637315264092485,5.626471007987005
2026-04-30 11:28:53,239,wait_for_arrival,0,P1,380.5162658691406,51.700645446777344,160.54086303710938,178.77195739746094,1.8289886713027954,36.23101043701172,380.5162658691406,51.700645446777344,160.54086303710938,178.77195739746094,1.8289886713027954,36.23101043701172,367.48224570320536,-5.834498208757692,82.71906914807003,-2.6412049567817113,-3.10880835184022,-84.23018906600385,307.72921411882305,-19.835774449987625,82.71906914807003,176.88789210729033,2.637315264092485,5.626471007987005,307.72921411882305,-19.835774449987625,23.0,176.88789210729033,2.637315264092485,5.626471007987005,300.2004041168843,54.67444686671756,82.71906914807003,176.88789210729033,2.637315264092485,5.626471007987005,300.2004041168843,54.67444686671756,23.0,176.88789210729033,2.637315264092485,5.626471007987005,361.7359638563527,61.740124885187434,82.71906914807003,176.88789210729033,2.637315264092485,5.626471007987005,361.7359638563527,61.740124885187434,23.0,176.88789210729033,2.637315264092485,5.626471007987005
2026-04-30 11:28:53,240,wait_for_arrival,0,P1,379.3357238769531,48.629188537597656,176.42178344726562,178.87289428710938,1.6674553155899048,39.84550476074219,379.3357238769531,48.629188537597656,176.42178344726562,178.87289428710938,1.6674553155899048,39.84550476074219,367.48224570320536,-5.834498208757692,82.71906914807003,-2.6412049567817113,-3.10880835184022,-84.23018906600385,307.72921411882305,-19.835774449987625,82.71906914807003,176.88789210729033,2.637315264092485,5.626471007987005,307.72921411882305,-19.835774449987625,23.0,176.88789210729033,2.637315264092485,5.626471007987005,300.2004041168843,54.67444686671756,82.71906914807003,176.88789210729033,2.637315264092485,5.626471007987005,300.2004041168843,54.67444686671756,23.0,176.88789210729033,2.637315264092485,5.626471007987005,361.7359638563527,61.740124885187434,82.71906914807003,176.88789210729033,2.637315264092485,5.626471007987005,361.7359638563527,61.740124885187434,23.0,176.88789210729033,2.637315264092485,5.626471007987005
2026-04-30 11:28:54,241,wait_for_arrival,0,P1,379.3357238769531,48.629188537597656,176.42178344726562,178.87289428710938,1.6674553155899048,39.84550476074219,379.3357238769531,48.629188537597656,176.42178344726562,178.87289428710938,1.6674553155899048,39.84550476074219,367.48224570320536,-5.834498208757692,82.71906914807003,-2.6412049567817113,-3.10880835184022,-84.23018906600385,307.72921411882305,-19.835774449987625,82.71906914807003,176.88789210729033,2.637315264092485,5.626471007987005,307.72921411882305,-19.835774449987625,23.0,176.88789210729033,2.637315264092485,5.626471007987005,300.2004041168843,54.67444686671756,82.71906914807003,176.88789210729033,2.637315264092485,5.626471007987005,300.2004041168843,54.67444686671756,23.0,176.88789210729033,2.637315264092485,5.626471007987005,361.7359638563527,61.740124885187434,82.71906914807003,176.88789210729033,2.637315264092485,5.626471007987005,361.7359638563527,61.740124885187434,23.0,176.88789210729033,2.637315264092485,5.626471007987005
2026-04-30 11:28:54,242,wait_for_arrival,0,P1,379.3357238769531,48.629188537597656,176.42178344726562,178.87289428710938,1.6674553155899048,39.84550476074219,379.3357238769531,48.629188537597656,176.42178344726562,178.87289428710938,1.6674553155899048,39.84550476074219,367.48224570320536,-5.834498208757692,82.71906914807003,-2.6412049567817113,-3.10880835184022,-84.23018906600385,307.72921411882305,-19.835774449987625,82.71906914807003,176.88789210729033,2.637315264092485,5.626471007987005,307.72921411882305,-19.835774449987625,23.0,176.88789210729033,2.637315264092485,5.626471007987005,300.2004041168843,54.67444686671756,82.71906914807003,176.88789210729033,2.637315264092485,5.626471007987005,300.2004041168843,54.67444686671756,23.0,176.88789210729033,2.637315264092485,5.626471007987005,361.7359638563527,61.740124885187434,82.71906914807003,176.88789210729033,2.637315264092485,5.626471007987005,361.7359638563527,61.740124885187434,23.0,176.88789210729033,2.637315264092485,5.626471007987005
2026-04-30 11:28:54,243,wait_for_arrival,-1,P1,,,,,,,,,,,,,367.48224570320536,-5.834498208757692,82.71906914807003,-2.6412049567817113,-3.10880835184022,-84.23018906600385,307.72921411882305,-19.835774449987625,82.71906914807003,176.88789210729033,2.637315264092485,5.626471007987005,307.72921411882305,-19.835774449987625,23.0,176.88789210729033,2.637315264092485,5.626471007987005,300.2004041168843,54.67444686671756,82.71906914807003,176.88789210729033,2.637315264092485,5.626471007987005,300.2004041168843,54.67444686671756,23.0,176.88789210729033,2.637315264092485,5.626471007987005,361.7359638563527,61.740124885187434,82.71906914807003,176.88789210729033,2.637315264092485,5.626471007987005,361.7359638563527,61.740124885187434,23.0,176.88789210729033,2.637315264092485,5.626471007987005
2026-04-30 11:28:54,244,wait_for_arrival,0,P1,367.11981201171875,32.72527313232422,238.80859375,178.9857635498047,0.9910298585891724,54.62871170043945,367.11981201171875,32.72527313232422,238.80859375,178.9857635498047,0.9910298585891724,54.62871170043945,367.48224570320536,-5.834498208757692,82.71906914807003,-2.6412049567817113,-3.10880835184022,-84.23018906600385,307.72921411882305,-19.835774449987625,82.71906914807003,176.88789210729033,2.637315264092485,5.626471007987005,307.72921411882305,-19.835774449987625,23.0,176.88789210729033,2.637315264092485,5.626471007987005,300.2004041168843,54.67444686671756,82.71906914807003,176.88789210729033,2.637315264092485,5.626471007987005,300.2004041168843,54.67444686671756,23.0,176.88789210729033,2.637315264092485,5.626471007987005,361.7359638563527,61.740124885187434,82.71906914807003,176.88789210729033,2.637315264092485,5.626471007987005,361.7359638563527,61.740124885187434,23.0,176.88789210729033,2.637315264092485,5.626471007987005
2026-04-30 11:28:55,245,wait_for_arrival,0,P1,366.7452697753906,32.34253692626953,240.09710693359375,178.98077392578125,0.9731881022453308,54.94094467163086,366.7452697753906,32.34253692626953,240.09710693359375,178.98077392578125,0.9731881022453308,54.94094467163086,367.48224570320536,-5.834498208757692,82.71906914807003,-2.6412049567817113,-3.10880835184022,-84.23018906600385,307.72921411882305,-19.835774449987625,82.71906914807003,176.88789210729033,2.637315264092485,5.626471007987005,307.72921411882305,-19.835774449987625,23.0,176.88789210729033,2.637315264092485,5.626471007987005,300.2004041168843,54.67444686671756,82.71906914807003,176.88789210729033,2.637315264092485,5.626471007987005,300.2004041168843,54.67444686671756,23.0,176.88789210729033,2.637315264092485,5.626471007987005,361.7359638563527,61.740124885187434,82.71906914807003,176.88789210729033,2.637315264092485,5.626471007987005,361.7359638563527,61.740124885187434,23.0,176.88789210729033,2.637315264092485,5.626471007987005
2026-04-30 11:28:55,246,wait_for_arrival,0,P1,366.7452697753906,32.34253692626953,240.09710693359375,178.98077392578125,0.9731881022453308,54.94094467163086,366.7452697753906,32.34253692626953,240.09710693359375,178.98077392578125,0.9731881022453308,54.94094467163086,367.48224570320536,-5.834498208757692,82.71906914807003,-2.6412049567817113,-3.10880835184022,-84.23018906600385,307.72921411882305,-19.835774449987625,82.71906914807003,176.88789210729033,2.637315264092485,5.626471007987005,307.72921411882305,-19.835774449987625,23.0,176.88789210729033,2.637315264092485,5.626471007987005,300.2004041168843,54.67444686671756,82.71906914807003,176.88789210729033,2.637315264092485,5.626471007987005,300.2004041168843,54.67444686671756,23.0,176.88789210729033,2.637315264092485,5.626471007987005,361.7359638563527,61.740124885187434,82.71906914807003,176.88789210729033,2.637315264092485,5.626471007987005,361.7359638563527,61.740124885187434,23.0,176.88789210729033,2.637315264092485,5.626471007987005
2026-04-30 11:28:55,247,wait_for_arrival,0,P1,366.7452697753906,32.34253692626953,240.09710693359375,178.98077392578125,0.9731881022453308,54.94094467163086,366.7452697753906,32.34253692626953,240.09710693359375,178.98077392578125,0.9731881022453308,54.94094467163086,367.48224570320536,-5.834498208757692,82.71906914807003,-2.6412049567817113,-3.10880835184022,-84.23018906600385,307.72921411882305,-19.835774449987625,82.71906914807003,176.88789210729033,2.637315264092485,5.626471007987005,307.72921411882305,-19.835774449987625,23.0,176.88789210729033,2.637315264092485,5.626471007987005,300.2004041168843,54.67444686671756,82.71906914807003,176.88789210729033,2.637315264092485,5.626471007987005,300.2004041168843,54.67444686671756,23.0,176.88789210729033,2.637315264092485,5.626471007987005,361.7359638563527,61.740124885187434,82.71906914807003,176.88789210729033,2.637315264092485,5.626471007987005,361.7359638563527,61.740124885187434,23.0,176.88789210729033,2.637315264092485,5.626471007987005
2026-04-30 11:28:55,248,wait_for_arrival,0,P1,351.89361572265625,19.151020050048828,278.4565124511719,178.79823303222656,0.5930280685424805,64.8424072265625,351.89361572265625,19.151020050048828,278.4565124511719,178.79823303222656,0.5930280685424805,64.8424072265625,367.48224570320536,-5.834498208757692,82.71906914807003,-2.6412049567817113,-3.10880835184022,-84.23018906600385,307.72921411882305,-19.835774449987625,82.71906914807003,176.88789210729033,2.637315264092485,5.626471007987005,307.72921411882305,-19.835774449987625,23.0,176.88789210729033,2.637315264092485,5.626471007987005,300.2004041168843,54.67444686671756,82.71906914807003,176.88789210729033,2.637315264092485,5.626471007987005,300.2004041168843,54.67444686671756,23.0,176.88789210729033,2.637315264092485,5.626471007987005,361.7359638563527,61.740124885187434,82.71906914807003,176.88789210729033,2.637315264092485,5.626471007987005,361.7359638563527,61.740124885187434,23.0,176.88789210729033,2.637315264092485,5.626471007987005
2026-04-30 11:28:56,249,wait_for_arrival,0,P1,351.3348693847656,18.697216033935547,279.6498718261719,178.78799438476562,0.5809538960456848,65.16412353515625,351.3348693847656,18.697216033935547,279.6498718261719,178.78799438476562,0.5809538960456848,65.16412353515625,367.48224570320536,-5.834498208757692,82.71906914807003,-2.6412049567817113,-3.10880835184022,-84.23018906600385,307.72921411882305,-19.835774449987625,82.71906914807003,176.88789210729033,2.637315264092485,5.626471007987005,307.72921411882305,-19.835774449987625,23.0,176.88789210729033,2.637315264092485,5.626471007987005,300.2004041168843,54.67444686671756,82.71906914807003,176.88789210729033,2.637315264092485,5.626471007987005,300.2004041168843,54.67444686671756,23.0,176.88789210729033,2.637315264092485,5.626471007987005,361.7359638563527,61.740124885187434,82.71906914807003,176.88789210729033,2.637315264092485,5.626471007987005,361.7359638563527,61.740124885187434,23.0,176.88789210729033,2.637315264092485,5.626471007987005
2026-04-30 11:28:56,250,wait_for_arrival,0,P1,351.3348693847656,18.697216033935547,279.6498718261719,178.78799438476562,0.5809538960456848,65.16412353515625,351.3348693847656,18.697216033935547,279.6498718261719,178.78799438476562,0.5809538960456848,65.16412353515625,367.48224570320536,-5.834498208757692,82.71906914807003,-2.6412049567817113,-3.10880835184022,-84.23018906600385,307.72921411882305,-19.835774449987625,82.71906914807003,176.88789210729033,2.637315264092485,5.626471007987005,307.72921411882305,-19.835774449987625,23.0,176.88789210729033,2.637315264092485,5.626471007987005,300.2004041168843,54.67444686671756,82.71906914807003,176.88789210729033,2.637315264092485,5.626471007987005,300.2004041168843,54.67444686671756,23.0,176.88789210729033,2.637315264092485,5.626471007987005,361.7359638563527,61.740124885187434,82.71906914807003,176.88789210729033,2.637315264092485,5.626471007987005,361.7359638563527,61.740124885187434,23.0,176.88789210729033,2.637315264092485,5.626471007987005
2026-04-30 11:28:56,251,wait_for_arrival,0,P1,351.3348693847656,18.697216033935547,279.6498718261719,178.78799438476562,0.5809538960456848,65.16412353515625,351.3348693847656,18.697216033935547,279.6498718261719,178.78799438476562,0.5809538960456848,65.16412353515625,367.48224570320536,-5.834498208757692,82.71906914807003,-2.6412049567817113,-3.10880835184022,-84.23018906600385,307.72921411882305,-19.835774449987625,82.71906914807003,176.88789210729033,2.637315264092485,5.626471007987005,307.72921411882305,-19.835774449987625,23.0,176.88789210729033,2.637315264092485,5.626471007987005,300.2004041168843,54.67444686671756,82.71906914807003,176.88789210729033,2.637315264092485,5.626471007987005,300.2004041168843,54.67444686671756,23.0,176.88789210729033,2.637315264092485,5.626471007987005,361.7359638563527,61.740124885187434,82.71906914807003,176.88789210729033,2.637315264092485,5.626471007987005,361.7359638563527,61.740124885187434,23.0,176.88789210729033,2.637315264092485,5.626471007987005
2026-04-30 11:28:56,252,wait_for_arrival,0,P1,331.4582214355469,4.003144264221191,314.30230712890625,178.43798828125,0.33611857891082764,75.06437683105469,331.4582214355469,4.003144264221191,314.30230712890625,178.43798828125,0.33611857891082764,75.06437683105469,367.48224570320536,-5.834498208757692,82.71906914807003,-2.6412049567817113,-3.10880835184022,-84.23018906600385,307.72921411882305,-19.835774449987625,82.71906914807003,176.88789210729033,2.637315264092485,5.626471007987005,307.72921411882305,-19.835774449987625,23.0,176.88789210729033,2.637315264092485,5.626471007987005,300.2004041168843,54.67444686671756,82.71906914807003,176.88789210729033,2.637315264092485,5.626471007987005,300.2004041168843,54.67444686671756,23.0,176.88789210729033,2.637315264092485,5.626471007987005,361.7359638563527,61.740124885187434,82.71906914807003,176.88789210729033,2.637315264092485,5.626471007987005,361.7359638563527,61.740124885187434,23.0,176.88789210729033,2.637315264092485,5.626471007987005
2026-04-30 11:28:57,253,wait_for_arrival,0,P1,330.7581481933594,3.523803472518921,315.3190612792969,178.424560546875,0.33071479201316833,75.37803649902344,330.7581481933594,3.523803472518921,315.3190612792969,178.424560546875,0.33071479201316833,75.37803649902344,367.48224570320536,-5.834498208757692,82.71906914807003,-2.6412049567817113,-3.10880835184022,-84.23018906600385,307.72921411882305,-19.835774449987625,82.71906914807003,176.88789210729033,2.637315264092485,5.626471007987005,307.72921411882305,-19.835774449987625,23.0,176.88789210729033,2.637315264092485,5.626471007987005,300.2004041168843,54.67444686671756,82.71906914807003,176.88789210729033,2.637315264092485,5.626471007987005,300.2004041168843,54.67444686671756,23.0,176.88789210729033,2.637315264092485,5.626471007987005,361.7359638563527,61.740124885187434,82.71906914807003,176.88789210729033,2.637315264092485,5.626471007987005,361.7359638563527,61.740124885187434,23.0,176.88789210729033,2.637315264092485,5.626471007987005
2026-04-30 11:28:57,254,wait_for_arrival,0,P1,330.7581481933594,3.523803472518921,315.3190612792969,178.424560546875,0.33071479201316833,75.37803649902344,330.7581481933594,3.523803472518921,315.3190612792969,178.424560546875,0.33071479201316833,75.37803649902344,367.48224570320536,-5.834498208757692,82.71906914807003,-2.6412049567817113,-3.10880835184022,-84.23018906600385,307.72921411882305,-19.835774449987625,82.71906914807003,176.88789210729033,2.637315264092485,5.626471007987005,307.72921411882305,-19.835774449987625,23.0,176.88789210729033,2.637315264092485,5.626471007987005,300.2004041168843,54.67444686671756,82.71906914807003,176.88789210729033,2.637315264092485,5.626471007987005,300.2004041168843,54.67444686671756,23.0,176.88789210729033,2.637315264092485,5.626471007987005,361.7359638563527,61.740124885187434,82.71906914807003,176.88789210729033,2.637315264092485,5.626471007987005,361.7359638563527,61.740124885187434,23.0,176.88789210729033,2.637315264092485,5.626471007987005
2026-04-30 11:28:57,255,wait_for_arrival,0,P1,330.7581481933594,3.523803472518921,315.3190612792969,178.424560546875,0.33071479201316833,75.37803649902344,330.7581481933594,3.523803472518921,315.3190612792969,178.424560546875,0.33071479201316833,75.37803649902344,367.48224570320536,-5.834498208757692,82.71906914807003,-2.6412049567817113,-3.10880835184022,-84.23018906600385,307.72921411882305,-19.835774449987625,82.71906914807003,176.88789210729033,2.637315264092485,5.626471007987005,307.72921411882305,-19.835774449987625,23.0,176.88789210729033,2.637315264092485,5.626471007987005,300.2004041168843,54.67444686671756,82.71906914807003,176.88789210729033,2.637315264092485,5.626471007987005,300.2004041168843,54.67444686671756,23.0,176.88789210729033,2.637315264092485,5.626471007987005,361.7359638563527,61.740124885187434,82.71906914807003,176.88789210729033,2.637315264092485,5.626471007987005,361.7359638563527,61.740124885187434,23.0,176.88789210729033,2.637315264092485,5.626471007987005
2026-04-30 11:28:58,256,wait_for_arrival,-1,P1,,,,,,,,,,,,,367.48224570320536,-5.834498208757692,82.71906914807003,-2.6412049567817113,-3.10880835184022,-84.23018906600385,307.72921411882305,-19.835774449987625,82.71906914807003,176.88789210729033,2.637315264092485,5.626471007987005,307.72921411882305,-19.835774449987625,23.0,176.88789210729033,2.637315264092485,5.626471007987005,300.2004041168843,54.67444686671756,82.71906914807003,176.88789210729033,2.637315264092485,5.626471007987005,300.2004041168843,54.67444686671756,23.0,176.88789210729033,2.637315264092485,5.626471007987005,361.7359638563527,61.740124885187434,82.71906914807003,176.88789210729033,2.637315264092485,5.626471007987005,361.7359638563527,61.740124885187434,23.0,176.88789210729033,2.637315264092485,5.626471007987005
2026-04-30 11:28:58,257,wait_for_arrival,-1,P1,,,,,,,,,,,,,367.48224570320536,-5.834498208757692,82.71906914807003,-2.6412049567817113,-3.10880835184022,-84.23018906600385,307.72921411882305,-19.835774449987625,82.71906914807003,176.88789210729033,2.637315264092485,5.626471007987005,307.72921411882305,-19.835774449987625,23.0,176.88789210729033,2.637315264092485,5.626471007987005,300.2004041168843,54.67444686671756,82.71906914807003,176.88789210729033,2.637315264092485,5.626471007987005,300.2004041168843,54.67444686671756,23.0,176.88789210729033,2.637315264092485,5.626471007987005,361.7359638563527,61.740124885187434,82.71906914807003,176.88789210729033,2.637315264092485,5.626471007987005,361.7359638563527,61.740124885187434,23.0,176.88789210729033,2.637315264092485,5.626471007987005
2026-04-30 11:28:59,258,wait_for_arrival,-1,P1,,,,,,,,,,,,,367.48224570320536,-5.834498208757692,82.71906914807003,-2.6412049567817113,-3.10880835184022,-84.23018906600385,307.72921411882305,-19.835774449987625,82.71906914807003,176.88789210729033,2.637315264092485,5.626471007987005,307.72921411882305,-19.835774449987625,23.0,176.88789210729033,2.637315264092485,5.626471007987005,300.2004041168843,54.67444686671756,82.71906914807003,176.88789210729033,2.637315264092485,5.626471007987005,300.2004041168843,54.67444686671756,23.0,176.88789210729033,2.637315264092485,5.626471007987005,361.7359638563527,61.740124885187434,82.71906914807003,176.88789210729033,2.637315264092485,5.626471007987005,361.7359638563527,61.740124885187434,23.0,176.88789210729033,2.637315264092485,5.626471007987005
2026-04-30 11:28:59,259,wait_for_arrival,0,P1,297.0035705566406,-17.678964614868164,355.0000305175781,177.7600860595703,0.2792764902114868,88.67918395996094,297.0035705566406,-17.678964614868164,355.0000305175781,177.7600860595703,0.2792764902114868,88.67918395996094,367.48224570320536,-5.834498208757692,82.71906914807003,-2.6412049567817113,-3.10880835184022,-84.23018906600385,307.72921411882305,-19.835774449987625,82.71906914807003,176.88789210729033,2.637315264092485,5.626471007987005,307.72921411882305,-19.835774449987625,23.0,176.88789210729033,2.637315264092485,5.626471007987005,300.2004041168843,54.67444686671756,82.71906914807003,176.88789210729033,2.637315264092485,5.626471007987005,300.2004041168843,54.67444686671756,23.0,176.88789210729033,2.637315264092485,5.626471007987005,361.7359638563527,61.740124885187434,82.71906914807003,176.88789210729033,2.637315264092485,5.626471007987005,361.7359638563527,61.740124885187434,23.0,176.88789210729033,2.637315264092485,5.626471007987005
2026-04-30 11:28:59,260,wait_for_arrival,0,P1,297.0035705566406,-17.678964614868164,355.0000305175781,177.7600860595703,0.2792764902114868,88.67918395996094,297.0035705566406,-17.678964614868164,355.0000305175781,177.7600860595703,0.2792764902114868,88.67918395996094,367.48224570320536,-5.834498208757692,82.71906914807003,-2.6412049567817113,-3.10880835184022,-84.23018906600385,307.72921411882305,-19.835774449987625,82.71906914807003,176.88789210729033,2.637315264092485,5.626471007987005,307.72921411882305,-19.835774449987625,23.0,176.88789210729033,2.637315264092485,5.626471007987005,300.2004041168843,54.67444686671756,82.71906914807003,176.88789210729033,2.637315264092485,5.626471007987005,300.2004041168843,54.67444686671756,23.0,176.88789210729033,2.637315264092485,5.626471007987005,361.7359638563527,61.740124885187434,82.71906914807003,176.88789210729033,2.637315264092485,5.626471007987005,361.7359638563527,61.740124885187434,23.0,176.88789210729033,2.637315264092485,5.626471007987005
2026-04-30 11:28:59,261,main_loop,0,P1,297.0042724609375,-17.67868995666504,355.00189208984375,177.759765625,0.27911216020584106,88.67862701416016,297.0042724609375,-17.67868995666504,355.00189208984375,177.759765625,0.27911216020584106,88.67862701416016,367.48224570320536,-5.834498208757692,82.71906914807003,-2.6412049567817113,-3.10880835184022,-84.23018906600385,307.72921411882305,-19.835774449987625,82.71906914807003,176.88789210729033,2.637315264092485,5.626471007987005,307.72921411882305,-19.835774449987625,23.0,176.88789210729033,2.637315264092485,5.626471007987005,300.2004041168843,54.67444686671756,82.71906914807003,176.88789210729033,2.637315264092485,5.626471007987005,300.2004041168843,54.67444686671756,23.0,176.88789210729033,2.637315264092485,5.626471007987005,361.7359638563527,61.740124885187434,82.71906914807003,176.88789210729033,2.637315264092485,5.626471007987005,361.7359638563527,61.740124885187434,23.0,176.88789210729033,2.637315264092485,5.626471007987005
2026-04-30 11:29:01,262,wait_for_arrival,0,P3,297.0030822753906,-17.679189682006836,355.0035400390625,177.75941467285156,0.2789655327796936,88.67862701416016,297.0030822753906,-17.679189682006836,355.0035400390625,177.75941467285156,0.2789655327796936,88.67862701416016,367.45974528115335,-5.828110858000408,82.76841158672977,-2.1126819427783072,-3.349159582845053,-84.22897087885164,307.87794581790166,-19.91710275829139,82.76841158672977,176.64856749698467,2.1090719755021206,5.647549241094968,307.87794581790166,-19.91710275829139,23.0,176.64856749698467,2.1090719755021206,5.647549241094968,300.3493335717953,54.57532688737206,82.76841158672977,176.64856749698467,2.1090719755021206,5.647549241094968,300.3493335717953,54.57532688737206,23.0,176.64856749698467,2.1090719755021206,5.647549241094968,361.9062124489746,61.665771465175546,82.76841158672977,176.64856749698467,2.1090719755021206,5.647549241094968,361.9062124489746,61.665771465175546,23.0,176.64856749698467,2.1090719755021206,5.647549241094968
2026-04-30 11:29:02,263,wait_for_arrival,0,P3,297.0030822753906,-17.679189682006836,355.0035400390625,177.75941467285156,0.2789655327796936,88.67862701416016,297.0030822753906,-17.679189682006836,355.0035400390625,177.75941467285156,0.2789655327796936,88.67862701416016,367.45974528115335,-5.828110858000408,82.76841158672977,-2.1126819427783072,-3.349159582845053,-84.22897087885164,307.87794581790166,-19.91710275829139,82.76841158672977,176.64856749698467,2.1090719755021206,5.647549241094968,307.87794581790166,-19.91710275829139,23.0,176.64856749698467,2.1090719755021206,5.647549241094968,300.3493335717953,54.57532688737206,82.76841158672977,176.64856749698467,2.1090719755021206,5.647549241094968,300.3493335717953,54.57532688737206,23.0,176.64856749698467,2.1090719755021206,5.647549241094968,361.9062124489746,61.665771465175546,82.76841158672977,176.64856749698467,2.1090719755021206,5.647549241094968,361.9062124489746,61.665771465175546,23.0,176.64856749698467,2.1090719755021206,5.647549241094968
2026-04-30 11:29:02,264,main_loop,0,P3,297.0044250488281,-17.682527542114258,355.0035705566406,177.7592010498047,0.2794657051563263,88.67860412597656,297.0044250488281,-17.682527542114258,355.0035705566406,177.7592010498047,0.2794657051563263,88.67860412597656,367.45974528115335,-5.828110858000408,82.76841158672977,-2.1126819427783072,-3.349159582845053,-84.22897087885164,307.87794581790166,-19.91710275829139,82.76841158672977,176.64856749698467,2.1090719755021206,5.647549241094968,307.87794581790166,-19.91710275829139,23.0,176.64856749698467,2.1090719755021206,5.647549241094968,300.3493335717953,54.57532688737206,82.76841158672977,176.64856749698467,2.1090719755021206,5.647549241094968,300.3493335717953,54.57532688737206,23.0,176.64856749698467,2.1090719755021206,5.647549241094968,361.9062124489746,61.665771465175546,82.76841158672977,176.64856749698467,2.1090719755021206,5.647549241094968,361.9062124489746,61.665771465175546,23.0,176.64856749698467,2.1090719755021206,5.647549241094968
2026-04-30 11:29:02,265,main_loop,0,P3,297.0044250488281,-17.682527542114258,355.0035705566406,177.7592010498047,0.2794657051563263,88.67860412597656,297.0044250488281,-17.682527542114258,355.0035705566406,177.7592010498047,0.2794657051563263,88.67860412597656,367.48061396469933,-5.838563779729224,82.46593038581341,-2.3579381231968863,-2.801043309186174,-84.25839389579558,307.79854007887013,-19.726505069925167,82.46593038581341,177.19658682979198,2.3551193824779575,5.626313545228107,307.79854007887013,-19.726505069925167,23.0,177.19658682979198,2.3551193824779575,5.626313545228107,300.3043322712158,54.8080769362809,82.46593038581341,177.19658682979198,2.3551193824779575,5.626313545228107,300.3043322712158,54.8080769362809,23.0,177.19658682979198,2.3551193824779575,5.626313545228107,361.8536056834944,61.875214274752075,82.46593038581341,177.19658682979198,2.3551193824779575,5.626313545228107,361.8536056834944,61.875214274752075,23.0,177.19658682979198,2.3551193824779575,5.626313545228107
2026-04-30 11:29:02,266,main_loop,0,P3,297.0044250488281,-17.682527542114258,355.0035705566406,177.7592010498047,0.2794657051563263,88.67860412597656,297.0044250488281,-17.682527542114258,355.0035705566406,177.7592010498047,0.2794657051563263,88.67860412597656,367.48061396469933,-5.838563779729224,82.46593038581341,-2.3579381231968863,-2.801043309186174,-84.25839389579558,307.79854007887013,-19.726505069925167,82.46593038581341,177.19658682979198,2.3551193824779575,5.626313545228107,307.79854007887013,-19.726505069925167,23.0,177.19658682979198,2.3551193824779575,5.626313545228107,300.3043322712158,54.8080769362809,82.46593038581341,177.19658682979198,2.3551193824779575,5.626313545228107,300.3043322712158,54.8080769362809,23.0,177.19658682979198,2.3551193824779575,5.626313545228107,361.8536056834944,61.875214274752075,82.46593038581341,177.19658682979198,2.3551193824779575,5.626313545228107,361.8536056834944,61.875214274752075,23.0,177.19658682979198,2.3551193824779575,5.626313545228107
2026-04-30 11:29:02,267,main_loop,0,P3,297.0044250488281,-17.682527542114258,355.0035705566406,177.7592010498047,0.2794657051563263,88.67860412597656,297.0044250488281,-17.682527542114258,355.0035705566406,177.7592010498047,0.2794657051563263,88.67860412597656,367.48061396469933,-5.838563779729224,82.46593038581341,-2.3579381231968863,-2.801043309186174,-84.25839389579558,307.79854007887013,-19.726505069925167,82.46593038581341,177.19658682979198,2.3551193824779575,5.626313545228107,307.79854007887013,-19.726505069925167,23.0,177.19658682979198,2.3551193824779575,5.626313545228107,300.3043322712158,54.8080769362809,82.46593038581341,177.19658682979198,2.3551193824779575,5.626313545228107,300.3043322712158,54.8080769362809,23.0,177.19658682979198,2.3551193824779575,5.626313545228107,361.8536056834944,61.875214274752075,82.46593038581341,177.19658682979198,2.3551193824779575,5.626313545228107,361.8536056834944,61.875214274752075,23.0,177.19658682979198,2.3551193824779575,5.626313545228107
2026-04-30 11:29:02,268,main_loop,0,P3,297.0044250488281,-17.682527542114258,355.0035705566406,177.7592010498047,0.2794657051563263,88.67860412597656,297.0044250488281,-17.682527542114258,355.0035705566406,177.7592010498047,0.2794657051563263,88.67860412597656,367.48061396469933,-5.838563779729224,82.46593038581341,-2.3579381231968863,-2.801043309186174,-84.25839389579558,307.79854007887013,-19.726505069925167,82.46593038581341,177.19658682979198,2.3551193824779575,5.626313545228107,307.79854007887013,-19.726505069925167,23.0,177.19658682979198,2.3551193824779575,5.626313545228107,300.3043322712158,54.8080769362809,82.46593038581341,177.19658682979198,2.3551193824779575,5.626313545228107,300.3043322712158,54.8080769362809,23.0,177.19658682979198,2.3551193824779575,5.626313545228107,361.8536056834944,61.875214274752075,82.46593038581341,177.19658682979198,2.3551193824779575,5.626313545228107,361.8536056834944,61.875214274752075,23.0,177.19658682979198,2.3551193824779575,5.626313545228107
2026-04-30 11:29:02,269,main_loop,0,P3,297.0044250488281,-17.682527542114258,355.0035705566406,177.7592010498047,0.2794657051563263,88.67860412597656,297.0044250488281,-17.682527542114258,355.0035705566406,177.7592010498047,0.2794657051563263,88.67860412597656,367.48061396469933,-5.838563779729224,82.46593038581341,-2.3579381231968863,-2.801043309186174,-84.25839389579558,307.79854007887013,-19.726505069925167,82.46593038581341,177.19658682979198,2.3551193824779575,5.626313545228107,307.79854007887013,-19.726505069925167,23.0,177.19658682979198,2.3551193824779575,5.626313545228107,300.3043322712158,54.8080769362809,82.46593038581341,177.19658682979198,2.3551193824779575,5.626313545228107,300.3043322712158,54.8080769362809,23.0,177.19658682979198,2.3551193824779575,5.626313545228107,361.8536056834944,61.875214274752075,82.46593038581341,177.19658682979198,2.3551193824779575,5.626313545228107,361.8536056834944,61.875214274752075,23.0,177.19658682979198,2.3551193824779575,5.626313545228107
2026-04-30 11:29:02,270,main_loop,0,P3,297.00323486328125,-17.683015823364258,355.0052795410156,177.7588653564453,0.2793223559856415,88.67860412597656,297.00323486328125,-17.683015823364258,355.0052795410156,177.7588653564453,0.2793223559856415,88.67860412597656,367.48061396469933,-5.838563779729224,82.46593038581341,-2.3579381231968863,-2.801043309186174,-84.25839389579558,307.79854007887013,-19.726505069925167,82.46593038581341,177.19658682979198,2.3551193824779575,5.626313545228107,307.79854007887013,-19.726505069925167,23.0,177.19658682979198,2.3551193824779575,5.626313545228107,300.3043322712158,54.8080769362809,82.46593038581341,177.19658682979198,2.3551193824779575,5.626313545228107,300.3043322712158,54.8080769362809,23.0,177.19658682979198,2.3551193824779575,5.626313545228107,361.8536056834944,61.875214274752075,82.46593038581341,177.19658682979198,2.3551193824779575,5.626313545228107,361.8536056834944,61.875214274752075,23.0,177.19658682979198,2.3551193824779575,5.626313545228107
2026-04-30 11:29:02,271,main_loop,0,P3,297.00323486328125,-17.683015823364258,355.0052795410156,177.7588653564453,0.2793223559856415,88.67860412597656,297.00323486328125,-17.683015823364258,355.0052795410156,177.7588653564453,0.2793223559856415,88.67860412597656,367.4810355057153,-5.838405185782595,82.46808426843822,-2.3575869353292176,-2.800942324354727,-84.25840942036974,307.79906346952134,-19.72630759771725,82.46808426843822,177.1966886061365,2.354768818073947,5.6263193641641065,307.79906346952134,-19.72630759771725,23.0,177.1966886061365,2.354768818073947,5.6263193641641065,300.30487521114037,54.80828286635379,82.46808426843822,177.1966886061365,2.354768818073947,5.6263193641641065,300.30487521114037,54.80828286635379,23.0,177.1966886061365,2.354768818073947,5.6263193641641065,361.8541637795366,61.87542810684934,82.46808426843822,177.1966886061365,2.354768818073947,5.6263193641641065,361.8541637795366,61.87542810684934,23.0,177.1966886061365,2.354768818073947,5.6263193641641065
2026-04-30 11:29:02,272,main_loop,0,P3,297.00323486328125,-17.683015823364258,355.0052795410156,177.7588653564453,0.2793223559856415,88.67860412597656,297.00323486328125,-17.683015823364258,355.0052795410156,177.7588653564453,0.2793223559856415,88.67860412597656,367.4810355057153,-5.838405185782595,82.46808426843822,-2.3575869353292176,-2.800942324354727,-84.25840942036974,307.79906346952134,-19.72630759771725,82.46808426843822,177.1966886061365,2.354768818073947,5.6263193641641065,307.79906346952134,-19.72630759771725,23.0,177.1966886061365,2.354768818073947,5.6263193641641065,300.30487521114037,54.80828286635379,82.46808426843822,177.1966886061365,2.354768818073947,5.6263193641641065,300.30487521114037,54.80828286635379,23.0,177.1966886061365,2.354768818073947,5.6263193641641065,361.8541637795366,61.87542810684934,82.46808426843822,177.1966886061365,2.354768818073947,5.6263193641641065,361.8541637795366,61.87542810684934,23.0,177.1966886061365,2.354768818073947,5.6263193641641065
2026-04-30 11:29:03,273,main_loop,0,P3,297.00323486328125,-17.683015823364258,355.0052795410156,177.7588653564453,0.2793223559856415,88.67860412597656,297.00323486328125,-17.683015823364258,355.0052795410156,177.7588653564453,0.2793223559856415,88.67860412597656,367.4810355057153,-5.838405185782595,82.46808426843822,-2.3575869353292176,-2.800942324354727,-84.25840942036974,307.79906346952134,-19.72630759771725,82.46808426843822,177.1966886061365,2.354768818073947,5.6263193641641065,307.79906346952134,-19.72630759771725,23.0,177.1966886061365,2.354768818073947,5.6263193641641065,300.30487521114037,54.80828286635379,82.46808426843822,177.1966886061365,2.354768818073947,5.6263193641641065,300.30487521114037,54.80828286635379,23.0,177.1966886061365,2.354768818073947,5.6263193641641065,361.8541637795366,61.87542810684934,82.46808426843822,177.1966886061365,2.354768818073947,5.6263193641641065,361.8541637795366,61.87542810684934,23.0,177.1966886061365,2.354768818073947,5.6263193641641065
2026-04-30 11:29:03,274,main_loop,-1,P3,,,,,,,,,,,,,367.49062627945324,-5.839588605654478,82.55314731682766,-2.609503469941431,-2.9229452698391,-84.23535776674774,307.7405088010209,-19.78193262824226,82.55314731682766,177.0740258523991,2.606106203271678,5.631484257517094,307.7405088010209,-19.78193262824226,23.0,177.0740258523991,2.606106203271678,5.631484257517094,300.217134762474,54.74170318655823,82.55314731682766,177.0740258523991,2.606106203271678,5.631484257517094,300.217134762474,54.74170318655823,23.0,177.0740258523991,2.606106203271678,5.631484257517094,361.75377274317134,61.81310463242545,82.55314731682766,177.0740258523991,2.606106203271678,5.631484257517094,361.75377274317134,61.81310463242545,23.0,177.0740258523991,2.606106203271678,5.631484257517094
2026-04-30 11:29:03,275,main_loop,-1,P3,,,,,,,,,,,,,367.49062627945324,-5.839588605654478,82.55314731682766,-2.609503469941431,-2.9229452698391,-84.23535776674774,307.7405088010209,-19.78193262824226,82.55314731682766,177.0740258523991,2.606106203271678,5.631484257517094,307.7405088010209,-19.78193262824226,23.0,177.0740258523991,2.606106203271678,5.631484257517094,300.217134762474,54.74170318655823,82.55314731682766,177.0740258523991,2.606106203271678,5.631484257517094,300.217134762474,54.74170318655823,23.0,177.0740258523991,2.606106203271678,5.631484257517094,361.75377274317134,61.81310463242545,82.55314731682766,177.0740258523991,2.606106203271678,5.631484257517094,361.75377274317134,61.81310463242545,23.0,177.0740258523991,2.606106203271678,5.631484257517094
2026-04-30 11:29:04,276,main_loop,-1,P3,,,,,,,,,,,,,367.49062627945324,-5.839588605654478,82.55314731682766,-2.609503469941431,-2.9229452698391,-84.23535776674774,307.7405088010209,-19.78193262824226,82.55314731682766,177.0740258523991,2.606106203271678,5.631484257517094,307.7405088010209,-19.78193262824226,23.0,177.0740258523991,2.606106203271678,5.631484257517094,300.217134762474,54.74170318655823,82.55314731682766,177.0740258523991,2.606106203271678,5.631484257517094,300.217134762474,54.74170318655823,23.0,177.0740258523991,2.606106203271678,5.631484257517094,361.75377274317134,61.81310463242545,82.55314731682766,177.0740258523991,2.606106203271678,5.631484257517094,361.75377274317134,61.81310463242545,23.0,177.0740258523991,2.606106203271678,5.631484257517094
2026-04-30 11:29:04,277,main_loop,-1,P3,,,,,,,,,,,,,367.49062627945324,-5.839588605654478,82.55314731682766,-2.609503469941431,-2.9229452698391,-84.23535776674774,307.7405088010209,-19.78193262824226,82.55314731682766,177.0740258523991,2.606106203271678,5.631484257517094,307.7405088010209,-19.78193262824226,23.0,177.0740258523991,2.606106203271678,5.631484257517094,300.217134762474,54.74170318655823,82.55314731682766,177.0740258523991,2.606106203271678,5.631484257517094,300.217134762474,54.74170318655823,23.0,177.0740258523991,2.606106203271678,5.631484257517094,361.75377274317134,61.81310463242545,82.55314731682766,177.0740258523991,2.606106203271678,5.631484257517094,361.75377274317134,61.81310463242545,23.0,177.0740258523991,2.606106203271678,5.631484257517094
2026-04-30 11:33:48,1,wait_for_arrival,-1,,,,,,,,,,,,,,,,,,,,,,,,,,,,,,,,,,,,,,,,,,,,,,,,,,,,,,,
2026-04-30 11:33:48,2,wait_for_arrival,0,,296.9975891113281,-17.67603302001953,355.0003662109375,177.76025390625,0.27934956550598145,88.68024444580078,296.9975891113281,-17.67603302001953,355.0003662109375,177.76025390625,0.27934956550598145,88.68024444580078,,,,,,,,,,,,,,,,,,,,,,,,,,,,,,,,,,,,,,,,,,
2026-04-30 11:33:48,3,wait_for_arrival,0,,296.9975891113281,-17.67603302001953,355.0003662109375,177.76025390625,0.27934956550598145,88.68024444580078,296.9975891113281,-17.67603302001953,355.0003662109375,177.76025390625,0.27934956550598145,88.68024444580078,,,,,,,,,,,,,,,,,,,,,,,,,,,,,,,,,,,,,,,,,,
2026-04-30 11:33:48,4,main_loop,0,,296.9975891113281,-17.67603302001953,355.0003662109375,177.76025390625,0.27934956550598145,88.68024444580078,296.9975891113281,-17.67603302001953,355.0003662109375,177.76025390625,0.27934956550598145,88.68024444580078,,,,,,,,,,,,,,,,,,,,,,,,,,,,,,,,,,,,,,,,,,
2026-04-30 11:33:49,5,main_loop,0,P1,296.9975891113281,-17.67603302001953,355.0003662109375,177.76025390625,0.27934956550598145,88.68024444580078,296.9975891113281,-17.67603302001953,355.0003662109375,177.76025390625,0.27934956550598145,88.68024444580078,367.36106972117585,-5.838538377738799,82.4769282563158,-2.0723254530352357,-3.0481721440476677,-84.26521300123638,307.773958603763,-19.800128862315482,82.4769282563158,176.94983674084926,2.0693922084240994,5.624542015330086,307.773958603763,-19.800128862315482,23.0,176.94983674084926,2.0693922084240994,5.624542015330086,300.29027089854804,54.71892205441542,82.4769282563158,176.94983674084926,2.0693922084240994,5.624542015330086,300.29027089854804,54.71892205441542,23.0,176.94983674084926,2.0693922084240994,5.624542015330086,361.85174993935607,61.785115921901586,82.4769282563158,176.94983674084926,2.0693922084240994,5.624542015330086,361.85174993935607,61.785115921901586,23.0,176.94983674084926,2.0693922084240994,5.624542015330086
2026-04-30 11:33:49,6,main_loop,0,P1,296.9975891113281,-17.67603302001953,355.0003662109375,177.76025390625,0.27934956550598145,88.68024444580078,296.9975891113281,-17.67603302001953,355.0003662109375,177.76025390625,0.27934956550598145,88.68024444580078,367.37669210526326,-5.837919894893826,82.40831386454644,-2.428032023761371,-2.827345605316279,-84.26180324923357,307.67293822213287,-19.728631388565613,82.40831386454644,177.1701179153157,2.4250746349692562,5.618358943700528,307.67293822213287,-19.728631388565613,23.0,177.1701179153157,2.4250746349692562,5.618358943700528,300.1833345777963,54.804714496094476,82.40831386454644,177.1701179153157,2.4250746349692562,5.618358943700528,300.1833345777963,54.804714496094476,23.0,177.1701179153157,2.4250746349692562,5.618358943700528,361.7303702694797,61.86296722778594,82.40831386454644,177.1701179153157,2.4250746349692562,5.618358943700528,361.7303702694797,61.86296722778594,23.0,177.1701179153157,2.4250746349692562,5.618358943700528
2026-04-30 11:33:49,7,main_loop,-1,P1,,,,,,,,,,,,,367.37669210526326,-5.837919894893826,82.40831386454644,-2.428032023761371,-2.827345605316279,-84.26180324923357,307.67293822213287,-19.728631388565613,82.40831386454644,177.1701179153157,2.4250746349692562,5.618358943700528,307.67293822213287,-19.728631388565613,23.0,177.1701179153157,2.4250746349692562,5.618358943700528,300.1833345777963,54.804714496094476,82.40831386454644,177.1701179153157,2.4250746349692562,5.618358943700528,300.1833345777963,54.804714496094476,23.0,177.1701179153157,2.4250746349692562,5.618358943700528,361.7303702694797,61.86296722778594,82.40831386454644,177.1701179153157,2.4250746349692562,5.618358943700528,361.7303702694797,61.86296722778594,23.0,177.1701179153157,2.4250746349692562,5.618358943700528
2026-04-30 11:33:50,8,main_loop,-1,P1,,,,,,,,,,,,,367.37669210526326,-5.837919894893826,82.40831386454644,-2.428032023761371,-2.827345605316279,-84.26180324923357,307.67293822213287,-19.728631388565613,82.40831386454644,177.1701179153157,2.4250746349692562,5.618358943700528,307.67293822213287,-19.728631388565613,23.0,177.1701179153157,2.4250746349692562,5.618358943700528,300.1833345777963,54.804714496094476,82.40831386454644,177.1701179153157,2.4250746349692562,5.618358943700528,300.1833345777963,54.804714496094476,23.0,177.1701179153157,2.4250746349692562,5.618358943700528,361.7303702694797,61.86296722778594,82.40831386454644,177.1701179153157,2.4250746349692562,5.618358943700528,361.7303702694797,61.86296722778594,23.0,177.1701179153157,2.4250746349692562,5.618358943700528
2026-04-30 11:33:50,9,main_loop,-1,P1,,,,,,,,,,,,,367.37669210526326,-5.837919894893826,82.40831386454644,-2.428032023761371,-2.827345605316279,-84.26180324923357,307.67293822213287,-19.728631388565613,82.40831386454644,177.1701179153157,2.4250746349692562,5.618358943700528,307.67293822213287,-19.728631388565613,23.0,177.1701179153157,2.4250746349692562,5.618358943700528,300.1833345777963,54.804714496094476,82.40831386454644,177.1701179153157,2.4250746349692562,5.618358943700528,300.1833345777963,54.804714496094476,23.0,177.1701179153157,2.4250746349692562,5.618358943700528,361.7303702694797,61.86296722778594,82.40831386454644,177.1701179153157,2.4250746349692562,5.618358943700528,361.7303702694797,61.86296722778594,23.0,177.1701179153157,2.4250746349692562,5.618358943700528
2026-04-30 11:33:50,10,main_loop,-1,P1,,,,,,,,,,,,,367.37669210526326,-5.837919894893826,82.40831386454644,-2.428032023761371,-2.827345605316279,-84.26180324923357,307.67293822213287,-19.728631388565613,82.40831386454644,177.1701179153157,2.4250746349692562,5.618358943700528,307.67293822213287,-19.728631388565613,23.0,177.1701179153157,2.4250746349692562,5.618358943700528,300.1833345777963,54.804714496094476,82.40831386454644,177.1701179153157,2.4250746349692562,5.618358943700528,300.1833345777963,54.804714496094476,23.0,177.1701179153157,2.4250746349692562,5.618358943700528,361.7303702694797,61.86296722778594,82.40831386454644,177.1701179153157,2.4250746349692562,5.618358943700528,361.7303702694797,61.86296722778594,23.0,177.1701179153157,2.4250746349692562,5.618358943700528
2026-04-30 11:33:51,11,main_loop,-1,P1,,,,,,,,,,,,,367.37669210526326,-5.837919894893826,82.40831386454644,-2.428032023761371,-2.827345605316279,-84.26180324923357,307.67293822213287,-19.728631388565613,82.40831386454644,177.1701179153157,2.4250746349692562,5.618358943700528,307.67293822213287,-19.728631388565613,23.0,177.1701179153157,2.4250746349692562,5.618358943700528,300.1833345777963,54.804714496094476,82.40831386454644,177.1701179153157,2.4250746349692562,5.618358943700528,300.1833345777963,54.804714496094476,23.0,177.1701179153157,2.4250746349692562,5.618358943700528,361.7303702694797,61.86296722778594,82.40831386454644,177.1701179153157,2.4250746349692562,5.618358943700528,361.7303702694797,61.86296722778594,23.0,177.1701179153157,2.4250746349692562,5.618358943700528
2026-04-30 11:33:51,12,main_loop,-1,P1,,,,,,,,,,,,,367.37669210526326,-5.837919894893826,82.40831386454644,-2.428032023761371,-2.827345605316279,-84.26180324923357,307.67293822213287,-19.728631388565613,82.40831386454644,177.1701179153157,2.4250746349692562,5.618358943700528,307.67293822213287,-19.728631388565613,23.0,177.1701179153157,2.4250746349692562,5.618358943700528,300.1833345777963,54.804714496094476,82.40831386454644,177.1701179153157,2.4250746349692562,5.618358943700528,300.1833345777963,54.804714496094476,23.0,177.1701179153157,2.4250746349692562,5.618358943700528,361.7303702694797,61.86296722778594,82.40831386454644,177.1701179153157,2.4250746349692562,5.618358943700528,361.7303702694797,61.86296722778594,23.0,177.1701179153157,2.4250746349692562,5.618358943700528
2026-04-30 11:33:51,13,main_loop,-1,P1,,,,,,,,,,,,,367.37669210526326,-5.837919894893826,82.40831386454644,-2.428032023761371,-2.827345605316279,-84.26180324923357,307.67293822213287,-19.728631388565613,82.40831386454644,177.1701179153157,2.4250746349692562,5.618358943700528,307.67293822213287,-19.728631388565613,23.0,177.1701179153157,2.4250746349692562,5.618358943700528,300.1833345777963,54.804714496094476,82.40831386454644,177.1701179153157,2.4250746349692562,5.618358943700528,300.1833345777963,54.804714496094476,23.0,177.1701179153157,2.4250746349692562,5.618358943700528,361.7303702694797,61.86296722778594,82.40831386454644,177.1701179153157,2.4250746349692562,5.618358943700528,361.7303702694797,61.86296722778594,23.0,177.1701179153157,2.4250746349692562,5.618358943700528
2026-04-30 11:33:52,14,main_loop,-1,P1,,,,,,,,,,,,,367.37669210526326,-5.837919894893826,82.40831386454644,-2.428032023761371,-2.827345605316279,-84.26180324923357,307.67293822213287,-19.728631388565613,82.40831386454644,177.1701179153157,2.4250746349692562,5.618358943700528,307.67293822213287,-19.728631388565613,23.0,177.1701179153157,2.4250746349692562,5.618358943700528,300.1833345777963,54.804714496094476,82.40831386454644,177.1701179153157,2.4250746349692562,5.618358943700528,300.1833345777963,54.804714496094476,23.0,177.1701179153157,2.4250746349692562,5.618358943700528,361.7303702694797,61.86296722778594,82.40831386454644,177.1701179153157,2.4250746349692562,5.618358943700528,361.7303702694797,61.86296722778594,23.0,177.1701179153157,2.4250746349692562,5.618358943700528
2026-04-30 11:33:52,15,main_loop,-1,P1,,,,,,,,,,,,,367.37669210526326,-5.837919894893826,82.40831386454644,-2.428032023761371,-2.827345605316279,-84.26180324923357,307.67293822213287,-19.728631388565613,82.40831386454644,177.1701179153157,2.4250746349692562,5.618358943700528,307.67293822213287,-19.728631388565613,23.0,177.1701179153157,2.4250746349692562,5.618358943700528,300.1833345777963,54.804714496094476,82.40831386454644,177.1701179153157,2.4250746349692562,5.618358943700528,300.1833345777963,54.804714496094476,23.0,177.1701179153157,2.4250746349692562,5.618358943700528,361.7303702694797,61.86296722778594,82.40831386454644,177.1701179153157,2.4250746349692562,5.618358943700528,361.7303702694797,61.86296722778594,23.0,177.1701179153157,2.4250746349692562,5.618358943700528
2026-04-30 11:33:52,16,main_loop,-1,P1,,,,,,,,,,,,,367.37669210526326,-5.837919894893826,82.40831386454644,-2.428032023761371,-2.827345605316279,-84.26180324923357,307.67293822213287,-19.728631388565613,82.40831386454644,177.1701179153157,2.4250746349692562,5.618358943700528,307.67293822213287,-19.728631388565613,23.0,177.1701179153157,2.4250746349692562,5.618358943700528,300.1833345777963,54.804714496094476,82.40831386454644,177.1701179153157,2.4250746349692562,5.618358943700528,300.1833345777963,54.804714496094476,23.0,177.1701179153157,2.4250746349692562,5.618358943700528,361.7303702694797,61.86296722778594,82.40831386454644,177.1701179153157,2.4250746349692562,5.618358943700528,361.7303702694797,61.86296722778594,23.0,177.1701179153157,2.4250746349692562,5.618358943700528
2026-04-30 11:33:53,17,main_loop,-1,P1,,,,,,,,,,,,,367.37669210526326,-5.837919894893826,82.40831386454644,-2.428032023761371,-2.827345605316279,-84.26180324923357,307.67293822213287,-19.728631388565613,82.40831386454644,177.1701179153157,2.4250746349692562,5.618358943700528,307.67293822213287,-19.728631388565613,23.0,177.1701179153157,2.4250746349692562,5.618358943700528,300.1833345777963,54.804714496094476,82.40831386454644,177.1701179153157,2.4250746349692562,5.618358943700528,300.1833345777963,54.804714496094476,23.0,177.1701179153157,2.4250746349692562,5.618358943700528,361.7303702694797,61.86296722778594,82.40831386454644,177.1701179153157,2.4250746349692562,5.618358943700528,361.7303702694797,61.86296722778594,23.0,177.1701179153157,2.4250746349692562,5.618358943700528
2026-04-30 11:33:53,18,main_loop,-1,P1,,,,,,,,,,,,,367.37669210526326,-5.837919894893826,82.40831386454644,-2.428032023761371,-2.827345605316279,-84.26180324923357,307.67293822213287,-19.728631388565613,82.40831386454644,177.1701179153157,2.4250746349692562,5.618358943700528,307.67293822213287,-19.728631388565613,23.0,177.1701179153157,2.4250746349692562,5.618358943700528,300.1833345777963,54.804714496094476,82.40831386454644,177.1701179153157,2.4250746349692562,5.618358943700528,300.1833345777963,54.804714496094476,23.0,177.1701179153157,2.4250746349692562,5.618358943700528,361.7303702694797,61.86296722778594,82.40831386454644,177.1701179153157,2.4250746349692562,5.618358943700528,361.7303702694797,61.86296722778594,23.0,177.1701179153157,2.4250746349692562,5.618358943700528
2026-04-30 11:33:53,19,main_loop,-1,P1,,,,,,,,,,,,,367.37669210526326,-5.837919894893826,82.40831386454644,-2.428032023761371,-2.827345605316279,-84.26180324923357,307.67293822213287,-19.728631388565613,82.40831386454644,177.1701179153157,2.4250746349692562,5.618358943700528,307.67293822213287,-19.728631388565613,23.0,177.1701179153157,2.4250746349692562,5.618358943700528,300.1833345777963,54.804714496094476,82.40831386454644,177.1701179153157,2.4250746349692562,5.618358943700528,300.1833345777963,54.804714496094476,23.0,177.1701179153157,2.4250746349692562,5.618358943700528,361.7303702694797,61.86296722778594,82.40831386454644,177.1701179153157,2.4250746349692562,5.618358943700528,361.7303702694797,61.86296722778594,23.0,177.1701179153157,2.4250746349692562,5.618358943700528
2026-04-30 11:33:54,20,main_loop,-1,P1,,,,,,,,,,,,,367.37669210526326,-5.837919894893826,82.40831386454644,-2.428032023761371,-2.827345605316279,-84.26180324923357,307.67293822213287,-19.728631388565613,82.40831386454644,177.1701179153157,2.4250746349692562,5.618358943700528,307.67293822213287,-19.728631388565613,23.0,177.1701179153157,2.4250746349692562,5.618358943700528,300.1833345777963,54.804714496094476,82.40831386454644,177.1701179153157,2.4250746349692562,5.618358943700528,300.1833345777963,54.804714496094476,23.0,177.1701179153157,2.4250746349692562,5.618358943700528,361.7303702694797,61.86296722778594,82.40831386454644,177.1701179153157,2.4250746349692562,5.618358943700528,361.7303702694797,61.86296722778594,23.0,177.1701179153157,2.4250746349692562,5.618358943700528
2026-04-30 11:33:54,21,main_loop,-1,P1,,,,,,,,,,,,,367.37669210526326,-5.837919894893826,82.40831386454644,-2.428032023761371,-2.827345605316279,-84.26180324923357,307.67293822213287,-19.728631388565613,82.40831386454644,177.1701179153157,2.4250746349692562,5.618358943700528,307.67293822213287,-19.728631388565613,23.0,177.1701179153157,2.4250746349692562,5.618358943700528,300.1833345777963,54.804714496094476,82.40831386454644,177.1701179153157,2.4250746349692562,5.618358943700528,300.1833345777963,54.804714496094476,23.0,177.1701179153157,2.4250746349692562,5.618358943700528,361.7303702694797,61.86296722778594,82.40831386454644,177.1701179153157,2.4250746349692562,5.618358943700528,361.7303702694797,61.86296722778594,23.0,177.1701179153157,2.4250746349692562,5.618358943700528
2026-04-30 11:33:54,22,main_loop,-1,P1,,,,,,,,,,,,,367.37669210526326,-5.837919894893826,82.40831386454644,-2.428032023761371,-2.827345605316279,-84.26180324923357,307.67293822213287,-19.728631388565613,82.40831386454644,177.1701179153157,2.4250746349692562,5.618358943700528,307.67293822213287,-19.728631388565613,23.0,177.1701179153157,2.4250746349692562,5.618358943700528,300.1833345777963,54.804714496094476,82.40831386454644,177.1701179153157,2.4250746349692562,5.618358943700528,300.1833345777963,54.804714496094476,23.0,177.1701179153157,2.4250746349692562,5.618358943700528,361.7303702694797,61.86296722778594,82.40831386454644,177.1701179153157,2.4250746349692562,5.618358943700528,361.7303702694797,61.86296722778594,23.0,177.1701179153157,2.4250746349692562,5.618358943700528
2026-04-30 11:33:59,23,wait_for_arrival,0,P1,296.9975891113281,-17.67603302001953,355.0003662109375,177.76025390625,0.27934956550598145,88.68024444580078,296.9975891113281,-17.67603302001953,355.0003662109375,177.76025390625,0.27934956550598145,88.68024444580078,367.37669210526326,-5.837919894893826,82.40831386454644,-2.428032023761371,-2.827345605316279,-84.26180324923357,307.67293822213287,-19.728631388565613,82.40831386454644,177.1701179153157,2.4250746349692562,5.618358943700528,307.67293822213287,-19.728631388565613,23.0,177.1701179153157,2.4250746349692562,5.618358943700528,300.1833345777963,54.804714496094476,82.40831386454644,177.1701179153157,2.4250746349692562,5.618358943700528,300.1833345777963,54.804714496094476,23.0,177.1701179153157,2.4250746349692562,5.618358943700528,361.7303702694797,61.86296722778594,82.40831386454644,177.1701179153157,2.4250746349692562,5.618358943700528,361.7303702694797,61.86296722778594,23.0,177.1701179153157,2.4250746349692562,5.618358943700528
2026-04-30 11:33:59,24,wait_for_arrival,0,P1,296.9975891113281,-17.67603302001953,355.0003662109375,177.76025390625,0.27934956550598145,88.68024444580078,296.9975891113281,-17.67603302001953,355.0003662109375,177.76025390625,0.27934956550598145,88.68024444580078,367.37669210526326,-5.837919894893826,82.40831386454644,-2.428032023761371,-2.827345605316279,-84.26180324923357,307.67293822213287,-19.728631388565613,82.40831386454644,177.1701179153157,2.4250746349692562,5.618358943700528,307.67293822213287,-19.728631388565613,23.0,177.1701179153157,2.4250746349692562,5.618358943700528,300.1833345777963,54.804714496094476,82.40831386454644,177.1701179153157,2.4250746349692562,5.618358943700528,300.1833345777963,54.804714496094476,23.0,177.1701179153157,2.4250746349692562,5.618358943700528,361.7303702694797,61.86296722778594,82.40831386454644,177.1701179153157,2.4250746349692562,5.618358943700528,361.7303702694797,61.86296722778594,23.0,177.1701179153157,2.4250746349692562,5.618358943700528
2026-04-30 11:33:59,25,wait_for_arrival,0,P1,296.9975891113281,-17.67603302001953,355.0003662109375,177.76025390625,0.27934956550598145,88.68024444580078,296.9975891113281,-17.67603302001953,355.0003662109375,177.76025390625,0.27934956550598145,88.68024444580078,367.37669210526326,-5.837919894893826,82.40831386454644,-2.428032023761371,-2.827345605316279,-84.26180324923357,307.67293822213287,-19.728631388565613,82.40831386454644,177.1701179153157,2.4250746349692562,5.618358943700528,307.67293822213287,-19.728631388565613,23.0,177.1701179153157,2.4250746349692562,5.618358943700528,300.1833345777963,54.804714496094476,82.40831386454644,177.1701179153157,2.4250746349692562,5.618358943700528,300.1833345777963,54.804714496094476,23.0,177.1701179153157,2.4250746349692562,5.618358943700528,361.7303702694797,61.86296722778594,82.40831386454644,177.1701179153157,2.4250746349692562,5.618358943700528,361.7303702694797,61.86296722778594,23.0,177.1701179153157,2.4250746349692562,5.618358943700528
2026-04-30 11:34:00,26,wait_for_arrival,0,P1,296.9975891113281,-17.67603302001953,355.0003662109375,177.76025390625,0.27934956550598145,88.68024444580078,296.9975891113281,-17.67603302001953,355.0003662109375,177.76025390625,0.27934956550598145,88.68024444580078,367.37669210526326,-5.837919894893826,82.40831386454644,-2.428032023761371,-2.827345605316279,-84.26180324923357,307.67293822213287,-19.728631388565613,82.40831386454644,177.1701179153157,2.4250746349692562,5.618358943700528,307.67293822213287,-19.728631388565613,23.0,177.1701179153157,2.4250746349692562,5.618358943700528,300.1833345777963,54.804714496094476,82.40831386454644,177.1701179153157,2.4250746349692562,5.618358943700528,300.1833345777963,54.804714496094476,23.0,177.1701179153157,2.4250746349692562,5.618358943700528,361.7303702694797,61.86296722778594,82.40831386454644,177.1701179153157,2.4250746349692562,5.618358943700528,361.7303702694797,61.86296722778594,23.0,177.1701179153157,2.4250746349692562,5.618358943700528
2026-04-30 11:34:00,27,wait_for_arrival,0,P1,296.9975891113281,-17.67603302001953,355.0003662109375,177.76025390625,0.27934956550598145,88.68024444580078,296.9975891113281,-17.67603302001953,355.0003662109375,177.76025390625,0.27934956550598145,88.68024444580078,367.37669210526326,-5.837919894893826,82.40831386454644,-2.428032023761371,-2.827345605316279,-84.26180324923357,307.67293822213287,-19.728631388565613,82.40831386454644,177.1701179153157,2.4250746349692562,5.618358943700528,307.67293822213287,-19.728631388565613,23.0,177.1701179153157,2.4250746349692562,5.618358943700528,300.1833345777963,54.804714496094476,82.40831386454644,177.1701179153157,2.4250746349692562,5.618358943700528,300.1833345777963,54.804714496094476,23.0,177.1701179153157,2.4250746349692562,5.618358943700528,361.7303702694797,61.86296722778594,82.40831386454644,177.1701179153157,2.4250746349692562,5.618358943700528,361.7303702694797,61.86296722778594,23.0,177.1701179153157,2.4250746349692562,5.618358943700528
2026-04-30 11:34:00,28,wait_for_arrival,0,P1,296.9975891113281,-17.67603302001953,355.0003662109375,177.76025390625,0.27934956550598145,88.68024444580078,296.9975891113281,-17.67603302001953,355.0003662109375,177.76025390625,0.27934956550598145,88.68024444580078,367.37669210526326,-5.837919894893826,82.40831386454644,-2.428032023761371,-2.827345605316279,-84.26180324923357,307.67293822213287,-19.728631388565613,82.40831386454644,177.1701179153157,2.4250746349692562,5.618358943700528,307.67293822213287,-19.728631388565613,23.0,177.1701179153157,2.4250746349692562,5.618358943700528,300.1833345777963,54.804714496094476,82.40831386454644,177.1701179153157,2.4250746349692562,5.618358943700528,300.1833345777963,54.804714496094476,23.0,177.1701179153157,2.4250746349692562,5.618358943700528,361.7303702694797,61.86296722778594,82.40831386454644,177.1701179153157,2.4250746349692562,5.618358943700528,361.7303702694797,61.86296722778594,23.0,177.1701179153157,2.4250746349692562,5.618358943700528
2026-04-30 11:34:00,29,wait_for_arrival,0,P1,296.9975891113281,-17.67603302001953,355.0003662109375,177.76025390625,0.27934956550598145,88.68024444580078,296.9975891113281,-17.67603302001953,355.0003662109375,177.76025390625,0.27934956550598145,88.68024444580078,367.37669210526326,-5.837919894893826,82.40831386454644,-2.428032023761371,-2.827345605316279,-84.26180324923357,307.67293822213287,-19.728631388565613,82.40831386454644,177.1701179153157,2.4250746349692562,5.618358943700528,307.67293822213287,-19.728631388565613,23.0,177.1701179153157,2.4250746349692562,5.618358943700528,300.1833345777963,54.804714496094476,82.40831386454644,177.1701179153157,2.4250746349692562,5.618358943700528,300.1833345777963,54.804714496094476,23.0,177.1701179153157,2.4250746349692562,5.618358943700528,361.7303702694797,61.86296722778594,82.40831386454644,177.1701179153157,2.4250746349692562,5.618358943700528,361.7303702694797,61.86296722778594,23.0,177.1701179153157,2.4250746349692562,5.618358943700528
2026-04-30 11:34:00,30,wait_for_arrival,0,P1,296.9975891113281,-17.67603302001953,355.0003662109375,177.76025390625,0.27934956550598145,88.68024444580078,296.9975891113281,-17.67603302001953,355.0003662109375,177.76025390625,0.27934956550598145,88.68024444580078,367.37669210526326,-5.837919894893826,82.40831386454644,-2.428032023761371,-2.827345605316279,-84.26180324923357,307.67293822213287,-19.728631388565613,82.40831386454644,177.1701179153157,2.4250746349692562,5.618358943700528,307.67293822213287,-19.728631388565613,23.0,177.1701179153157,2.4250746349692562,5.618358943700528,300.1833345777963,54.804714496094476,82.40831386454644,177.1701179153157,2.4250746349692562,5.618358943700528,300.1833345777963,54.804714496094476,23.0,177.1701179153157,2.4250746349692562,5.618358943700528,361.7303702694797,61.86296722778594,82.40831386454644,177.1701179153157,2.4250746349692562,5.618358943700528,361.7303702694797,61.86296722778594,23.0,177.1701179153157,2.4250746349692562,5.618358943700528
2026-04-30 11:34:00,31,wait_for_arrival,0,P1,296.9989318847656,-17.679372787475586,355.0003967285156,177.76004028320312,0.2798497676849365,88.68022918701172,296.9989318847656,-17.679372787475586,355.0003967285156,177.76004028320312,0.2798497676849365,88.68022918701172,367.37669210526326,-5.837919894893826,82.40831386454644,-2.428032023761371,-2.827345605316279,-84.26180324923357,307.67293822213287,-19.728631388565613,82.40831386454644,177.1701179153157,2.4250746349692562,5.618358943700528,307.67293822213287,-19.728631388565613,23.0,177.1701179153157,2.4250746349692562,5.618358943700528,300.1833345777963,54.804714496094476,82.40831386454644,177.1701179153157,2.4250746349692562,5.618358943700528,300.1833345777963,54.804714496094476,23.0,177.1701179153157,2.4250746349692562,5.618358943700528,361.7303702694797,61.86296722778594,82.40831386454644,177.1701179153157,2.4250746349692562,5.618358943700528,361.7303702694797,61.86296722778594,23.0,177.1701179153157,2.4250746349692562,5.618358943700528
2026-04-30 11:34:00,32,wait_for_arrival,0,P1,296.9989318847656,-17.679372787475586,355.0003967285156,177.76004028320312,0.2798497676849365,88.68022918701172,296.9989318847656,-17.679372787475586,355.0003967285156,177.76004028320312,0.2798497676849365,88.68022918701172,367.37669210526326,-5.837919894893826,82.40831386454644,-2.428032023761371,-2.827345605316279,-84.26180324923357,307.67293822213287,-19.728631388565613,82.40831386454644,177.1701179153157,2.4250746349692562,5.618358943700528,307.67293822213287,-19.728631388565613,23.0,177.1701179153157,2.4250746349692562,5.618358943700528,300.1833345777963,54.804714496094476,82.40831386454644,177.1701179153157,2.4250746349692562,5.618358943700528,300.1833345777963,54.804714496094476,23.0,177.1701179153157,2.4250746349692562,5.618358943700528,361.7303702694797,61.86296722778594,82.40831386454644,177.1701179153157,2.4250746349692562,5.618358943700528,361.7303702694797,61.86296722778594,23.0,177.1701179153157,2.4250746349692562,5.618358943700528
2026-04-30 11:34:00,33,wait_for_arrival,0,P1,296.9989318847656,-17.679372787475586,355.0003967285156,177.76004028320312,0.2798497676849365,88.68022918701172,296.9989318847656,-17.679372787475586,355.0003967285156,177.76004028320312,0.2798497676849365,88.68022918701172,367.37669210526326,-5.837919894893826,82.40831386454644,-2.428032023761371,-2.827345605316279,-84.26180324923357,307.67293822213287,-19.728631388565613,82.40831386454644,177.1701179153157,2.4250746349692562,5.618358943700528,307.67293822213287,-19.728631388565613,23.0,177.1701179153157,2.4250746349692562,5.618358943700528,300.1833345777963,54.804714496094476,82.40831386454644,177.1701179153157,2.4250746349692562,5.618358943700528,300.1833345777963,54.804714496094476,23.0,177.1701179153157,2.4250746349692562,5.618358943700528,361.7303702694797,61.86296722778594,82.40831386454644,177.1701179153157,2.4250746349692562,5.618358943700528,361.7303702694797,61.86296722778594,23.0,177.1701179153157,2.4250746349692562,5.618358943700528
2026-04-30 11:34:00,34,wait_for_arrival,0,P1,296.9989318847656,-17.679372787475586,355.0003967285156,177.76004028320312,0.2798497676849365,88.68022918701172,296.9989318847656,-17.679372787475586,355.0003967285156,177.76004028320312,0.2798497676849365,88.68022918701172,367.37669210526326,-5.837919894893826,82.40831386454644,-2.428032023761371,-2.827345605316279,-84.26180324923357,307.67293822213287,-19.728631388565613,82.40831386454644,177.1701179153157,2.4250746349692562,5.618358943700528,307.67293822213287,-19.728631388565613,23.0,177.1701179153157,2.4250746349692562,5.618358943700528,300.1833345777963,54.804714496094476,82.40831386454644,177.1701179153157,2.4250746349692562,5.618358943700528,300.1833345777963,54.804714496094476,23.0,177.1701179153157,2.4250746349692562,5.618358943700528,361.7303702694797,61.86296722778594,82.40831386454644,177.1701179153157,2.4250746349692562,5.618358943700528,361.7303702694797,61.86296722778594,23.0,177.1701179153157,2.4250746349692562,5.618358943700528
2026-04-30 11:34:01,35,wait_for_arrival,0,P1,296.9989318847656,-17.679372787475586,355.0003967285156,177.76004028320312,0.2798497676849365,88.68022918701172,296.9989318847656,-17.679372787475586,355.0003967285156,177.76004028320312,0.2798497676849365,88.68022918701172,367.37669210526326,-5.837919894893826,82.40831386454644,-2.428032023761371,-2.827345605316279,-84.26180324923357,307.67293822213287,-19.728631388565613,82.40831386454644,177.1701179153157,2.4250746349692562,5.618358943700528,307.67293822213287,-19.728631388565613,23.0,177.1701179153157,2.4250746349692562,5.618358943700528,300.1833345777963,54.804714496094476,82.40831386454644,177.1701179153157,2.4250746349692562,5.618358943700528,300.1833345777963,54.804714496094476,23.0,177.1701179153157,2.4250746349692562,5.618358943700528,361.7303702694797,61.86296722778594,82.40831386454644,177.1701179153157,2.4250746349692562,5.618358943700528,361.7303702694797,61.86296722778594,23.0,177.1701179153157,2.4250746349692562,5.618358943700528
2026-04-30 11:34:01,36,wait_for_arrival,0,P1,296.9989318847656,-17.679372787475586,355.0003967285156,177.76004028320312,0.2798497676849365,88.68022918701172,296.9989318847656,-17.679372787475586,355.0003967285156,177.76004028320312,0.2798497676849365,88.68022918701172,367.37669210526326,-5.837919894893826,82.40831386454644,-2.428032023761371,-2.827345605316279,-84.26180324923357,307.67293822213287,-19.728631388565613,82.40831386454644,177.1701179153157,2.4250746349692562,5.618358943700528,307.67293822213287,-19.728631388565613,23.0,177.1701179153157,2.4250746349692562,5.618358943700528,300.1833345777963,54.804714496094476,82.40831386454644,177.1701179153157,2.4250746349692562,5.618358943700528,300.1833345777963,54.804714496094476,23.0,177.1701179153157,2.4250746349692562,5.618358943700528,361.7303702694797,61.86296722778594,82.40831386454644,177.1701179153157,2.4250746349692562,5.618358943700528,361.7303702694797,61.86296722778594,23.0,177.1701179153157,2.4250746349692562,5.618358943700528
2026-04-30 11:34:01,37,wait_for_arrival,0,P1,296.9989318847656,-17.679372787475586,355.0003967285156,177.76004028320312,0.2798497676849365,88.68022918701172,296.9989318847656,-17.679372787475586,355.0003967285156,177.76004028320312,0.2798497676849365,88.68022918701172,367.37669210526326,-5.837919894893826,82.40831386454644,-2.428032023761371,-2.827345605316279,-84.26180324923357,307.67293822213287,-19.728631388565613,82.40831386454644,177.1701179153157,2.4250746349692562,5.618358943700528,307.67293822213287,-19.728631388565613,23.0,177.1701179153157,2.4250746349692562,5.618358943700528,300.1833345777963,54.804714496094476,82.40831386454644,177.1701179153157,2.4250746349692562,5.618358943700528,300.1833345777963,54.804714496094476,23.0,177.1701179153157,2.4250746349692562,5.618358943700528,361.7303702694797,61.86296722778594,82.40831386454644,177.1701179153157,2.4250746349692562,5.618358943700528,361.7303702694797,61.86296722778594,23.0,177.1701179153157,2.4250746349692562,5.618358943700528
2026-04-30 11:34:01,38,wait_for_arrival,0,P1,296.9989318847656,-17.679372787475586,355.0003967285156,177.76004028320312,0.2798497676849365,88.68022918701172,296.9989318847656,-17.679372787475586,355.0003967285156,177.76004028320312,0.2798497676849365,88.68022918701172,367.37669210526326,-5.837919894893826,82.40831386454644,-2.428032023761371,-2.827345605316279,-84.26180324923357,307.67293822213287,-19.728631388565613,82.40831386454644,177.1701179153157,2.4250746349692562,5.618358943700528,307.67293822213287,-19.728631388565613,23.0,177.1701179153157,2.4250746349692562,5.618358943700528,300.1833345777963,54.804714496094476,82.40831386454644,177.1701179153157,2.4250746349692562,5.618358943700528,300.1833345777963,54.804714496094476,23.0,177.1701179153157,2.4250746349692562,5.618358943700528,361.7303702694797,61.86296722778594,82.40831386454644,177.1701179153157,2.4250746349692562,5.618358943700528,361.7303702694797,61.86296722778594,23.0,177.1701179153157,2.4250746349692562,5.618358943700528
2026-04-30 11:34:01,39,wait_for_arrival,0,P1,296.9989318847656,-17.679372787475586,355.0003967285156,177.76004028320312,0.2798497676849365,88.68022918701172,296.9989318847656,-17.679372787475586,355.0003967285156,177.76004028320312,0.2798497676849365,88.68022918701172,367.37669210526326,-5.837919894893826,82.40831386454644,-2.428032023761371,-2.827345605316279,-84.26180324923357,307.67293822213287,-19.728631388565613,82.40831386454644,177.1701179153157,2.4250746349692562,5.618358943700528,307.67293822213287,-19.728631388565613,23.0,177.1701179153157,2.4250746349692562,5.618358943700528,300.1833345777963,54.804714496094476,82.40831386454644,177.1701179153157,2.4250746349692562,5.618358943700528,300.1833345777963,54.804714496094476,23.0,177.1701179153157,2.4250746349692562,5.618358943700528,361.7303702694797,61.86296722778594,82.40831386454644,177.1701179153157,2.4250746349692562,5.618358943700528,361.7303702694797,61.86296722778594,23.0,177.1701179153157,2.4250746349692562,5.618358943700528
2026-04-30 11:34:01,40,wait_for_arrival,0,P1,296.9989318847656,-17.679372787475586,355.0003967285156,177.76004028320312,0.2798497676849365,88.68022918701172,296.9989318847656,-17.679372787475586,355.0003967285156,177.76004028320312,0.2798497676849365,88.68022918701172,367.37669210526326,-5.837919894893826,82.40831386454644,-2.428032023761371,-2.827345605316279,-84.26180324923357,307.67293822213287,-19.728631388565613,82.40831386454644,177.1701179153157,2.4250746349692562,5.618358943700528,307.67293822213287,-19.728631388565613,23.0,177.1701179153157,2.4250746349692562,5.618358943700528,300.1833345777963,54.804714496094476,82.40831386454644,177.1701179153157,2.4250746349692562,5.618358943700528,300.1833345777963,54.804714496094476,23.0,177.1701179153157,2.4250746349692562,5.618358943700528,361.7303702694797,61.86296722778594,82.40831386454644,177.1701179153157,2.4250746349692562,5.618358943700528,361.7303702694797,61.86296722778594,23.0,177.1701179153157,2.4250746349692562,5.618358943700528
2026-04-30 11:34:01,41,wait_for_arrival,0,P1,296.9989318847656,-17.679372787475586,355.0003967285156,177.76004028320312,0.2798497676849365,88.68022918701172,296.9989318847656,-17.679372787475586,355.0003967285156,177.76004028320312,0.2798497676849365,88.68022918701172,367.37669210526326,-5.837919894893826,82.40831386454644,-2.428032023761371,-2.827345605316279,-84.26180324923357,307.67293822213287,-19.728631388565613,82.40831386454644,177.1701179153157,2.4250746349692562,5.618358943700528,307.67293822213287,-19.728631388565613,23.0,177.1701179153157,2.4250746349692562,5.618358943700528,300.1833345777963,54.804714496094476,82.40831386454644,177.1701179153157,2.4250746349692562,5.618358943700528,300.1833345777963,54.804714496094476,23.0,177.1701179153157,2.4250746349692562,5.618358943700528,361.7303702694797,61.86296722778594,82.40831386454644,177.1701179153157,2.4250746349692562,5.618358943700528,361.7303702694797,61.86296722778594,23.0,177.1701179153157,2.4250746349692562,5.618358943700528
2026-04-30 11:34:01,42,wait_for_arrival,0,P1,300.5684814453125,-16.355876922607422,349.75091552734375,177.85569763183594,0.27412480115890503,86.70538330078125,300.5684814453125,-16.355876922607422,349.75091552734375,177.85569763183594,0.27412480115890503,86.70538330078125,367.37669210526326,-5.837919894893826,82.40831386454644,-2.428032023761371,-2.827345605316279,-84.26180324923357,307.67293822213287,-19.728631388565613,82.40831386454644,177.1701179153157,2.4250746349692562,5.618358943700528,307.67293822213287,-19.728631388565613,23.0,177.1701179153157,2.4250746349692562,5.618358943700528,300.1833345777963,54.804714496094476,82.40831386454644,177.1701179153157,2.4250746349692562,5.618358943700528,300.1833345777963,54.804714496094476,23.0,177.1701179153157,2.4250746349692562,5.618358943700528,361.7303702694797,61.86296722778594,82.40831386454644,177.1701179153157,2.4250746349692562,5.618358943700528,361.7303702694797,61.86296722778594,23.0,177.1701179153157,2.4250746349692562,5.618358943700528
2026-04-30 11:34:01,43,wait_for_arrival,0,P1,301.076416015625,-16.165695190429688,348.9808044433594,177.86727905273438,0.2725154161453247,86.41854858398438,301.076416015625,-16.165695190429688,348.9808044433594,177.86727905273438,0.2725154161453247,86.41854858398438,367.37669210526326,-5.837919894893826,82.40831386454644,-2.428032023761371,-2.827345605316279,-84.26180324923357,307.67293822213287,-19.728631388565613,82.40831386454644,177.1701179153157,2.4250746349692562,5.618358943700528,307.67293822213287,-19.728631388565613,23.0,177.1701179153157,2.4250746349692562,5.618358943700528,300.1833345777963,54.804714496094476,82.40831386454644,177.1701179153157,2.4250746349692562,5.618358943700528,300.1833345777963,54.804714496094476,23.0,177.1701179153157,2.4250746349692562,5.618358943700528,361.7303702694797,61.86296722778594,82.40831386454644,177.1701179153157,2.4250746349692562,5.618358943700528,361.7303702694797,61.86296722778594,23.0,177.1701179153157,2.4250746349692562,5.618358943700528
2026-04-30 11:34:01,44,wait_for_arrival,0,P1,306.28900146484375,-14.247113227844238,340.5436096191406,178.00364685058594,0.2757602632045746,83.3807144165039,306.28900146484375,-14.247113227844238,340.5436096191406,178.00364685058594,0.2757602632045746,83.3807144165039,367.37669210526326,-5.837919894893826,82.40831386454644,-2.428032023761371,-2.827345605316279,-84.26180324923357,307.67293822213287,-19.728631388565613,82.40831386454644,177.1701179153157,2.4250746349692562,5.618358943700528,307.67293822213287,-19.728631388565613,23.0,177.1701179153157,2.4250746349692562,5.618358943700528,300.1833345777963,54.804714496094476,82.40831386454644,177.1701179153157,2.4250746349692562,5.618358943700528,300.1833345777963,54.804714496094476,23.0,177.1701179153157,2.4250746349692562,5.618358943700528,361.7303702694797,61.86296722778594,82.40831386454644,177.1701179153157,2.4250746349692562,5.618358943700528,361.7303702694797,61.86296722778594,23.0,177.1701179153157,2.4250746349692562,5.618358943700528
2026-04-30 11:34:02,45,wait_for_arrival,0,P1,306.7841796875,-14.066120147705078,339.7499694824219,178.01100158691406,0.2742234468460083,83.09437561035156,306.7841796875,-14.066120147705078,339.7499694824219,178.01100158691406,0.2742234468460083,83.09437561035156,367.37669210526326,-5.837919894893826,82.40831386454644,-2.428032023761371,-2.827345605316279,-84.26180324923357,307.67293822213287,-19.728631388565613,82.40831386454644,177.1701179153157,2.4250746349692562,5.618358943700528,307.67293822213287,-19.728631388565613,23.0,177.1701179153157,2.4250746349692562,5.618358943700528,300.1833345777963,54.804714496094476,82.40831386454644,177.1701179153157,2.4250746349692562,5.618358943700528,300.1833345777963,54.804714496094476,23.0,177.1701179153157,2.4250746349692562,5.618358943700528,361.7303702694797,61.86296722778594,82.40831386454644,177.1701179153157,2.4250746349692562,5.618358943700528,361.7303702694797,61.86296722778594,23.0,177.1701179153157,2.4250746349692562,5.618358943700528
2026-04-30 11:34:02,46,wait_for_arrival,0,P1,311.6860046386719,-12.275965690612793,330.7901611328125,178.14549255371094,0.2969987690448761,80.0579833984375,311.6860046386719,-12.275965690612793,330.7901611328125,178.14549255371094,0.2969987690448761,80.0579833984375,367.37669210526326,-5.837919894893826,82.40831386454644,-2.428032023761371,-2.827345605316279,-84.26180324923357,307.67293822213287,-19.728631388565613,82.40831386454644,177.1701179153157,2.4250746349692562,5.618358943700528,307.67293822213287,-19.728631388565613,23.0,177.1701179153157,2.4250746349692562,5.618358943700528,300.1833345777963,54.804714496094476,82.40831386454644,177.1701179153157,2.4250746349692562,5.618358943700528,300.1833345777963,54.804714496094476,23.0,177.1701179153157,2.4250746349692562,5.618358943700528,361.7303702694797,61.86296722778594,82.40831386454644,177.1701179153157,2.4250746349692562,5.618358943700528,361.7303702694797,61.86296722778594,23.0,177.1701179153157,2.4250746349692562,5.618358943700528
2026-04-30 11:34:02,47,wait_for_arrival,0,P1,312.1435852050781,-12.112478256225586,329.9399719238281,178.15451049804688,0.2980976998806,79.77015686035156,312.1435852050781,-12.112478256225586,329.9399719238281,178.15451049804688,0.2980976998806,79.77015686035156,367.37669210526326,-5.837919894893826,82.40831386454644,-2.428032023761371,-2.827345605316279,-84.26180324923357,307.67293822213287,-19.728631388565613,82.40831386454644,177.1701179153157,2.4250746349692562,5.618358943700528,307.67293822213287,-19.728631388565613,23.0,177.1701179153157,2.4250746349692562,5.618358943700528,300.1833345777963,54.804714496094476,82.40831386454644,177.1701179153157,2.4250746349692562,5.618358943700528,300.1833345777963,54.804714496094476,23.0,177.1701179153157,2.4250746349692562,5.618358943700528,361.7303702694797,61.86296722778594,82.40831386454644,177.1701179153157,2.4250746349692562,5.618358943700528,361.7303702694797,61.86296722778594,23.0,177.1701179153157,2.4250746349692562,5.618358943700528
2026-04-30 11:34:02,48,wait_for_arrival,0,P1,317.12322998046875,-10.31360149383545,319.6107177734375,178.28701782226562,0.33813896775245667,76.43555450439453,317.12322998046875,-10.31360149383545,319.6107177734375,178.28701782226562,0.33813896775245667,76.43555450439453,367.37669210526326,-5.837919894893826,82.40831386454644,-2.428032023761371,-2.827345605316279,-84.26180324923357,307.67293822213287,-19.728631388565613,82.40831386454644,177.1701179153157,2.4250746349692562,5.618358943700528,307.67293822213287,-19.728631388565613,23.0,177.1701179153157,2.4250746349692562,5.618358943700528,300.1833345777963,54.804714496094476,82.40831386454644,177.1701179153157,2.4250746349692562,5.618358943700528,300.1833345777963,54.804714496094476,23.0,177.1701179153157,2.4250746349692562,5.618358943700528,361.7303702694797,61.86296722778594,82.40831386454644,177.1701179153157,2.4250746349692562,5.618358943700528,361.7303702694797,61.86296722778594,23.0,177.1701179153157,2.4250746349692562,5.618358943700528
2026-04-30 11:34:02,49,wait_for_arrival,0,P1,321.7275390625,-8.669881820678711,308.7560729980469,178.40879821777344,0.3946387469768524,73.09635162353516,321.7275390625,-8.669881820678711,308.7560729980469,178.40879821777344,0.3946387469768524,73.09635162353516,367.37669210526326,-5.837919894893826,82.40831386454644,-2.428032023761371,-2.827345605316279,-84.26180324923357,307.67293822213287,-19.728631388565613,82.40831386454644,177.1701179153157,2.4250746349692562,5.618358943700528,307.67293822213287,-19.728631388565613,23.0,177.1701179153157,2.4250746349692562,5.618358943700528,300.1833345777963,54.804714496094476,82.40831386454644,177.1701179153157,2.4250746349692562,5.618358943700528,300.1833345777963,54.804714496094476,23.0,177.1701179153157,2.4250746349692562,5.618358943700528,361.7303702694797,61.86296722778594,82.40831386454644,177.1701179153157,2.4250746349692562,5.618358943700528,361.7303702694797,61.86296722778594,23.0,177.1701179153157,2.4250746349692562,5.618358943700528
2026-04-30 11:34:02,50,wait_for_arrival,0,P1,325.84246826171875,-7.223962783813477,297.61688232421875,178.51153564453125,0.46022331714630127,69.78872680664062,325.84246826171875,-7.223962783813477,297.61688232421875,178.51153564453125,0.46022331714630127,69.78872680664062,367.37669210526326,-5.837919894893826,82.40831386454644,-2.428032023761371,-2.827345605316279,-84.26180324923357,307.67293822213287,-19.728631388565613,82.40831386454644,177.1701179153157,2.4250746349692562,5.618358943700528,307.67293822213287,-19.728631388565613,23.0,177.1701179153157,2.4250746349692562,5.618358943700528,300.1833345777963,54.804714496094476,82.40831386454644,177.1701179153157,2.4250746349692562,5.618358943700528,300.1833345777963,54.804714496094476,23.0,177.1701179153157,2.4250746349692562,5.618358943700528,361.7303702694797,61.86296722778594,82.40831386454644,177.1701179153157,2.4250746349692562,5.618358943700528,361.7303702694797,61.86296722778594,23.0,177.1701179153157,2.4250746349692562,5.618358943700528
2026-04-30 11:34:02,51,wait_for_arrival,0,P1,329.6083984375,-5.924456596374512,285.8713073730469,178.60743713378906,0.5447999835014343,66.45404815673828,329.6083984375,-5.924456596374512,285.8713073730469,178.60743713378906,0.5447999835014343,66.45404815673828,367.37669210526326,-5.837919894893826,82.40831386454644,-2.428032023761371,-2.827345605316279,-84.26180324923357,307.67293822213287,-19.728631388565613,82.40831386454644,177.1701179153157,2.4250746349692562,5.618358943700528,307.67293822213287,-19.728631388565613,23.0,177.1701179153157,2.4250746349692562,5.618358943700528,300.1833345777963,54.804714496094476,82.40831386454644,177.1701179153157,2.4250746349692562,5.618358943700528,300.1833345777963,54.804714496094476,23.0,177.1701179153157,2.4250746349692562,5.618358943700528,361.7303702694797,61.86296722778594,82.40831386454644,177.1701179153157,2.4250746349692562,5.618358943700528,361.7303702694797,61.86296722778594,23.0,177.1701179153157,2.4250746349692562,5.618358943700528
2026-04-30 11:34:02,52,wait_for_arrival,0,P1,332.8969421386719,-4.824038505554199,273.78729248046875,178.6822967529297,0.6359255313873291,63.129608154296875,332.8969421386719,-4.824038505554199,273.78729248046875,178.6822967529297,0.6359255313873291,63.129608154296875,367.37669210526326,-5.837919894893826,82.40831386454644,-2.428032023761371,-2.827345605316279,-84.26180324923357,307.67293822213287,-19.728631388565613,82.40831386454644,177.1701179153157,2.4250746349692562,5.618358943700528,307.67293822213287,-19.728631388565613,23.0,177.1701179153157,2.4250746349692562,5.618358943700528,300.1833345777963,54.804714496094476,82.40831386454644,177.1701179153157,2.4250746349692562,5.618358943700528,300.1833345777963,54.804714496094476,23.0,177.1701179153157,2.4250746349692562,5.618358943700528,361.7303702694797,61.86296722778594,82.40831386454644,177.1701179153157,2.4250746349692562,5.618358943700528,361.7303702694797,61.86296722778594,23.0,177.1701179153157,2.4250746349692562,5.618358943700528
2026-04-30 11:34:03,53,wait_for_arrival,0,P1,332.8969421386719,-4.824038505554199,273.78729248046875,178.6822967529297,0.6359255313873291,63.129608154296875,332.8969421386719,-4.824038505554199,273.78729248046875,178.6822967529297,0.6359255313873291,63.129608154296875,367.37669210526326,-5.837919894893826,82.40831386454644,-2.428032023761371,-2.827345605316279,-84.26180324923357,307.67293822213287,-19.728631388565613,82.40831386454644,177.1701179153157,2.4250746349692562,5.618358943700528,307.67293822213287,-19.728631388565613,23.0,177.1701179153157,2.4250746349692562,5.618358943700528,300.1833345777963,54.804714496094476,82.40831386454644,177.1701179153157,2.4250746349692562,5.618358943700528,300.1833345777963,54.804714496094476,23.0,177.1701179153157,2.4250746349692562,5.618358943700528,361.7303702694797,61.86296722778594,82.40831386454644,177.1701179153157,2.4250746349692562,5.618358943700528,361.7303702694797,61.86296722778594,23.0,177.1701179153157,2.4250746349692562,5.618358943700528
2026-04-30 11:34:03,54,wait_for_arrival,0,P1,337.17388916015625,-3.4763424396514893,253.4486083984375,178.77603149414062,0.812436580657959,57.77702713012695,337.17388916015625,-3.4763424396514893,253.4486083984375,178.77603149414062,0.812436580657959,57.77702713012695,367.37669210526326,-5.837919894893826,82.40831386454644,-2.428032023761371,-2.827345605316279,-84.26180324923357,307.67293822213287,-19.728631388565613,82.40831386454644,177.1701179153157,2.4250746349692562,5.618358943700528,307.67293822213287,-19.728631388565613,23.0,177.1701179153157,2.4250746349692562,5.618358943700528,300.1833345777963,54.804714496094476,82.40831386454644,177.1701179153157,2.4250746349692562,5.618358943700528,300.1833345777963,54.804714496094476,23.0,177.1701179153157,2.4250746349692562,5.618358943700528,361.7303702694797,61.86296722778594,82.40831386454644,177.1701179153157,2.4250746349692562,5.618358943700528,361.7303702694797,61.86296722778594,23.0,177.1701179153157,2.4250746349692562,5.618358943700528
2026-04-30 11:34:03,55,wait_for_arrival,0,P1,337.37066650390625,-3.4147183895111084,252.32763671875,178.78030395507812,0.8226621150970459,57.4901008605957,337.37066650390625,-3.4147183895111084,252.32763671875,178.78030395507812,0.8226621150970459,57.4901008605957,367.37669210526326,-5.837919894893826,82.40831386454644,-2.428032023761371,-2.827345605316279,-84.26180324923357,307.67293822213287,-19.728631388565613,82.40831386454644,177.1701179153157,2.4250746349692562,5.618358943700528,307.67293822213287,-19.728631388565613,23.0,177.1701179153157,2.4250746349692562,5.618358943700528,300.1833345777963,54.804714496094476,82.40831386454644,177.1701179153157,2.4250746349692562,5.618358943700528,300.1833345777963,54.804714496094476,23.0,177.1701179153157,2.4250746349692562,5.618358943700528,361.7303702694797,61.86296722778594,82.40831386454644,177.1701179153157,2.4250746349692562,5.618358943700528,361.7303702694797,61.86296722778594,23.0,177.1701179153157,2.4250746349692562,5.618358943700528
2026-04-30 11:34:03,56,wait_for_arrival,0,P1,337.37066650390625,-3.4147183895111084,252.32763671875,178.78030395507812,0.8226621150970459,57.4901008605957,337.37066650390625,-3.4147183895111084,252.32763671875,178.78030395507812,0.8226621150970459,57.4901008605957,367.37669210526326,-5.837919894893826,82.40831386454644,-2.428032023761371,-2.827345605316279,-84.26180324923357,307.67293822213287,-19.728631388565613,82.40831386454644,177.1701179153157,2.4250746349692562,5.618358943700528,307.67293822213287,-19.728631388565613,23.0,177.1701179153157,2.4250746349692562,5.618358943700528,300.1833345777963,54.804714496094476,82.40831386454644,177.1701179153157,2.4250746349692562,5.618358943700528,300.1833345777963,54.804714496094476,23.0,177.1701179153157,2.4250746349692562,5.618358943700528,361.7303702694797,61.86296722778594,82.40831386454644,177.1701179153157,2.4250746349692562,5.618358943700528,361.7303702694797,61.86296722778594,23.0,177.1701179153157,2.4250746349692562,5.618358943700528
2026-04-30 11:34:03,57,wait_for_arrival,0,P1,340.34637451171875,-2.5967297554016113,231.04837036132812,178.82254028320312,1.0130674839019775,52.138397216796875,340.34637451171875,-2.5967297554016113,231.04837036132812,178.82254028320312,1.0130674839019775,52.138397216796875,367.37669210526326,-5.837919894893826,82.40831386454644,-2.428032023761371,-2.827345605316279,-84.26180324923357,307.67293822213287,-19.728631388565613,82.40831386454644,177.1701179153157,2.4250746349692562,5.618358943700528,307.67293822213287,-19.728631388565613,23.0,177.1701179153157,2.4250746349692562,5.618358943700528,300.1833345777963,54.804714496094476,82.40831386454644,177.1701179153157,2.4250746349692562,5.618358943700528,300.1833345777963,54.804714496094476,23.0,177.1701179153157,2.4250746349692562,5.618358943700528,361.7303702694797,61.86296722778594,82.40831386454644,177.1701179153157,2.4250746349692562,5.618358943700528,361.7303702694797,61.86296722778594,23.0,177.1701179153157,2.4250746349692562,5.618358943700528
2026-04-30 11:34:03,58,wait_for_arrival,0,P1,340.477294921875,-2.5662426948547363,229.87728881835938,178.82354736328125,1.0243498086929321,51.85032653808594,340.477294921875,-2.5662426948547363,229.87728881835938,178.82354736328125,1.0243498086929321,51.85032653808594,367.37669210526326,-5.837919894893826,82.40831386454644,-2.428032023761371,-2.827345605316279,-84.26180324923357,307.67293822213287,-19.728631388565613,82.40831386454644,177.1701179153157,2.4250746349692562,5.618358943700528,307.67293822213287,-19.728631388565613,23.0,177.1701179153157,2.4250746349692562,5.618358943700528,300.1833345777963,54.804714496094476,82.40831386454644,177.1701179153157,2.4250746349692562,5.618358943700528,300.1833345777963,54.804714496094476,23.0,177.1701179153157,2.4250746349692562,5.618358943700528,361.7303702694797,61.86296722778594,82.40831386454644,177.1701179153157,2.4250746349692562,5.618358943700528,361.7303702694797,61.86296722778594,23.0,177.1701179153157,2.4250746349692562,5.618358943700528
2026-04-30 11:34:04,59,wait_for_arrival,0,P1,340.477294921875,-2.5662426948547363,229.87728881835938,178.82354736328125,1.0243498086929321,51.85032653808594,340.477294921875,-2.5662426948547363,229.87728881835938,178.82354736328125,1.0243498086929321,51.85032653808594,367.37669210526326,-5.837919894893826,82.40831386454644,-2.428032023761371,-2.827345605316279,-84.26180324923357,307.67293822213287,-19.728631388565613,82.40831386454644,177.1701179153157,2.4250746349692562,5.618358943700528,307.67293822213287,-19.728631388565613,23.0,177.1701179153157,2.4250746349692562,5.618358943700528,300.1833345777963,54.804714496094476,82.40831386454644,177.1701179153157,2.4250746349692562,5.618358943700528,300.1833345777963,54.804714496094476,23.0,177.1701179153157,2.4250746349692562,5.618358943700528,361.7303702694797,61.86296722778594,82.40831386454644,177.1701179153157,2.4250746349692562,5.618358943700528,361.7303702694797,61.86296722778594,23.0,177.1701179153157,2.4250746349692562,5.618358943700528
2026-04-30 11:34:04,60,wait_for_arrival,0,P1,342.0622253417969,-2.331251621246338,207.66046142578125,178.8166961669922,1.2327922582626343,46.48826599121094,342.0622253417969,-2.331251621246338,207.66046142578125,178.8166961669922,1.2327922582626343,46.48826599121094,367.37669210526326,-5.837919894893826,82.40831386454644,-2.428032023761371,-2.827345605316279,-84.26180324923357,307.67293822213287,-19.728631388565613,82.40831386454644,177.1701179153157,2.4250746349692562,5.618358943700528,307.67293822213287,-19.728631388565613,23.0,177.1701179153157,2.4250746349692562,5.618358943700528,300.1833345777963,54.804714496094476,82.40831386454644,177.1701179153157,2.4250746349692562,5.618358943700528,300.1833345777963,54.804714496094476,23.0,177.1701179153157,2.4250746349692562,5.618358943700528,361.7303702694797,61.86296722778594,82.40831386454644,177.1701179153157,2.4250746349692562,5.618358943700528,361.7303702694797,61.86296722778594,23.0,177.1701179153157,2.4250746349692562,5.618358943700528
2026-04-30 11:34:04,61,wait_for_arrival,0,P1,342.1298522949219,-2.318877696990967,206.50128173828125,178.81436157226562,1.2404221296310425,46.21070861816406,342.1298522949219,-2.318877696990967,206.50128173828125,178.81436157226562,1.2404221296310425,46.21070861816406,367.37669210526326,-5.837919894893826,82.40831386454644,-2.428032023761371,-2.827345605316279,-84.26180324923357,307.67293822213287,-19.728631388565613,82.40831386454644,177.1701179153157,2.4250746349692562,5.618358943700528,307.67293822213287,-19.728631388565613,23.0,177.1701179153157,2.4250746349692562,5.618358943700528,300.1833345777963,54.804714496094476,82.40831386454644,177.1701179153157,2.4250746349692562,5.618358943700528,300.1833345777963,54.804714496094476,23.0,177.1701179153157,2.4250746349692562,5.618358943700528,361.7303702694797,61.86296722778594,82.40831386454644,177.1701179153157,2.4250746349692562,5.618358943700528,361.7303702694797,61.86296722778594,23.0,177.1701179153157,2.4250746349692562,5.618358943700528
2026-04-30 11:34:04,62,wait_for_arrival,0,P1,342.1298522949219,-2.318877696990967,206.50128173828125,178.81436157226562,1.2404221296310425,46.21070861816406,342.1298522949219,-2.318877696990967,206.50128173828125,178.81436157226562,1.2404221296310425,46.21070861816406,367.37669210526326,-5.837919894893826,82.40831386454644,-2.428032023761371,-2.827345605316279,-84.26180324923357,307.67293822213287,-19.728631388565613,82.40831386454644,177.1701179153157,2.4250746349692562,5.618358943700528,307.67293822213287,-19.728631388565613,23.0,177.1701179153157,2.4250746349692562,5.618358943700528,300.1833345777963,54.804714496094476,82.40831386454644,177.1701179153157,2.4250746349692562,5.618358943700528,300.1833345777963,54.804714496094476,23.0,177.1701179153157,2.4250746349692562,5.618358943700528,361.7303702694797,61.86296722778594,82.40831386454644,177.1701179153157,2.4250746349692562,5.618358943700528,361.7303702694797,61.86296722778594,23.0,177.1701179153157,2.4250746349692562,5.618358943700528
2026-04-30 11:34:05,63,wait_for_arrival,0,P1,342.1298522949219,-2.318877696990967,206.50128173828125,178.81436157226562,1.2404221296310425,46.21070861816406,342.1298522949219,-2.318877696990967,206.50128173828125,178.81436157226562,1.2404221296310425,46.21070861816406,367.37669210526326,-5.837919894893826,82.40831386454644,-2.428032023761371,-2.827345605316279,-84.26180324923357,307.67293822213287,-19.728631388565613,82.40831386454644,177.1701179153157,2.4250746349692562,5.618358943700528,307.67293822213287,-19.728631388565613,23.0,177.1701179153157,2.4250746349692562,5.618358943700528,300.1833345777963,54.804714496094476,82.40831386454644,177.1701179153157,2.4250746349692562,5.618358943700528,300.1833345777963,54.804714496094476,23.0,177.1701179153157,2.4250746349692562,5.618358943700528,361.7303702694797,61.86296722778594,82.40831386454644,177.1701179153157,2.4250746349692562,5.618358943700528,361.7303702694797,61.86296722778594,23.0,177.1701179153157,2.4250746349692562,5.618358943700528
2026-04-30 11:34:05,64,wait_for_arrival,-1,P1,,,,,,,,,,,,,367.37669210526326,-5.837919894893826,82.40831386454644,-2.428032023761371,-2.827345605316279,-84.26180324923357,307.67293822213287,-19.728631388565613,82.40831386454644,177.1701179153157,2.4250746349692562,5.618358943700528,307.67293822213287,-19.728631388565613,23.0,177.1701179153157,2.4250746349692562,5.618358943700528,300.1833345777963,54.804714496094476,82.40831386454644,177.1701179153157,2.4250746349692562,5.618358943700528,300.1833345777963,54.804714496094476,23.0,177.1701179153157,2.4250746349692562,5.618358943700528,361.7303702694797,61.86296722778594,82.40831386454644,177.1701179153157,2.4250746349692562,5.618358943700528,361.7303702694797,61.86296722778594,23.0,177.1701179153157,2.4250746349692562,5.618358943700528
2026-04-30 11:34:06,65,wait_for_arrival,-1,P1,,,,,,,,,,,,,367.37669210526326,-5.837919894893826,82.40831386454644,-2.428032023761371,-2.827345605316279,-84.26180324923357,307.67293822213287,-19.728631388565613,82.40831386454644,177.1701179153157,2.4250746349692562,5.618358943700528,307.67293822213287,-19.728631388565613,23.0,177.1701179153157,2.4250746349692562,5.618358943700528,300.1833345777963,54.804714496094476,82.40831386454644,177.1701179153157,2.4250746349692562,5.618358943700528,300.1833345777963,54.804714496094476,23.0,177.1701179153157,2.4250746349692562,5.618358943700528,361.7303702694797,61.86296722778594,82.40831386454644,177.1701179153157,2.4250746349692562,5.618358943700528,361.7303702694797,61.86296722778594,23.0,177.1701179153157,2.4250746349692562,5.618358943700528
2026-04-30 11:34:06,66,wait_for_arrival,0,P1,338.0180358886719,-5.317323684692383,133.36300659179688,178.4647216796875,1.885008692741394,29.56431007385254,338.0180358886719,-5.317323684692383,133.36300659179688,178.4647216796875,1.885008692741394,29.56431007385254,367.37669210526326,-5.837919894893826,82.40831386454644,-2.428032023761371,-2.827345605316279,-84.26180324923357,307.67293822213287,-19.728631388565613,82.40831386454644,177.1701179153157,2.4250746349692562,5.618358943700528,307.67293822213287,-19.728631388565613,23.0,177.1701179153157,2.4250746349692562,5.618358943700528,300.1833345777963,54.804714496094476,82.40831386454644,177.1701179153157,2.4250746349692562,5.618358943700528,300.1833345777963,54.804714496094476,23.0,177.1701179153157,2.4250746349692562,5.618358943700528,361.7303702694797,61.86296722778594,82.40831386454644,177.1701179153157,2.4250746349692562,5.618358943700528,361.7303702694797,61.86296722778594,23.0,177.1701179153157,2.4250746349692562,5.618358943700528
2026-04-30 11:34:06,67,wait_for_arrival,0,P1,337.8377685546875,-5.415539264678955,132.07830810546875,178.45338439941406,1.8883349895477295,29.277725219726562,337.8377685546875,-5.415539264678955,132.07830810546875,178.45338439941406,1.8883349895477295,29.277725219726562,367.37669210526326,-5.837919894893826,82.40831386454644,-2.428032023761371,-2.827345605316279,-84.26180324923357,307.67293822213287,-19.728631388565613,82.40831386454644,177.1701179153157,2.4250746349692562,5.618358943700528,307.67293822213287,-19.728631388565613,23.0,177.1701179153157,2.4250746349692562,5.618358943700528,300.1833345777963,54.804714496094476,82.40831386454644,177.1701179153157,2.4250746349692562,5.618358943700528,300.1833345777963,54.804714496094476,23.0,177.1701179153157,2.4250746349692562,5.618358943700528,361.7303702694797,61.86296722778594,82.40831386454644,177.1701179153157,2.4250746349692562,5.618358943700528,361.7303702694797,61.86296722778594,23.0,177.1701179153157,2.4250746349692562,5.618358943700528
2026-04-30 11:34:06,68,wait_for_arrival,0,P1,337.8377685546875,-5.415539264678955,132.07830810546875,178.45338439941406,1.8883349895477295,29.277725219726562,337.8377685546875,-5.415539264678955,132.07830810546875,178.45338439941406,1.8883349895477295,29.277725219726562,367.37669210526326,-5.837919894893826,82.40831386454644,-2.428032023761371,-2.827345605316279,-84.26180324923357,307.67293822213287,-19.728631388565613,82.40831386454644,177.1701179153157,2.4250746349692562,5.618358943700528,307.67293822213287,-19.728631388565613,23.0,177.1701179153157,2.4250746349692562,5.618358943700528,300.1833345777963,54.804714496094476,82.40831386454644,177.1701179153157,2.4250746349692562,5.618358943700528,300.1833345777963,54.804714496094476,23.0,177.1701179153157,2.4250746349692562,5.618358943700528,361.7303702694797,61.86296722778594,82.40831386454644,177.1701179153157,2.4250746349692562,5.618358943700528,361.7303702694797,61.86296722778594,23.0,177.1701179153157,2.4250746349692562,5.618358943700528
2026-04-30 11:34:06,69,wait_for_arrival,0,P1,333.4970397949219,-7.623504161834717,107.62103271484375,178.23728942871094,2.0680649280548096,23.91846466064453,333.4970397949219,-7.623504161834717,107.62103271484375,178.23728942871094,2.0680649280548096,23.91846466064453,367.37669210526326,-5.837919894893826,82.40831386454644,-2.428032023761371,-2.827345605316279,-84.26180324923357,307.67293822213287,-19.728631388565613,82.40831386454644,177.1701179153157,2.4250746349692562,5.618358943700528,307.67293822213287,-19.728631388565613,23.0,177.1701179153157,2.4250746349692562,5.618358943700528,300.1833345777963,54.804714496094476,82.40831386454644,177.1701179153157,2.4250746349692562,5.618358943700528,300.1833345777963,54.804714496094476,23.0,177.1701179153157,2.4250746349692562,5.618358943700528,361.7303702694797,61.86296722778594,82.40831386454644,177.1701179153157,2.4250746349692562,5.618358943700528,361.7303702694797,61.86296722778594,23.0,177.1701179153157,2.4250746349692562,5.618358943700528
2026-04-30 11:34:07,70,wait_for_arrival,0,P1,333.23974609375,-7.749643802642822,106.32577514648438,178.22463989257812,2.073237180709839,23.633522033691406,333.23974609375,-7.749643802642822,106.32577514648438,178.22463989257812,2.073237180709839,23.633522033691406,367.37669210526326,-5.837919894893826,82.40831386454644,-2.428032023761371,-2.827345605316279,-84.26180324923357,307.67293822213287,-19.728631388565613,82.40831386454644,177.1701179153157,2.4250746349692562,5.618358943700528,307.67293822213287,-19.728631388565613,23.0,177.1701179153157,2.4250746349692562,5.618358943700528,300.1833345777963,54.804714496094476,82.40831386454644,177.1701179153157,2.4250746349692562,5.618358943700528,300.1833345777963,54.804714496094476,23.0,177.1701179153157,2.4250746349692562,5.618358943700528,361.7303702694797,61.86296722778594,82.40831386454644,177.1701179153157,2.4250746349692562,5.618358943700528,361.7303702694797,61.86296722778594,23.0,177.1701179153157,2.4250746349692562,5.618358943700528
2026-04-30 11:34:07,71,wait_for_arrival,0,P1,333.23974609375,-7.749643802642822,106.32577514648438,178.22463989257812,2.073237180709839,23.633522033691406,333.23974609375,-7.749643802642822,106.32577514648438,178.22463989257812,2.073237180709839,23.633522033691406,367.37669210526326,-5.837919894893826,82.40831386454644,-2.428032023761371,-2.827345605316279,-84.26180324923357,307.67293822213287,-19.728631388565613,82.40831386454644,177.1701179153157,2.4250746349692562,5.618358943700528,307.67293822213287,-19.728631388565613,23.0,177.1701179153157,2.4250746349692562,5.618358943700528,300.1833345777963,54.804714496094476,82.40831386454644,177.1701179153157,2.4250746349692562,5.618358943700528,300.1833345777963,54.804714496094476,23.0,177.1701179153157,2.4250746349692562,5.618358943700528,361.7303702694797,61.86296722778594,82.40831386454644,177.1701179153157,2.4250746349692562,5.618358943700528,361.7303702694797,61.86296722778594,23.0,177.1701179153157,2.4250746349692562,5.618358943700528
2026-04-30 11:34:07,72,wait_for_arrival,0,P1,327.3162536621094,-10.614767074584961,81.54327392578125,177.95831298828125,2.228026866912842,18.264236450195312,327.3162536621094,-10.614767074584961,81.54327392578125,177.95831298828125,2.228026866912842,18.264236450195312,367.37669210526326,-5.837919894893826,82.40831386454644,-2.428032023761371,-2.827345605316279,-84.26180324923357,307.67293822213287,-19.728631388565613,82.40831386454644,177.1701179153157,2.4250746349692562,5.618358943700528,307.67293822213287,-19.728631388565613,23.0,177.1701179153157,2.4250746349692562,5.618358943700528,300.1833345777963,54.804714496094476,82.40831386454644,177.1701179153157,2.4250746349692562,5.618358943700528,300.1833345777963,54.804714496094476,23.0,177.1701179153157,2.4250746349692562,5.618358943700528,361.7303702694797,61.86296722778594,82.40831386454644,177.1701179153157,2.4250746349692562,5.618358943700528,361.7303702694797,61.86296722778594,23.0,177.1701179153157,2.4250746349692562,5.618358943700528
2026-04-30 11:34:07,73,wait_for_arrival,0,P1,326.980712890625,-10.777284622192383,80.22998046875,177.9427947998047,2.233236312866211,17.9792537689209,326.980712890625,-10.777284622192383,80.22998046875,177.9427947998047,2.233236312866211,17.9792537689209,367.37669210526326,-5.837919894893826,82.40831386454644,-2.428032023761371,-2.827345605316279,-84.26180324923357,307.67293822213287,-19.728631388565613,82.40831386454644,177.1701179153157,2.4250746349692562,5.618358943700528,307.67293822213287,-19.728631388565613,23.0,177.1701179153157,2.4250746349692562,5.618358943700528,300.1833345777963,54.804714496094476,82.40831386454644,177.1701179153157,2.4250746349692562,5.618358943700528,300.1833345777963,54.804714496094476,23.0,177.1701179153157,2.4250746349692562,5.618358943700528,361.7303702694797,61.86296722778594,82.40831386454644,177.1701179153157,2.4250746349692562,5.618358943700528,361.7303702694797,61.86296722778594,23.0,177.1701179153157,2.4250746349692562,5.618358943700528
2026-04-30 11:34:08,74,wait_for_arrival,0,P1,326.980712890625,-10.777284622192383,80.22998046875,177.9427947998047,2.233236312866211,17.9792537689209,326.980712890625,-10.777284622192383,80.22998046875,177.9427947998047,2.233236312866211,17.9792537689209,367.37669210526326,-5.837919894893826,82.40831386454644,-2.428032023761371,-2.827345605316279,-84.26180324923357,307.67293822213287,-19.728631388565613,82.40831386454644,177.1701179153157,2.4250746349692562,5.618358943700528,307.67293822213287,-19.728631388565613,23.0,177.1701179153157,2.4250746349692562,5.618358943700528,300.1833345777963,54.804714496094476,82.40831386454644,177.1701179153157,2.4250746349692562,5.618358943700528,300.1833345777963,54.804714496094476,23.0,177.1701179153157,2.4250746349692562,5.618358943700528,361.7303702694797,61.86296722778594,82.40831386454644,177.1701179153157,2.4250746349692562,5.618358943700528,361.7303702694797,61.86296722778594,23.0,177.1701179153157,2.4250746349692562,5.618358943700528
2026-04-30 11:34:08,75,wait_for_arrival,0,P1,319.5662841796875,-14.261833190917969,55.4276123046875,177.6325225830078,2.3417699337005615,12.6201171875,319.5662841796875,-14.261833190917969,55.4276123046875,177.6325225830078,2.3417699337005615,12.6201171875,367.37669210526326,-5.837919894893826,82.40831386454644,-2.428032023761371,-2.827345605316279,-84.26180324923357,307.67293822213287,-19.728631388565613,82.40831386454644,177.1701179153157,2.4250746349692562,5.618358943700528,307.67293822213287,-19.728631388565613,23.0,177.1701179153157,2.4250746349692562,5.618358943700528,300.1833345777963,54.804714496094476,82.40831386454644,177.1701179153157,2.4250746349692562,5.618358943700528,300.1833345777963,54.804714496094476,23.0,177.1701179153157,2.4250746349692562,5.618358943700528,361.7303702694797,61.86296722778594,82.40831386454644,177.1701179153157,2.4250746349692562,5.618358943700528,361.7303702694797,61.86296722778594,23.0,177.1701179153157,2.4250746349692562,5.618358943700528
2026-04-30 11:34:08,76,wait_for_arrival,0,P1,319.1240234375,-14.464489936828613,54.09649658203125,177.61505126953125,2.346785068511963,12.332883834838867,319.1240234375,-14.464489936828613,54.09649658203125,177.61505126953125,2.346785068511963,12.332883834838867,367.37669210526326,-5.837919894893826,82.40831386454644,-2.428032023761371,-2.827345605316279,-84.26180324923357,307.67293822213287,-19.728631388565613,82.40831386454644,177.1701179153157,2.4250746349692562,5.618358943700528,307.67293822213287,-19.728631388565613,23.0,177.1701179153157,2.4250746349692562,5.618358943700528,300.1833345777963,54.804714496094476,82.40831386454644,177.1701179153157,2.4250746349692562,5.618358943700528,300.1833345777963,54.804714496094476,23.0,177.1701179153157,2.4250746349692562,5.618358943700528,361.7303702694797,61.86296722778594,82.40831386454644,177.1701179153157,2.4250746349692562,5.618358943700528,361.7303702694797,61.86296722778594,23.0,177.1701179153157,2.4250746349692562,5.618358943700528
2026-04-30 11:34:08,77,wait_for_arrival,0,P1,319.1240234375,-14.464489936828613,54.09649658203125,177.61505126953125,2.346785068511963,12.332883834838867,319.1240234375,-14.464489936828613,54.09649658203125,177.61505126953125,2.346785068511963,12.332883834838867,367.37669210526326,-5.837919894893826,82.40831386454644,-2.428032023761371,-2.827345605316279,-84.26180324923357,307.67293822213287,-19.728631388565613,82.40831386454644,177.1701179153157,2.4250746349692562,5.618358943700528,307.67293822213287,-19.728631388565613,23.0,177.1701179153157,2.4250746349692562,5.618358943700528,300.1833345777963,54.804714496094476,82.40831386454644,177.1701179153157,2.4250746349692562,5.618358943700528,300.1833345777963,54.804714496094476,23.0,177.1701179153157,2.4250746349692562,5.618358943700528,361.7303702694797,61.86296722778594,82.40831386454644,177.1701179153157,2.4250746349692562,5.618358943700528,361.7303702694797,61.86296722778594,23.0,177.1701179153157,2.4250746349692562,5.618358943700528
2026-04-30 11:34:08,78,wait_for_arrival,0,P1,310.1374816894531,-18.60037612915039,29.248016357421875,177.26295471191406,2.4207687377929688,6.975173473358154,310.1374816894531,-18.60037612915039,29.248016357421875,177.26295471191406,2.4207687377929688,6.975173473358154,367.37669210526326,-5.837919894893826,82.40831386454644,-2.428032023761371,-2.827345605316279,-84.26180324923357,307.67293822213287,-19.728631388565613,82.40831386454644,177.1701179153157,2.4250746349692562,5.618358943700528,307.67293822213287,-19.728631388565613,23.0,177.1701179153157,2.4250746349692562,5.618358943700528,300.1833345777963,54.804714496094476,82.40831386454644,177.1701179153157,2.4250746349692562,5.618358943700528,300.1833345777963,54.804714496094476,23.0,177.1701179153157,2.4250746349692562,5.618358943700528,361.7303702694797,61.86296722778594,82.40831386454644,177.1701179153157,2.4250746349692562,5.618358943700528,361.7303702694797,61.86296722778594,23.0,177.1701179153157,2.4250746349692562,5.618358943700528
2026-04-30 11:34:08,79,wait_for_arrival,0,P1,309.6538391113281,-18.820247650146484,27.94708251953125,177.2452392578125,2.417026996612549,6.688571453094482,309.6538391113281,-18.820247650146484,27.94708251953125,177.2452392578125,2.417026996612549,6.688571453094482,367.37669210526326,-5.837919894893826,82.40831386454644,-2.428032023761371,-2.827345605316279,-84.26180324923357,307.67293822213287,-19.728631388565613,82.40831386454644,177.1701179153157,2.4250746349692562,5.618358943700528,307.67293822213287,-19.728631388565613,23.0,177.1701179153157,2.4250746349692562,5.618358943700528,300.1833345777963,54.804714496094476,82.40831386454644,177.1701179153157,2.4250746349692562,5.618358943700528,300.1833345777963,54.804714496094476,23.0,177.1701179153157,2.4250746349692562,5.618358943700528,361.7303702694797,61.86296722778594,82.40831386454644,177.1701179153157,2.4250746349692562,5.618358943700528,361.7303702694797,61.86296722778594,23.0,177.1701179153157,2.4250746349692562,5.618358943700528
2026-04-30 11:34:09,80,wait_for_arrival,0,P1,309.6538391113281,-18.820247650146484,27.94708251953125,177.2452392578125,2.417026996612549,6.688571453094482,309.6538391113281,-18.820247650146484,27.94708251953125,177.2452392578125,2.417026996612549,6.688571453094482,367.37669210526326,-5.837919894893826,82.40831386454644,-2.428032023761371,-2.827345605316279,-84.26180324923357,307.67293822213287,-19.728631388565613,82.40831386454644,177.1701179153157,2.4250746349692562,5.618358943700528,307.67293822213287,-19.728631388565613,23.0,177.1701179153157,2.4250746349692562,5.618358943700528,300.1833345777963,54.804714496094476,82.40831386454644,177.1701179153157,2.4250746349692562,5.618358943700528,300.1833345777963,54.804714496094476,23.0,177.1701179153157,2.4250746349692562,5.618358943700528,361.7303702694797,61.86296722778594,82.40831386454644,177.1701179153157,2.4250746349692562,5.618358943700528,361.7303702694797,61.86296722778594,23.0,177.1701179153157,2.4250746349692562,5.618358943700528
2026-04-30 11:34:09,81,wait_for_arrival,0,P1,307.67608642578125,-19.727191925048828,23.005462646484375,177.1697998046875,2.423673391342163,5.619038105010986,307.67608642578125,-19.727191925048828,23.005462646484375,177.1697998046875,2.423673391342163,5.619038105010986,367.37669210526326,-5.837919894893826,82.40831386454644,-2.428032023761371,-2.827345605316279,-84.26180324923357,307.67293822213287,-19.728631388565613,82.40831386454644,177.1701179153157,2.4250746349692562,5.618358943700528,307.67293822213287,-19.728631388565613,23.0,177.1701179153157,2.4250746349692562,5.618358943700528,300.1833345777963,54.804714496094476,82.40831386454644,177.1701179153157,2.4250746349692562,5.618358943700528,300.1833345777963,54.804714496094476,23.0,177.1701179153157,2.4250746349692562,5.618358943700528,361.7303702694797,61.86296722778594,82.40831386454644,177.1701179153157,2.4250746349692562,5.618358943700528,361.7303702694797,61.86296722778594,23.0,177.1701179153157,2.4250746349692562,5.618358943700528
2026-04-30 11:34:09,82,wait_for_arrival,0,P1,307.67608642578125,-19.727191925048828,23.005462646484375,177.1697998046875,2.423673391342163,5.619038105010986,307.67608642578125,-19.727191925048828,23.005462646484375,177.1697998046875,2.423673391342163,5.619038105010986,367.37669210526326,-5.837919894893826,82.40831386454644,-2.428032023761371,-2.827345605316279,-84.26180324923357,307.67293822213287,-19.728631388565613,82.40831386454644,177.1701179153157,2.4250746349692562,5.618358943700528,307.67293822213287,-19.728631388565613,23.0,177.1701179153157,2.4250746349692562,5.618358943700528,300.1833345777963,54.804714496094476,82.40831386454644,177.1701179153157,2.4250746349692562,5.618358943700528,300.1833345777963,54.804714496094476,23.0,177.1701179153157,2.4250746349692562,5.618358943700528,361.7303702694797,61.86296722778594,82.40831386454644,177.1701179153157,2.4250746349692562,5.618358943700528,361.7303702694797,61.86296722778594,23.0,177.1701179153157,2.4250746349692562,5.618358943700528
2026-04-30 11:34:10,83,main_loop,0,P1,307.6736145019531,-19.728191375732422,23.00299072265625,177.16969299316406,2.4240124225616455,5.619034290313721,307.6736145019531,-19.728191375732422,23.00299072265625,177.16969299316406,2.4240124225616455,5.619034290313721,367.37669210526326,-5.837919894893826,82.40831386454644,-2.428032023761371,-2.827345605316279,-84.26180324923357,307.67293822213287,-19.728631388565613,82.40831386454644,177.1701179153157,2.4250746349692562,5.618358943700528,307.67293822213287,-19.728631388565613,23.0,177.1701179153157,2.4250746349692562,5.618358943700528,300.1833345777963,54.804714496094476,82.40831386454644,177.1701179153157,2.4250746349692562,5.618358943700528,300.1833345777963,54.804714496094476,23.0,177.1701179153157,2.4250746349692562,5.618358943700528,361.7303702694797,61.86296722778594,82.40831386454644,177.1701179153157,2.4250746349692562,5.618358943700528,361.7303702694797,61.86296722778594,23.0,177.1701179153157,2.4250746349692562,5.618358943700528
2026-04-30 11:34:10,84,wait_for_arrival,0,P1,307.6736145019531,-19.728191375732422,23.00299072265625,177.1697235107422,2.4240403175354004,5.619601249694824,307.6736145019531,-19.728191375732422,23.00299072265625,177.1697235107422,2.4240403175354004,5.619601249694824,367.37669210526326,-5.837919894893826,82.40831386454644,-2.428032023761371,-2.827345605316279,-84.26180324923357,307.67293822213287,-19.728631388565613,82.40831386454644,177.1701179153157,2.4250746349692562,5.618358943700528,307.67293822213287,-19.728631388565613,23.0,177.1701179153157,2.4250746349692562,5.618358943700528,300.1833345777963,54.804714496094476,82.40831386454644,177.1701179153157,2.4250746349692562,5.618358943700528,300.1833345777963,54.804714496094476,23.0,177.1701179153157,2.4250746349692562,5.618358943700528,361.7303702694797,61.86296722778594,82.40831386454644,177.1701179153157,2.4250746349692562,5.618358943700528,361.7303702694797,61.86296722778594,23.0,177.1701179153157,2.4250746349692562,5.618358943700528
2026-04-30 11:34:10,85,wait_for_arrival,0,P1,307.6736145019531,-19.728191375732422,23.00299072265625,177.1697235107422,2.4240403175354004,5.619601249694824,307.6736145019531,-19.728191375732422,23.00299072265625,177.1697235107422,2.4240403175354004,5.619601249694824,367.37669210526326,-5.837919894893826,82.40831386454644,-2.428032023761371,-2.827345605316279,-84.26180324923357,307.67293822213287,-19.728631388565613,82.40831386454644,177.1701179153157,2.4250746349692562,5.618358943700528,307.67293822213287,-19.728631388565613,23.0,177.1701179153157,2.4250746349692562,5.618358943700528,300.1833345777963,54.804714496094476,82.40831386454644,177.1701179153157,2.4250746349692562,5.618358943700528,300.1833345777963,54.804714496094476,23.0,177.1701179153157,2.4250746349692562,5.618358943700528,361.7303702694797,61.86296722778594,82.40831386454644,177.1701179153157,2.4250746349692562,5.618358943700528,361.7303702694797,61.86296722778594,23.0,177.1701179153157,2.4250746349692562,5.618358943700528
2026-04-30 11:34:11,86,main_loop,0,P1,307.6736145019531,-19.728191375732422,23.00299072265625,177.1697235107422,2.4240403175354004,5.619601249694824,307.6736145019531,-19.728191375732422,23.00299072265625,177.1697235107422,2.4240403175354004,5.619601249694824,367.37669210526326,-5.837919894893826,82.40831386454644,-2.428032023761371,-2.827345605316279,-84.26180324923357,307.67293822213287,-19.728631388565613,82.40831386454644,177.1701179153157,2.4250746349692562,5.618358943700528,307.67293822213287,-19.728631388565613,23.0,177.1701179153157,2.4250746349692562,5.618358943700528,300.1833345777963,54.804714496094476,82.40831386454644,177.1701179153157,2.4250746349692562,5.618358943700528,300.1833345777963,54.804714496094476,23.0,177.1701179153157,2.4250746349692562,5.618358943700528,361.7303702694797,61.86296722778594,82.40831386454644,177.1701179153157,2.4250746349692562,5.618358943700528,361.7303702694797,61.86296722778594,23.0,177.1701179153157,2.4250746349692562,5.618358943700528
2026-04-30 11:34:11,87,main_loop,0,P1,307.6736145019531,-19.728191375732422,23.00299072265625,177.1697235107422,2.4240403175354004,5.619601249694824,307.6736145019531,-19.728191375732422,23.00299072265625,177.1697235107422,2.4240403175354004,5.619601249694824,367.37669210526326,-5.837919894893826,82.40831386454644,-2.428032023761371,-2.827345605316279,-84.26180324923357,307.67293822213287,-19.728631388565613,82.40831386454644,177.1701179153157,2.4250746349692562,5.618358943700528,307.67293822213287,-19.728631388565613,23.0,177.1701179153157,2.4250746349692562,5.618358943700528,300.1833345777963,54.804714496094476,82.40831386454644,177.1701179153157,2.4250746349692562,5.618358943700528,300.1833345777963,54.804714496094476,23.0,177.1701179153157,2.4250746349692562,5.618358943700528,361.7303702694797,61.86296722778594,82.40831386454644,177.1701179153157,2.4250746349692562,5.618358943700528,361.7303702694797,61.86296722778594,23.0,177.1701179153157,2.4250746349692562,5.618358943700528
2026-04-30 11:34:11,88,main_loop,0,P1,307.6736145019531,-19.728191375732422,23.00299072265625,177.1697235107422,2.4240403175354004,5.619601249694824,307.6736145019531,-19.728191375732422,23.00299072265625,177.1697235107422,2.4240403175354004,5.619601249694824,367.37669210526326,-5.837919894893826,82.40831386454644,-2.428032023761371,-2.827345605316279,-84.26180324923357,307.67293822213287,-19.728631388565613,82.40831386454644,177.1701179153157,2.4250746349692562,5.618358943700528,307.67293822213287,-19.728631388565613,23.0,177.1701179153157,2.4250746349692562,5.618358943700528,300.1833345777963,54.804714496094476,82.40831386454644,177.1701179153157,2.4250746349692562,5.618358943700528,300.1833345777963,54.804714496094476,23.0,177.1701179153157,2.4250746349692562,5.618358943700528,361.7303702694797,61.86296722778594,82.40831386454644,177.1701179153157,2.4250746349692562,5.618358943700528,361.7303702694797,61.86296722778594,23.0,177.1701179153157,2.4250746349692562,5.618358943700528
2026-04-30 11:34:12,89,main_loop,0,P1,307.6736145019531,-19.728191375732422,23.00299072265625,177.1697235107422,2.4240403175354004,5.619601249694824,307.6736145019531,-19.728191375732422,23.00299072265625,177.1697235107422,2.4240403175354004,5.619601249694824,367.37669210526326,-5.837919894893826,82.40831386454644,-2.428032023761371,-2.827345605316279,-84.26180324923357,307.67293822213287,-19.728631388565613,82.40831386454644,177.1701179153157,2.4250746349692562,5.618358943700528,307.67293822213287,-19.728631388565613,23.0,177.1701179153157,2.4250746349692562,5.618358943700528,300.1833345777963,54.804714496094476,82.40831386454644,177.1701179153157,2.4250746349692562,5.618358943700528,300.1833345777963,54.804714496094476,23.0,177.1701179153157,2.4250746349692562,5.618358943700528,361.7303702694797,61.86296722778594,82.40831386454644,177.1701179153157,2.4250746349692562,5.618358943700528,361.7303702694797,61.86296722778594,23.0,177.1701179153157,2.4250746349692562,5.618358943700528
2026-04-30 11:34:12,90,main_loop,-1,P1,,,,,,,,,,,,,367.37669210526326,-5.837919894893826,82.40831386454644,-2.428032023761371,-2.827345605316279,-84.26180324923357,307.67293822213287,-19.728631388565613,82.40831386454644,177.1701179153157,2.4250746349692562,5.618358943700528,307.67293822213287,-19.728631388565613,23.0,177.1701179153157,2.4250746349692562,5.618358943700528,300.1833345777963,54.804714496094476,82.40831386454644,177.1701179153157,2.4250746349692562,5.618358943700528,300.1833345777963,54.804714496094476,23.0,177.1701179153157,2.4250746349692562,5.618358943700528,361.7303702694797,61.86296722778594,82.40831386454644,177.1701179153157,2.4250746349692562,5.618358943700528,361.7303702694797,61.86296722778594,23.0,177.1701179153157,2.4250746349692562,5.618358943700528
2026-04-30 11:34:12,91,main_loop,-1,P1,,,,,,,,,,,,,367.37669210526326,-5.837919894893826,82.40831386454644,-2.428032023761371,-2.827345605316279,-84.26180324923357,307.67293822213287,-19.728631388565613,82.40831386454644,177.1701179153157,2.4250746349692562,5.618358943700528,307.67293822213287,-19.728631388565613,23.0,177.1701179153157,2.4250746349692562,5.618358943700528,300.1833345777963,54.804714496094476,82.40831386454644,177.1701179153157,2.4250746349692562,5.618358943700528,300.1833345777963,54.804714496094476,23.0,177.1701179153157,2.4250746349692562,5.618358943700528,361.7303702694797,61.86296722778594,82.40831386454644,177.1701179153157,2.4250746349692562,5.618358943700528,361.7303702694797,61.86296722778594,23.0,177.1701179153157,2.4250746349692562,5.618358943700528
2026-04-30 11:34:13,92,main_loop,-1,P1,,,,,,,,,,,,,367.37669210526326,-5.837919894893826,82.40831386454644,-2.428032023761371,-2.827345605316279,-84.26180324923357,307.67293822213287,-19.728631388565613,82.40831386454644,177.1701179153157,2.4250746349692562,5.618358943700528,307.67293822213287,-19.728631388565613,23.0,177.1701179153157,2.4250746349692562,5.618358943700528,300.1833345777963,54.804714496094476,82.40831386454644,177.1701179153157,2.4250746349692562,5.618358943700528,300.1833345777963,54.804714496094476,23.0,177.1701179153157,2.4250746349692562,5.618358943700528,361.7303702694797,61.86296722778594,82.40831386454644,177.1701179153157,2.4250746349692562,5.618358943700528,361.7303702694797,61.86296722778594,23.0,177.1701179153157,2.4250746349692562,5.618358943700528
2026-04-30 11:34:13,93,main_loop,-1,P1,,,,,,,,,,,,,367.37669210526326,-5.837919894893826,82.40831386454644,-2.428032023761371,-2.827345605316279,-84.26180324923357,307.67293822213287,-19.728631388565613,82.40831386454644,177.1701179153157,2.4250746349692562,5.618358943700528,307.67293822213287,-19.728631388565613,23.0,177.1701179153157,2.4250746349692562,5.618358943700528,300.1833345777963,54.804714496094476,82.40831386454644,177.1701179153157,2.4250746349692562,5.618358943700528,300.1833345777963,54.804714496094476,23.0,177.1701179153157,2.4250746349692562,5.618358943700528,361.7303702694797,61.86296722778594,82.40831386454644,177.1701179153157,2.4250746349692562,5.618358943700528,361.7303702694797,61.86296722778594,23.0,177.1701179153157,2.4250746349692562,5.618358943700528
2026-04-30 11:34:15,94,wait_for_arrival,0,P1,307.6714172363281,-19.727008819580078,23.001190185546875,177.17015075683594,2.4245412349700928,5.619235515594482,307.6714172363281,-19.727008819580078,23.001190185546875,177.17015075683594,2.4245412349700928,5.619235515594482,367.37669210526326,-5.837919894893826,82.40831386454644,-2.428032023761371,-2.827345605316279,-84.26180324923357,307.67293822213287,-19.728631388565613,82.40831386454644,177.1701179153157,2.4250746349692562,5.618358943700528,307.67293822213287,-19.728631388565613,23.0,177.1701179153157,2.4250746349692562,5.618358943700528,300.1833345777963,54.804714496094476,82.40831386454644,177.1701179153157,2.4250746349692562,5.618358943700528,300.1833345777963,54.804714496094476,23.0,177.1701179153157,2.4250746349692562,5.618358943700528,361.7303702694797,61.86296722778594,82.40831386454644,177.1701179153157,2.4250746349692562,5.618358943700528,361.7303702694797,61.86296722778594,23.0,177.1701179153157,2.4250746349692562,5.618358943700528
2026-04-30 11:34:15,95,wait_for_arrival,0,P1,307.6714172363281,-19.727008819580078,23.001190185546875,177.17015075683594,2.4245412349700928,5.619235515594482,307.6714172363281,-19.727008819580078,23.001190185546875,177.17015075683594,2.4245412349700928,5.619235515594482,367.37669210526326,-5.837919894893826,82.40831386454644,-2.428032023761371,-2.827345605316279,-84.26180324923357,307.67293822213287,-19.728631388565613,82.40831386454644,177.1701179153157,2.4250746349692562,5.618358943700528,307.67293822213287,-19.728631388565613,23.0,177.1701179153157,2.4250746349692562,5.618358943700528,300.1833345777963,54.804714496094476,82.40831386454644,177.1701179153157,2.4250746349692562,5.618358943700528,300.1833345777963,54.804714496094476,23.0,177.1701179153157,2.4250746349692562,5.618358943700528,361.7303702694797,61.86296722778594,82.40831386454644,177.1701179153157,2.4250746349692562,5.618358943700528,361.7303702694797,61.86296722778594,23.0,177.1701179153157,2.4250746349692562,5.618358943700528
2026-04-30 11:34:15,96,wait_for_arrival,0,P1,307.6714172363281,-19.727008819580078,23.001190185546875,177.17015075683594,2.4245412349700928,5.619235515594482,307.6714172363281,-19.727008819580078,23.001190185546875,177.17015075683594,2.4245412349700928,5.619235515594482,367.37669210526326,-5.837919894893826,82.40831386454644,-2.428032023761371,-2.827345605316279,-84.26180324923357,307.67293822213287,-19.728631388565613,82.40831386454644,177.1701179153157,2.4250746349692562,5.618358943700528,307.67293822213287,-19.728631388565613,23.0,177.1701179153157,2.4250746349692562,5.618358943700528,300.1833345777963,54.804714496094476,82.40831386454644,177.1701179153157,2.4250746349692562,5.618358943700528,300.1833345777963,54.804714496094476,23.0,177.1701179153157,2.4250746349692562,5.618358943700528,361.7303702694797,61.86296722778594,82.40831386454644,177.1701179153157,2.4250746349692562,5.618358943700528,361.7303702694797,61.86296722778594,23.0,177.1701179153157,2.4250746349692562,5.618358943700528
2026-04-30 11:34:15,97,wait_for_arrival,0,P1,307.6714172363281,-19.727008819580078,23.001190185546875,177.17015075683594,2.4245412349700928,5.619235515594482,307.6714172363281,-19.727008819580078,23.001190185546875,177.17015075683594,2.4245412349700928,5.619235515594482,367.37669210526326,-5.837919894893826,82.40831386454644,-2.428032023761371,-2.827345605316279,-84.26180324923357,307.67293822213287,-19.728631388565613,82.40831386454644,177.1701179153157,2.4250746349692562,5.618358943700528,307.67293822213287,-19.728631388565613,23.0,177.1701179153157,2.4250746349692562,5.618358943700528,300.1833345777963,54.804714496094476,82.40831386454644,177.1701179153157,2.4250746349692562,5.618358943700528,300.1833345777963,54.804714496094476,23.0,177.1701179153157,2.4250746349692562,5.618358943700528,361.7303702694797,61.86296722778594,82.40831386454644,177.1701179153157,2.4250746349692562,5.618358943700528,361.7303702694797,61.86296722778594,23.0,177.1701179153157,2.4250746349692562,5.618358943700528
2026-04-30 11:34:15,98,wait_for_arrival,0,P1,307.6714172363281,-19.727008819580078,23.001190185546875,177.17015075683594,2.4245412349700928,5.619235515594482,307.6714172363281,-19.727008819580078,23.001190185546875,177.17015075683594,2.4245412349700928,5.619235515594482,367.37669210526326,-5.837919894893826,82.40831386454644,-2.428032023761371,-2.827345605316279,-84.26180324923357,307.67293822213287,-19.728631388565613,82.40831386454644,177.1701179153157,2.4250746349692562,5.618358943700528,307.67293822213287,-19.728631388565613,23.0,177.1701179153157,2.4250746349692562,5.618358943700528,300.1833345777963,54.804714496094476,82.40831386454644,177.1701179153157,2.4250746349692562,5.618358943700528,300.1833345777963,54.804714496094476,23.0,177.1701179153157,2.4250746349692562,5.618358943700528,361.7303702694797,61.86296722778594,82.40831386454644,177.1701179153157,2.4250746349692562,5.618358943700528,361.7303702694797,61.86296722778594,23.0,177.1701179153157,2.4250746349692562,5.618358943700528
2026-04-30 11:34:15,99,wait_for_arrival,0,P1,307.6706848144531,-19.72730255126953,22.999420166015625,177.1700439453125,2.4248855113983154,5.619229793548584,307.6706848144531,-19.72730255126953,22.999420166015625,177.1700439453125,2.4248855113983154,5.619229793548584,367.37669210526326,-5.837919894893826,82.40831386454644,-2.428032023761371,-2.827345605316279,-84.26180324923357,307.67293822213287,-19.728631388565613,82.40831386454644,177.1701179153157,2.4250746349692562,5.618358943700528,307.67293822213287,-19.728631388565613,23.0,177.1701179153157,2.4250746349692562,5.618358943700528,300.1833345777963,54.804714496094476,82.40831386454644,177.1701179153157,2.4250746349692562,5.618358943700528,300.1833345777963,54.804714496094476,23.0,177.1701179153157,2.4250746349692562,5.618358943700528,361.7303702694797,61.86296722778594,82.40831386454644,177.1701179153157,2.4250746349692562,5.618358943700528,361.7303702694797,61.86296722778594,23.0,177.1701179153157,2.4250746349692562,5.618358943700528
2026-04-30 11:34:15,100,wait_for_arrival,0,P1,307.6705627441406,-19.729209899902344,22.999420166015625,177.17002868652344,2.4248576164245605,5.6183085441589355,307.6705627441406,-19.729209899902344,22.999420166015625,177.17002868652344,2.4248576164245605,5.6183085441589355,367.37669210526326,-5.837919894893826,82.40831386454644,-2.428032023761371,-2.827345605316279,-84.26180324923357,307.67293822213287,-19.728631388565613,82.40831386454644,177.1701179153157,2.4250746349692562,5.618358943700528,307.67293822213287,-19.728631388565613,23.0,177.1701179153157,2.4250746349692562,5.618358943700528,300.1833345777963,54.804714496094476,82.40831386454644,177.1701179153157,2.4250746349692562,5.618358943700528,300.1833345777963,54.804714496094476,23.0,177.1701179153157,2.4250746349692562,5.618358943700528,361.7303702694797,61.86296722778594,82.40831386454644,177.1701179153157,2.4250746349692562,5.618358943700528,361.7303702694797,61.86296722778594,23.0,177.1701179153157,2.4250746349692562,5.618358943700528
2026-04-30 11:34:15,101,wait_for_arrival,0,P1,307.7379455566406,-15.99657917022705,22.993896484375,177.17138671875,2.420828342437744,5.620350360870361,307.7379455566406,-15.99657917022705,22.993896484375,177.17138671875,2.420828342437744,5.620350360870361,367.37669210526326,-5.837919894893826,82.40831386454644,-2.428032023761371,-2.827345605316279,-84.26180324923357,307.67293822213287,-19.728631388565613,82.40831386454644,177.1701179153157,2.4250746349692562,5.618358943700528,307.67293822213287,-19.728631388565613,23.0,177.1701179153157,2.4250746349692562,5.618358943700528,300.1833345777963,54.804714496094476,82.40831386454644,177.1701179153157,2.4250746349692562,5.618358943700528,300.1833345777963,54.804714496094476,23.0,177.1701179153157,2.4250746349692562,5.618358943700528,361.7303702694797,61.86296722778594,82.40831386454644,177.1701179153157,2.4250746349692562,5.618358943700528,361.7303702694797,61.86296722778594,23.0,177.1701179153157,2.4250746349692562,5.618358943700528
2026-04-30 11:34:16,102,wait_for_arrival,0,P1,307.37628173828125,2.196343421936035,22.9940185546875,177.1851348876953,2.4110913276672363,5.6230034828186035,307.37628173828125,2.196343421936035,22.9940185546875,177.1851348876953,2.4110913276672363,5.6230034828186035,367.37669210526326,-5.837919894893826,82.40831386454644,-2.428032023761371,-2.827345605316279,-84.26180324923357,307.67293822213287,-19.728631388565613,82.40831386454644,177.1701179153157,2.4250746349692562,5.618358943700528,307.67293822213287,-19.728631388565613,23.0,177.1701179153157,2.4250746349692562,5.618358943700528,300.1833345777963,54.804714496094476,82.40831386454644,177.1701179153157,2.4250746349692562,5.618358943700528,300.1833345777963,54.804714496094476,23.0,177.1701179153157,2.4250746349692562,5.618358943700528,361.7303702694797,61.86296722778594,82.40831386454644,177.1701179153157,2.4250746349692562,5.618358943700528,361.7303702694797,61.86296722778594,23.0,177.1701179153157,2.4250746349692562,5.618358943700528
2026-04-30 11:34:16,103,wait_for_arrival,0,P1,305.9554748535156,20.280948638916016,22.9970703125,177.18907165527344,2.407639265060425,5.620442867279053,305.9554748535156,20.280948638916016,22.9970703125,177.18907165527344,2.407639265060425,5.620442867279053,367.37669210526326,-5.837919894893826,82.40831386454644,-2.428032023761371,-2.827345605316279,-84.26180324923357,307.67293822213287,-19.728631388565613,82.40831386454644,177.1701179153157,2.4250746349692562,5.618358943700528,307.67293822213287,-19.728631388565613,23.0,177.1701179153157,2.4250746349692562,5.618358943700528,300.1833345777963,54.804714496094476,82.40831386454644,177.1701179153157,2.4250746349692562,5.618358943700528,300.1833345777963,54.804714496094476,23.0,177.1701179153157,2.4250746349692562,5.618358943700528,361.7303702694797,61.86296722778594,82.40831386454644,177.1701179153157,2.4250746349692562,5.618358943700528,361.7303702694797,61.86296722778594,23.0,177.1701179153157,2.4250746349692562,5.618358943700528
2026-04-30 11:34:16,104,wait_for_arrival,0,P1,305.77783203125,21.848876953125,22.9923095703125,177.189208984375,2.4088618755340576,5.623039722442627,305.77783203125,21.848876953125,22.9923095703125,177.189208984375,2.4088618755340576,5.623039722442627,367.37669210526326,-5.837919894893826,82.40831386454644,-2.428032023761371,-2.827345605316279,-84.26180324923357,307.67293822213287,-19.728631388565613,82.40831386454644,177.1701179153157,2.4250746349692562,5.618358943700528,307.67293822213287,-19.728631388565613,23.0,177.1701179153157,2.4250746349692562,5.618358943700528,300.1833345777963,54.804714496094476,82.40831386454644,177.1701179153157,2.4250746349692562,5.618358943700528,300.1833345777963,54.804714496094476,23.0,177.1701179153157,2.4250746349692562,5.618358943700528,361.7303702694797,61.86296722778594,82.40831386454644,177.1701179153157,2.4250746349692562,5.618358943700528,361.7303702694797,61.86296722778594,23.0,177.1701179153157,2.4250746349692562,5.618358943700528
2026-04-30 11:34:16,105,wait_for_arrival,0,P1,305.77783203125,21.848876953125,22.9923095703125,177.189208984375,2.4088618755340576,5.623039722442627,305.77783203125,21.848876953125,22.9923095703125,177.189208984375,2.4088618755340576,5.623039722442627,367.37669210526326,-5.837919894893826,82.40831386454644,-2.428032023761371,-2.827345605316279,-84.26180324923357,307.67293822213287,-19.728631388565613,82.40831386454644,177.1701179153157,2.4250746349692562,5.618358943700528,307.67293822213287,-19.728631388565613,23.0,177.1701179153157,2.4250746349692562,5.618358943700528,300.1833345777963,54.804714496094476,82.40831386454644,177.1701179153157,2.4250746349692562,5.618358943700528,300.1833345777963,54.804714496094476,23.0,177.1701179153157,2.4250746349692562,5.618358943700528,361.7303702694797,61.86296722778594,82.40831386454644,177.1701179153157,2.4250746349692562,5.618358943700528,361.7303702694797,61.86296722778594,23.0,177.1701179153157,2.4250746349692562,5.618358943700528
2026-04-30 11:34:16,106,wait_for_arrival,0,P1,301.1034851074219,50.64620590209961,22.99853515625,177.17393493652344,2.4213902950286865,5.620649814605713,301.1034851074219,50.64620590209961,22.99853515625,177.17393493652344,2.4213902950286865,5.620649814605713,367.37669210526326,-5.837919894893826,82.40831386454644,-2.428032023761371,-2.827345605316279,-84.26180324923357,307.67293822213287,-19.728631388565613,82.40831386454644,177.1701179153157,2.4250746349692562,5.618358943700528,307.67293822213287,-19.728631388565613,23.0,177.1701179153157,2.4250746349692562,5.618358943700528,300.1833345777963,54.804714496094476,82.40831386454644,177.1701179153157,2.4250746349692562,5.618358943700528,300.1833345777963,54.804714496094476,23.0,177.1701179153157,2.4250746349692562,5.618358943700528,361.7303702694797,61.86296722778594,82.40831386454644,177.1701179153157,2.4250746349692562,5.618358943700528,361.7303702694797,61.86296722778594,23.0,177.1701179153157,2.4250746349692562,5.618358943700528
2026-04-30 11:34:16,107,wait_for_arrival,0,P1,300.7861022949219,52.12156677246094,23.00140380859375,177.17288208007812,2.4221861362457275,5.614565372467041,300.7861022949219,52.12156677246094,23.00140380859375,177.17288208007812,2.4221861362457275,5.614565372467041,367.37669210526326,-5.837919894893826,82.40831386454644,-2.428032023761371,-2.827345605316279,-84.26180324923357,307.67293822213287,-19.728631388565613,82.40831386454644,177.1701179153157,2.4250746349692562,5.618358943700528,307.67293822213287,-19.728631388565613,23.0,177.1701179153157,2.4250746349692562,5.618358943700528,300.1833345777963,54.804714496094476,82.40831386454644,177.1701179153157,2.4250746349692562,5.618358943700528,300.1833345777963,54.804714496094476,23.0,177.1701179153157,2.4250746349692562,5.618358943700528,361.7303702694797,61.86296722778594,82.40831386454644,177.1701179153157,2.4250746349692562,5.618358943700528,361.7303702694797,61.86296722778594,23.0,177.1701179153157,2.4250746349692562,5.618358943700528
2026-04-30 11:34:17,108,wait_for_arrival,0,P1,300.7861022949219,52.12156677246094,23.00140380859375,177.17288208007812,2.4221861362457275,5.614565372467041,300.7861022949219,52.12156677246094,23.00140380859375,177.17288208007812,2.4221861362457275,5.614565372467041,367.37669210526326,-5.837919894893826,82.40831386454644,-2.428032023761371,-2.827345605316279,-84.26180324923357,307.67293822213287,-19.728631388565613,82.40831386454644,177.1701179153157,2.4250746349692562,5.618358943700528,307.67293822213287,-19.728631388565613,23.0,177.1701179153157,2.4250746349692562,5.618358943700528,300.1833345777963,54.804714496094476,82.40831386454644,177.1701179153157,2.4250746349692562,5.618358943700528,300.1833345777963,54.804714496094476,23.0,177.1701179153157,2.4250746349692562,5.618358943700528,361.7303702694797,61.86296722778594,82.40831386454644,177.1701179153157,2.4250746349692562,5.618358943700528,361.7303702694797,61.86296722778594,23.0,177.1701179153157,2.4250746349692562,5.618358943700528
2026-04-30 11:34:17,109,wait_for_arrival,0,P1,300.7861022949219,52.12156677246094,23.00140380859375,177.17288208007812,2.4221861362457275,5.614565372467041,300.7861022949219,52.12156677246094,23.00140380859375,177.17288208007812,2.4221861362457275,5.614565372467041,367.37669210526326,-5.837919894893826,82.40831386454644,-2.428032023761371,-2.827345605316279,-84.26180324923357,307.67293822213287,-19.728631388565613,82.40831386454644,177.1701179153157,2.4250746349692562,5.618358943700528,307.67293822213287,-19.728631388565613,23.0,177.1701179153157,2.4250746349692562,5.618358943700528,300.1833345777963,54.804714496094476,82.40831386454644,177.1701179153157,2.4250746349692562,5.618358943700528,300.1833345777963,54.804714496094476,23.0,177.1701179153157,2.4250746349692562,5.618358943700528,361.7303702694797,61.86296722778594,82.40831386454644,177.1701179153157,2.4250746349692562,5.618358943700528,361.7303702694797,61.86296722778594,23.0,177.1701179153157,2.4250746349692562,5.618358943700528
2026-04-30 11:34:17,110,wait_for_arrival,0,P1,300.1791687011719,54.81795883178711,23.001190185546875,177.1705322265625,2.426008462905884,5.61991024017334,300.1791687011719,54.81795883178711,23.001190185546875,177.1705322265625,2.426008462905884,5.61991024017334,367.37669210526326,-5.837919894893826,82.40831386454644,-2.428032023761371,-2.827345605316279,-84.26180324923357,307.67293822213287,-19.728631388565613,82.40831386454644,177.1701179153157,2.4250746349692562,5.618358943700528,307.67293822213287,-19.728631388565613,23.0,177.1701179153157,2.4250746349692562,5.618358943700528,300.1833345777963,54.804714496094476,82.40831386454644,177.1701179153157,2.4250746349692562,5.618358943700528,300.1833345777963,54.804714496094476,23.0,177.1701179153157,2.4250746349692562,5.618358943700528,361.7303702694797,61.86296722778594,82.40831386454644,177.1701179153157,2.4250746349692562,5.618358943700528,361.7303702694797,61.86296722778594,23.0,177.1701179153157,2.4250746349692562,5.618358943700528
2026-04-30 11:34:18,111,wait_for_arrival,0,P1,300.1791687011719,54.81795883178711,23.001190185546875,177.1705322265625,2.426008462905884,5.61991024017334,300.1791687011719,54.81795883178711,23.001190185546875,177.1705322265625,2.426008462905884,5.61991024017334,367.37669210526326,-5.837919894893826,82.40831386454644,-2.428032023761371,-2.827345605316279,-84.26180324923357,307.67293822213287,-19.728631388565613,82.40831386454644,177.1701179153157,2.4250746349692562,5.618358943700528,307.67293822213287,-19.728631388565613,23.0,177.1701179153157,2.4250746349692562,5.618358943700528,300.1833345777963,54.804714496094476,82.40831386454644,177.1701179153157,2.4250746349692562,5.618358943700528,300.1833345777963,54.804714496094476,23.0,177.1701179153157,2.4250746349692562,5.618358943700528,361.7303702694797,61.86296722778594,82.40831386454644,177.1701179153157,2.4250746349692562,5.618358943700528,361.7303702694797,61.86296722778594,23.0,177.1701179153157,2.4250746349692562,5.618358943700528
2026-04-30 11:34:18,112,main_loop,0,P1,300.1791687011719,54.81795883178711,23.001190185546875,177.1705322265625,2.426008462905884,5.61991024017334,300.1791687011719,54.81795883178711,23.001190185546875,177.1705322265625,2.426008462905884,5.61991024017334,367.37669210526326,-5.837919894893826,82.40831386454644,-2.428032023761371,-2.827345605316279,-84.26180324923357,307.67293822213287,-19.728631388565613,82.40831386454644,177.1701179153157,2.4250746349692562,5.618358943700528,307.67293822213287,-19.728631388565613,23.0,177.1701179153157,2.4250746349692562,5.618358943700528,300.1833345777963,54.804714496094476,82.40831386454644,177.1701179153157,2.4250746349692562,5.618358943700528,300.1833345777963,54.804714496094476,23.0,177.1701179153157,2.4250746349692562,5.618358943700528,361.7303702694797,61.86296722778594,82.40831386454644,177.1701179153157,2.4250746349692562,5.618358943700528,361.7303702694797,61.86296722778594,23.0,177.1701179153157,2.4250746349692562,5.618358943700528
2026-04-30 11:34:20,113,wait_for_arrival,0,P1,300.1791687011719,54.81795883178711,23.001190185546875,177.1705322265625,2.426008462905884,5.61991024017334,300.1791687011719,54.81795883178711,23.001190185546875,177.1705322265625,2.426008462905884,5.61991024017334,367.37669210526326,-5.837919894893826,82.40831386454644,-2.428032023761371,-2.827345605316279,-84.26180324923357,307.67293822213287,-19.728631388565613,82.40831386454644,177.1701179153157,2.4250746349692562,5.618358943700528,307.67293822213287,-19.728631388565613,23.0,177.1701179153157,2.4250746349692562,5.618358943700528,300.1833345777963,54.804714496094476,82.40831386454644,177.1701179153157,2.4250746349692562,5.618358943700528,300.1833345777963,54.804714496094476,23.0,177.1701179153157,2.4250746349692562,5.618358943700528,361.7303702694797,61.86296722778594,82.40831386454644,177.1701179153157,2.4250746349692562,5.618358943700528,361.7303702694797,61.86296722778594,23.0,177.1701179153157,2.4250746349692562,5.618358943700528
2026-04-30 11:34:20,114,wait_for_arrival,0,P1,300.1822204589844,54.820152282714844,23.00201416015625,177.17080688476562,2.4255239963531494,5.619925022125244,300.1822204589844,54.820152282714844,23.00201416015625,177.17080688476562,2.4255239963531494,5.619925022125244,367.37669210526326,-5.837919894893826,82.40831386454644,-2.428032023761371,-2.827345605316279,-84.26180324923357,307.67293822213287,-19.728631388565613,82.40831386454644,177.1701179153157,2.4250746349692562,5.618358943700528,307.67293822213287,-19.728631388565613,23.0,177.1701179153157,2.4250746349692562,5.618358943700528,300.1833345777963,54.804714496094476,82.40831386454644,177.1701179153157,2.4250746349692562,5.618358943700528,300.1833345777963,54.804714496094476,23.0,177.1701179153157,2.4250746349692562,5.618358943700528,361.7303702694797,61.86296722778594,82.40831386454644,177.1701179153157,2.4250746349692562,5.618358943700528,361.7303702694797,61.86296722778594,23.0,177.1701179153157,2.4250746349692562,5.618358943700528
2026-04-30 11:34:21,115,main_loop,0,P1,300.18255615234375,54.81377029418945,22.999664306640625,177.17015075683594,2.425555467605591,5.619572639465332,300.18255615234375,54.81377029418945,22.999664306640625,177.17015075683594,2.425555467605591,5.619572639465332,367.37669210526326,-5.837919894893826,82.40831386454644,-2.428032023761371,-2.827345605316279,-84.26180324923357,307.67293822213287,-19.728631388565613,82.40831386454644,177.1701179153157,2.4250746349692562,5.618358943700528,307.67293822213287,-19.728631388565613,23.0,177.1701179153157,2.4250746349692562,5.618358943700528,300.1833345777963,54.804714496094476,82.40831386454644,177.1701179153157,2.4250746349692562,5.618358943700528,300.1833345777963,54.804714496094476,23.0,177.1701179153157,2.4250746349692562,5.618358943700528,361.7303702694797,61.86296722778594,82.40831386454644,177.1701179153157,2.4250746349692562,5.618358943700528,361.7303702694797,61.86296722778594,23.0,177.1701179153157,2.4250746349692562,5.618358943700528
2026-04-30 11:34:21,116,main_loop,0,P1,300.18255615234375,54.81377029418945,22.999664306640625,177.17015075683594,2.425555467605591,5.619572639465332,300.18255615234375,54.81377029418945,22.999664306640625,177.17015075683594,2.425555467605591,5.619572639465332,367.37669210526326,-5.837919894893826,82.40831386454644,-2.428032023761371,-2.827345605316279,-84.26180324923357,307.67293822213287,-19.728631388565613,82.40831386454644,177.1701179153157,2.4250746349692562,5.618358943700528,307.67293822213287,-19.728631388565613,23.0,177.1701179153157,2.4250746349692562,5.618358943700528,300.1833345777963,54.804714496094476,82.40831386454644,177.1701179153157,2.4250746349692562,5.618358943700528,300.1833345777963,54.804714496094476,23.0,177.1701179153157,2.4250746349692562,5.618358943700528,361.7303702694797,61.86296722778594,82.40831386454644,177.1701179153157,2.4250746349692562,5.618358943700528,361.7303702694797,61.86296722778594,23.0,177.1701179153157,2.4250746349692562,5.618358943700528
2026-04-30 11:34:21,117,main_loop,0,P1,300.18255615234375,54.81377029418945,22.999664306640625,177.17015075683594,2.425555467605591,5.619572639465332,300.18255615234375,54.81377029418945,22.999664306640625,177.17015075683594,2.425555467605591,5.619572639465332,367.37669210526326,-5.837919894893826,82.40831386454644,-2.428032023761371,-2.827345605316279,-84.26180324923357,307.67293822213287,-19.728631388565613,82.40831386454644,177.1701179153157,2.4250746349692562,5.618358943700528,307.67293822213287,-19.728631388565613,23.0,177.1701179153157,2.4250746349692562,5.618358943700528,300.1833345777963,54.804714496094476,82.40831386454644,177.1701179153157,2.4250746349692562,5.618358943700528,300.1833345777963,54.804714496094476,23.0,177.1701179153157,2.4250746349692562,5.618358943700528,361.7303702694797,61.86296722778594,82.40831386454644,177.1701179153157,2.4250746349692562,5.618358943700528,361.7303702694797,61.86296722778594,23.0,177.1701179153157,2.4250746349692562,5.618358943700528
2026-04-30 11:34:21,118,main_loop,0,P1,300.18255615234375,54.81377029418945,22.999664306640625,177.17015075683594,2.425555467605591,5.619572639465332,300.18255615234375,54.81377029418945,22.999664306640625,177.17015075683594,2.425555467605591,5.619572639465332,367.37669210526326,-5.837919894893826,82.40831386454644,-2.428032023761371,-2.827345605316279,-84.26180324923357,307.67293822213287,-19.728631388565613,82.40831386454644,177.1701179153157,2.4250746349692562,5.618358943700528,307.67293822213287,-19.728631388565613,23.0,177.1701179153157,2.4250746349692562,5.618358943700528,300.1833345777963,54.804714496094476,82.40831386454644,177.1701179153157,2.4250746349692562,5.618358943700528,300.1833345777963,54.804714496094476,23.0,177.1701179153157,2.4250746349692562,5.618358943700528,361.7303702694797,61.86296722778594,82.40831386454644,177.1701179153157,2.4250746349692562,5.618358943700528,361.7303702694797,61.86296722778594,23.0,177.1701179153157,2.4250746349692562,5.618358943700528
2026-04-30 11:34:21,119,main_loop,0,P1,300.18255615234375,54.81377029418945,22.999664306640625,177.17015075683594,2.425555467605591,5.619572639465332,300.18255615234375,54.81377029418945,22.999664306640625,177.17015075683594,2.425555467605591,5.619572639465332,367.37669210526326,-5.837919894893826,82.40831386454644,-2.428032023761371,-2.827345605316279,-84.26180324923357,307.67293822213287,-19.728631388565613,82.40831386454644,177.1701179153157,2.4250746349692562,5.618358943700528,307.67293822213287,-19.728631388565613,23.0,177.1701179153157,2.4250746349692562,5.618358943700528,300.1833345777963,54.804714496094476,82.40831386454644,177.1701179153157,2.4250746349692562,5.618358943700528,300.1833345777963,54.804714496094476,23.0,177.1701179153157,2.4250746349692562,5.618358943700528,361.7303702694797,61.86296722778594,82.40831386454644,177.1701179153157,2.4250746349692562,5.618358943700528,361.7303702694797,61.86296722778594,23.0,177.1701179153157,2.4250746349692562,5.618358943700528
2026-04-30 11:34:21,120,main_loop,0,P1,300.18255615234375,54.81377029418945,22.999664306640625,177.17015075683594,2.425555467605591,5.619572639465332,300.18255615234375,54.81377029418945,22.999664306640625,177.17015075683594,2.425555467605591,5.619572639465332,367.37669210526326,-5.837919894893826,82.40831386454644,-2.428032023761371,-2.827345605316279,-84.26180324923357,307.67293822213287,-19.728631388565613,82.40831386454644,177.1701179153157,2.4250746349692562,5.618358943700528,307.67293822213287,-19.728631388565613,23.0,177.1701179153157,2.4250746349692562,5.618358943700528,300.1833345777963,54.804714496094476,82.40831386454644,177.1701179153157,2.4250746349692562,5.618358943700528,300.1833345777963,54.804714496094476,23.0,177.1701179153157,2.4250746349692562,5.618358943700528,361.7303702694797,61.86296722778594,82.40831386454644,177.1701179153157,2.4250746349692562,5.618358943700528,361.7303702694797,61.86296722778594,23.0,177.1701179153157,2.4250746349692562,5.618358943700528
2026-04-30 11:34:21,121,main_loop,0,P1,300.182861328125,54.811893463134766,22.999664306640625,177.17015075683594,2.425555467605591,5.619212627410889,300.182861328125,54.811893463134766,22.999664306640625,177.17015075683594,2.425555467605591,5.619212627410889,367.37669210526326,-5.837919894893826,82.40831386454644,-2.428032023761371,-2.827345605316279,-84.26180324923357,307.67293822213287,-19.728631388565613,82.40831386454644,177.1701179153157,2.4250746349692562,5.618358943700528,307.67293822213287,-19.728631388565613,23.0,177.1701179153157,2.4250746349692562,5.618358943700528,300.1833345777963,54.804714496094476,82.40831386454644,177.1701179153157,2.4250746349692562,5.618358943700528,300.1833345777963,54.804714496094476,23.0,177.1701179153157,2.4250746349692562,5.618358943700528,361.7303702694797,61.86296722778594,82.40831386454644,177.1701179153157,2.4250746349692562,5.618358943700528,361.7303702694797,61.86296722778594,23.0,177.1701179153157,2.4250746349692562,5.618358943700528
2026-04-30 11:34:21,122,main_loop,0,P1,300.182861328125,54.811893463134766,22.999664306640625,177.17015075683594,2.425555467605591,5.619212627410889,300.182861328125,54.811893463134766,22.999664306640625,177.17015075683594,2.425555467605591,5.619212627410889,367.37669210526326,-5.837919894893826,82.40831386454644,-2.428032023761371,-2.827345605316279,-84.26180324923357,307.67293822213287,-19.728631388565613,82.40831386454644,177.1701179153157,2.4250746349692562,5.618358943700528,307.67293822213287,-19.728631388565613,23.0,177.1701179153157,2.4250746349692562,5.618358943700528,300.1833345777963,54.804714496094476,82.40831386454644,177.1701179153157,2.4250746349692562,5.618358943700528,300.1833345777963,54.804714496094476,23.0,177.1701179153157,2.4250746349692562,5.618358943700528,361.7303702694797,61.86296722778594,82.40831386454644,177.1701179153157,2.4250746349692562,5.618358943700528,361.7303702694797,61.86296722778594,23.0,177.1701179153157,2.4250746349692562,5.618358943700528
2026-04-30 11:34:21,123,main_loop,0,P1,300.1806945800781,54.81034851074219,22.99725341796875,177.1699676513672,2.4258639812469482,5.619205474853516,300.1806945800781,54.81034851074219,22.99725341796875,177.1699676513672,2.4258639812469482,5.619205474853516,367.37669210526326,-5.837919894893826,82.40831386454644,-2.428032023761371,-2.827345605316279,-84.26180324923357,307.67293822213287,-19.728631388565613,82.40831386454644,177.1701179153157,2.4250746349692562,5.618358943700528,307.67293822213287,-19.728631388565613,23.0,177.1701179153157,2.4250746349692562,5.618358943700528,300.1833345777963,54.804714496094476,82.40831386454644,177.1701179153157,2.4250746349692562,5.618358943700528,300.1833345777963,54.804714496094476,23.0,177.1701179153157,2.4250746349692562,5.618358943700528,361.7303702694797,61.86296722778594,82.40831386454644,177.1701179153157,2.4250746349692562,5.618358943700528,361.7303702694797,61.86296722778594,23.0,177.1701179153157,2.4250746349692562,5.618358943700528
2026-04-30 11:34:21,124,main_loop,0,P1,300.1806945800781,54.81034851074219,22.99725341796875,177.1699676513672,2.4258639812469482,5.619205474853516,300.1806945800781,54.81034851074219,22.99725341796875,177.1699676513672,2.4258639812469482,5.619205474853516,367.37669210526326,-5.837919894893826,82.40831386454644,-2.428032023761371,-2.827345605316279,-84.26180324923357,307.67293822213287,-19.728631388565613,82.40831386454644,177.1701179153157,2.4250746349692562,5.618358943700528,307.67293822213287,-19.728631388565613,23.0,177.1701179153157,2.4250746349692562,5.618358943700528,300.1833345777963,54.804714496094476,82.40831386454644,177.1701179153157,2.4250746349692562,5.618358943700528,300.1833345777963,54.804714496094476,23.0,177.1701179153157,2.4250746349692562,5.618358943700528,361.7303702694797,61.86296722778594,82.40831386454644,177.1701179153157,2.4250746349692562,5.618358943700528,361.7303702694797,61.86296722778594,23.0,177.1701179153157,2.4250746349692562,5.618358943700528
2026-04-30 11:34:22,125,main_loop,0,P1,300.1806945800781,54.81034851074219,22.99725341796875,177.1699676513672,2.4258639812469482,5.619205474853516,300.1806945800781,54.81034851074219,22.99725341796875,177.1699676513672,2.4258639812469482,5.619205474853516,367.37669210526326,-5.837919894893826,82.40831386454644,-2.428032023761371,-2.827345605316279,-84.26180324923357,307.67293822213287,-19.728631388565613,82.40831386454644,177.1701179153157,2.4250746349692562,5.618358943700528,307.67293822213287,-19.728631388565613,23.0,177.1701179153157,2.4250746349692562,5.618358943700528,300.1833345777963,54.804714496094476,82.40831386454644,177.1701179153157,2.4250746349692562,5.618358943700528,300.1833345777963,54.804714496094476,23.0,177.1701179153157,2.4250746349692562,5.618358943700528,361.7303702694797,61.86296722778594,82.40831386454644,177.1701179153157,2.4250746349692562,5.618358943700528,361.7303702694797,61.86296722778594,23.0,177.1701179153157,2.4250746349692562,5.618358943700528
2026-04-30 11:34:22,126,main_loop,0,P1,300.1806945800781,54.81034851074219,22.99725341796875,177.1699676513672,2.4258639812469482,5.619205474853516,300.1806945800781,54.81034851074219,22.99725341796875,177.1699676513672,2.4258639812469482,5.619205474853516,367.37669210526326,-5.837919894893826,82.40831386454644,-2.428032023761371,-2.827345605316279,-84.26180324923357,307.67293822213287,-19.728631388565613,82.40831386454644,177.1701179153157,2.4250746349692562,5.618358943700528,307.67293822213287,-19.728631388565613,23.0,177.1701179153157,2.4250746349692562,5.618358943700528,300.1833345777963,54.804714496094476,82.40831386454644,177.1701179153157,2.4250746349692562,5.618358943700528,300.1833345777963,54.804714496094476,23.0,177.1701179153157,2.4250746349692562,5.618358943700528,361.7303702694797,61.86296722778594,82.40831386454644,177.1701179153157,2.4250746349692562,5.618358943700528,361.7303702694797,61.86296722778594,23.0,177.1701179153157,2.4250746349692562,5.618358943700528
2026-04-30 11:34:22,127,main_loop,-1,P1,,,,,,,,,,,,,367.37669210526326,-5.837919894893826,82.40831386454644,-2.428032023761371,-2.827345605316279,-84.26180324923357,307.67293822213287,-19.728631388565613,82.40831386454644,177.1701179153157,2.4250746349692562,5.618358943700528,307.67293822213287,-19.728631388565613,23.0,177.1701179153157,2.4250746349692562,5.618358943700528,300.1833345777963,54.804714496094476,82.40831386454644,177.1701179153157,2.4250746349692562,5.618358943700528,300.1833345777963,54.804714496094476,23.0,177.1701179153157,2.4250746349692562,5.618358943700528,361.7303702694797,61.86296722778594,82.40831386454644,177.1701179153157,2.4250746349692562,5.618358943700528,361.7303702694797,61.86296722778594,23.0,177.1701179153157,2.4250746349692562,5.618358943700528
2026-04-30 11:34:23,128,wait_for_arrival,0,P1,300.1816711425781,54.80890655517578,22.998992919921875,177.17015075683594,2.4255552291870117,5.61885404586792,300.1816711425781,54.80890655517578,22.998992919921875,177.17015075683594,2.4255552291870117,5.61885404586792,367.37669210526326,-5.837919894893826,82.40831386454644,-2.428032023761371,-2.827345605316279,-84.26180324923357,307.67293822213287,-19.728631388565613,82.40831386454644,177.1701179153157,2.4250746349692562,5.618358943700528,307.67293822213287,-19.728631388565613,23.0,177.1701179153157,2.4250746349692562,5.618358943700528,300.1833345777963,54.804714496094476,82.40831386454644,177.1701179153157,2.4250746349692562,5.618358943700528,300.1833345777963,54.804714496094476,23.0,177.1701179153157,2.4250746349692562,5.618358943700528,361.7303702694797,61.86296722778594,82.40831386454644,177.1701179153157,2.4250746349692562,5.618358943700528,361.7303702694797,61.86296722778594,23.0,177.1701179153157,2.4250746349692562,5.618358943700528
2026-04-30 11:34:23,129,wait_for_arrival,0,P1,300.1816711425781,54.80890655517578,22.998992919921875,177.17015075683594,2.4255552291870117,5.61885404586792,300.1816711425781,54.80890655517578,22.998992919921875,177.17015075683594,2.4255552291870117,5.61885404586792,367.37669210526326,-5.837919894893826,82.40831386454644,-2.428032023761371,-2.827345605316279,-84.26180324923357,307.67293822213287,-19.728631388565613,82.40831386454644,177.1701179153157,2.4250746349692562,5.618358943700528,307.67293822213287,-19.728631388565613,23.0,177.1701179153157,2.4250746349692562,5.618358943700528,300.1833345777963,54.804714496094476,82.40831386454644,177.1701179153157,2.4250746349692562,5.618358943700528,300.1833345777963,54.804714496094476,23.0,177.1701179153157,2.4250746349692562,5.618358943700528,361.7303702694797,61.86296722778594,82.40831386454644,177.1701179153157,2.4250746349692562,5.618358943700528,361.7303702694797,61.86296722778594,23.0,177.1701179153157,2.4250746349692562,5.618358943700528
2026-04-30 11:34:23,130,wait_for_arrival,0,P1,300.1816711425781,54.80890655517578,22.998992919921875,177.17015075683594,2.4255552291870117,5.61885404586792,300.1816711425781,54.80890655517578,22.998992919921875,177.17015075683594,2.4255552291870117,5.61885404586792,367.37669210526326,-5.837919894893826,82.40831386454644,-2.428032023761371,-2.827345605316279,-84.26180324923357,307.67293822213287,-19.728631388565613,82.40831386454644,177.1701179153157,2.4250746349692562,5.618358943700528,307.67293822213287,-19.728631388565613,23.0,177.1701179153157,2.4250746349692562,5.618358943700528,300.1833345777963,54.804714496094476,82.40831386454644,177.1701179153157,2.4250746349692562,5.618358943700528,300.1833345777963,54.804714496094476,23.0,177.1701179153157,2.4250746349692562,5.618358943700528,361.7303702694797,61.86296722778594,82.40831386454644,177.1701179153157,2.4250746349692562,5.618358943700528,361.7303702694797,61.86296722778594,23.0,177.1701179153157,2.4250746349692562,5.618358943700528
2026-04-30 11:34:23,131,wait_for_arrival,0,P1,300.1816711425781,54.80890655517578,22.998992919921875,177.17015075683594,2.4255552291870117,5.61885404586792,300.1816711425781,54.80890655517578,22.998992919921875,177.17015075683594,2.4255552291870117,5.61885404586792,367.37669210526326,-5.837919894893826,82.40831386454644,-2.428032023761371,-2.827345605316279,-84.26180324923357,307.67293822213287,-19.728631388565613,82.40831386454644,177.1701179153157,2.4250746349692562,5.618358943700528,307.67293822213287,-19.728631388565613,23.0,177.1701179153157,2.4250746349692562,5.618358943700528,300.1833345777963,54.804714496094476,82.40831386454644,177.1701179153157,2.4250746349692562,5.618358943700528,300.1833345777963,54.804714496094476,23.0,177.1701179153157,2.4250746349692562,5.618358943700528,361.7303702694797,61.86296722778594,82.40831386454644,177.1701179153157,2.4250746349692562,5.618358943700528,361.7303702694797,61.86296722778594,23.0,177.1701179153157,2.4250746349692562,5.618358943700528
2026-04-30 11:34:24,132,wait_for_arrival,0,P1,306.4715881347656,55.95411682128906,23.647735595703125,177.1667022705078,2.4350438117980957,5.618408203125,306.4715881347656,55.95411682128906,23.647735595703125,177.1667022705078,2.4350438117980957,5.618408203125,367.37669210526326,-5.837919894893826,82.40831386454644,-2.428032023761371,-2.827345605316279,-84.26180324923357,307.67293822213287,-19.728631388565613,82.40831386454644,177.1701179153157,2.4250746349692562,5.618358943700528,307.67293822213287,-19.728631388565613,23.0,177.1701179153157,2.4250746349692562,5.618358943700528,300.1833345777963,54.804714496094476,82.40831386454644,177.1701179153157,2.4250746349692562,5.618358943700528,300.1833345777963,54.804714496094476,23.0,177.1701179153157,2.4250746349692562,5.618358943700528,361.7303702694797,61.86296722778594,82.40831386454644,177.1701179153157,2.4250746349692562,5.618358943700528,361.7303702694797,61.86296722778594,23.0,177.1701179153157,2.4250746349692562,5.618358943700528
2026-04-30 11:34:24,133,wait_for_arrival,0,P1,306.4715881347656,55.95411682128906,23.647735595703125,177.1667022705078,2.4350438117980957,5.618408203125,306.4715881347656,55.95411682128906,23.647735595703125,177.1667022705078,2.4350438117980957,5.618408203125,367.37669210526326,-5.837919894893826,82.40831386454644,-2.428032023761371,-2.827345605316279,-84.26180324923357,307.67293822213287,-19.728631388565613,82.40831386454644,177.1701179153157,2.4250746349692562,5.618358943700528,307.67293822213287,-19.728631388565613,23.0,177.1701179153157,2.4250746349692562,5.618358943700528,300.1833345777963,54.804714496094476,82.40831386454644,177.1701179153157,2.4250746349692562,5.618358943700528,300.1833345777963,54.804714496094476,23.0,177.1701179153157,2.4250746349692562,5.618358943700528,361.7303702694797,61.86296722778594,82.40831386454644,177.1701179153157,2.4250746349692562,5.618358943700528,361.7303702694797,61.86296722778594,23.0,177.1701179153157,2.4250746349692562,5.618358943700528
2026-04-30 11:34:24,134,wait_for_arrival,0,P1,334.5228271484375,59.86785888671875,24.79736328125,177.1727752685547,2.423985242843628,5.619222640991211,334.5228271484375,59.86785888671875,24.79736328125,177.1727752685547,2.423985242843628,5.619222640991211,367.37669210526326,-5.837919894893826,82.40831386454644,-2.428032023761371,-2.827345605316279,-84.26180324923357,307.67293822213287,-19.728631388565613,82.40831386454644,177.1701179153157,2.4250746349692562,5.618358943700528,307.67293822213287,-19.728631388565613,23.0,177.1701179153157,2.4250746349692562,5.618358943700528,300.1833345777963,54.804714496094476,82.40831386454644,177.1701179153157,2.4250746349692562,5.618358943700528,300.1833345777963,54.804714496094476,23.0,177.1701179153157,2.4250746349692562,5.618358943700528,361.7303702694797,61.86296722778594,82.40831386454644,177.1701179153157,2.4250746349692562,5.618358943700528,361.7303702694797,61.86296722778594,23.0,177.1701179153157,2.4250746349692562,5.618358943700528
2026-04-30 11:34:24,135,wait_for_arrival,0,P1,335.8213195800781,60.00567626953125,24.78155517578125,177.17308044433594,2.422597885131836,5.615999221801758,335.8213195800781,60.00567626953125,24.78155517578125,177.17308044433594,2.422597885131836,5.615999221801758,367.37669210526326,-5.837919894893826,82.40831386454644,-2.428032023761371,-2.827345605316279,-84.26180324923357,307.67293822213287,-19.728631388565613,82.40831386454644,177.1701179153157,2.4250746349692562,5.618358943700528,307.67293822213287,-19.728631388565613,23.0,177.1701179153157,2.4250746349692562,5.618358943700528,300.1833345777963,54.804714496094476,82.40831386454644,177.1701179153157,2.4250746349692562,5.618358943700528,300.1833345777963,54.804714496094476,23.0,177.1701179153157,2.4250746349692562,5.618358943700528,361.7303702694797,61.86296722778594,82.40831386454644,177.1701179153157,2.4250746349692562,5.618358943700528,361.7303702694797,61.86296722778594,23.0,177.1701179153157,2.4250746349692562,5.618358943700528
2026-04-30 11:34:25,136,wait_for_arrival,0,P1,335.8213195800781,60.00567626953125,24.78155517578125,177.17308044433594,2.422597885131836,5.615999221801758,335.8213195800781,60.00567626953125,24.78155517578125,177.17308044433594,2.422597885131836,5.615999221801758,367.37669210526326,-5.837919894893826,82.40831386454644,-2.428032023761371,-2.827345605316279,-84.26180324923357,307.67293822213287,-19.728631388565613,82.40831386454644,177.1701179153157,2.4250746349692562,5.618358943700528,307.67293822213287,-19.728631388565613,23.0,177.1701179153157,2.4250746349692562,5.618358943700528,300.1833345777963,54.804714496094476,82.40831386454644,177.1701179153157,2.4250746349692562,5.618358943700528,300.1833345777963,54.804714496094476,23.0,177.1701179153157,2.4250746349692562,5.618358943700528,361.7303702694797,61.86296722778594,82.40831386454644,177.1701179153157,2.4250746349692562,5.618358943700528,361.7303702694797,61.86296722778594,23.0,177.1701179153157,2.4250746349692562,5.618358943700528
2026-04-30 11:34:25,137,wait_for_arrival,0,P1,361.2886962890625,61.844573974609375,23.039794921875,177.16891479492188,2.4263041019439697,5.617093086242676,361.2886962890625,61.844573974609375,23.039794921875,177.16891479492188,2.4263041019439697,5.617093086242676,367.37669210526326,-5.837919894893826,82.40831386454644,-2.428032023761371,-2.827345605316279,-84.26180324923357,307.67293822213287,-19.728631388565613,82.40831386454644,177.1701179153157,2.4250746349692562,5.618358943700528,307.67293822213287,-19.728631388565613,23.0,177.1701179153157,2.4250746349692562,5.618358943700528,300.1833345777963,54.804714496094476,82.40831386454644,177.1701179153157,2.4250746349692562,5.618358943700528,300.1833345777963,54.804714496094476,23.0,177.1701179153157,2.4250746349692562,5.618358943700528,361.7303702694797,61.86296722778594,82.40831386454644,177.1701179153157,2.4250746349692562,5.618358943700528,361.7303702694797,61.86296722778594,23.0,177.1701179153157,2.4250746349692562,5.618358943700528
2026-04-30 11:34:25,138,wait_for_arrival,0,P1,361.6254577636719,61.8547248840332,23.00030517578125,177.16856384277344,2.426511764526367,5.61592960357666,361.6254577636719,61.8547248840332,23.00030517578125,177.16856384277344,2.426511764526367,5.61592960357666,367.37669210526326,-5.837919894893826,82.40831386454644,-2.428032023761371,-2.827345605316279,-84.26180324923357,307.67293822213287,-19.728631388565613,82.40831386454644,177.1701179153157,2.4250746349692562,5.618358943700528,307.67293822213287,-19.728631388565613,23.0,177.1701179153157,2.4250746349692562,5.618358943700528,300.1833345777963,54.804714496094476,82.40831386454644,177.1701179153157,2.4250746349692562,5.618358943700528,300.1833345777963,54.804714496094476,23.0,177.1701179153157,2.4250746349692562,5.618358943700528,361.7303702694797,61.86296722778594,82.40831386454644,177.1701179153157,2.4250746349692562,5.618358943700528,361.7303702694797,61.86296722778594,23.0,177.1701179153157,2.4250746349692562,5.618358943700528
2026-04-30 11:34:25,139,main_loop,0,P1,361.7376403808594,61.85293960571289,22.989776611328125,177.16883850097656,2.4260880947113037,5.617249488830566,361.7376403808594,61.85293960571289,22.989776611328125,177.16883850097656,2.4260880947113037,5.617249488830566,367.37669210526326,-5.837919894893826,82.40831386454644,-2.428032023761371,-2.827345605316279,-84.26180324923357,307.67293822213287,-19.728631388565613,82.40831386454644,177.1701179153157,2.4250746349692562,5.618358943700528,307.67293822213287,-19.728631388565613,23.0,177.1701179153157,2.4250746349692562,5.618358943700528,300.1833345777963,54.804714496094476,82.40831386454644,177.1701179153157,2.4250746349692562,5.618358943700528,300.1833345777963,54.804714496094476,23.0,177.1701179153157,2.4250746349692562,5.618358943700528,361.7303702694797,61.86296722778594,82.40831386454644,177.1701179153157,2.4250746349692562,5.618358943700528,361.7303702694797,61.86296722778594,23.0,177.1701179153157,2.4250746349692562,5.618358943700528
2026-04-30 11:34:26,140,wait_for_arrival,0,P1,361.739013671875,61.85377502441406,23.003814697265625,177.16966247558594,2.42434024810791,5.617286682128906,361.739013671875,61.85377502441406,23.003814697265625,177.16966247558594,2.42434024810791,5.617286682128906,367.37669210526326,-5.837919894893826,82.40831386454644,-2.428032023761371,-2.827345605316279,-84.26180324923357,307.67293822213287,-19.728631388565613,82.40831386454644,177.1701179153157,2.4250746349692562,5.618358943700528,307.67293822213287,-19.728631388565613,23.0,177.1701179153157,2.4250746349692562,5.618358943700528,300.1833345777963,54.804714496094476,82.40831386454644,177.1701179153157,2.4250746349692562,5.618358943700528,300.1833345777963,54.804714496094476,23.0,177.1701179153157,2.4250746349692562,5.618358943700528,361.7303702694797,61.86296722778594,82.40831386454644,177.1701179153157,2.4250746349692562,5.618358943700528,361.7303702694797,61.86296722778594,23.0,177.1701179153157,2.4250746349692562,5.618358943700528
2026-04-30 11:34:26,141,wait_for_arrival,0,P1,361.740966796875,61.854923248291016,23.010223388671875,177.1701202392578,2.423369884490967,5.617305755615234,361.740966796875,61.854923248291016,23.010223388671875,177.1701202392578,2.423369884490967,5.617305755615234,367.37669210526326,-5.837919894893826,82.40831386454644,-2.428032023761371,-2.827345605316279,-84.26180324923357,307.67293822213287,-19.728631388565613,82.40831386454644,177.1701179153157,2.4250746349692562,5.618358943700528,307.67293822213287,-19.728631388565613,23.0,177.1701179153157,2.4250746349692562,5.618358943700528,300.1833345777963,54.804714496094476,82.40831386454644,177.1701179153157,2.4250746349692562,5.618358943700528,300.1833345777963,54.804714496094476,23.0,177.1701179153157,2.4250746349692562,5.618358943700528,361.7303702694797,61.86296722778594,82.40831386454644,177.1701179153157,2.4250746349692562,5.618358943700528,361.7303702694797,61.86296722778594,23.0,177.1701179153157,2.4250746349692562,5.618358943700528
2026-04-30 11:34:26,142,main_loop,0,P1,361.7416076660156,61.855316162109375,23.012359619140625,177.17027282714844,2.423048973083496,5.617314338684082,361.7416076660156,61.855316162109375,23.012359619140625,177.17027282714844,2.423048973083496,5.617314338684082,367.37669210526326,-5.837919894893826,82.40831386454644,-2.428032023761371,-2.827345605316279,-84.26180324923357,307.67293822213287,-19.728631388565613,82.40831386454644,177.1701179153157,2.4250746349692562,5.618358943700528,307.67293822213287,-19.728631388565613,23.0,177.1701179153157,2.4250746349692562,5.618358943700528,300.1833345777963,54.804714496094476,82.40831386454644,177.1701179153157,2.4250746349692562,5.618358943700528,300.1833345777963,54.804714496094476,23.0,177.1701179153157,2.4250746349692562,5.618358943700528,361.7303702694797,61.86296722778594,82.40831386454644,177.1701179153157,2.4250746349692562,5.618358943700528,361.7303702694797,61.86296722778594,23.0,177.1701179153157,2.4250746349692562,5.618358943700528
2026-04-30 11:34:27,143,main_loop,0,P1,361.7416076660156,61.855316162109375,23.012359619140625,177.17027282714844,2.423048973083496,5.617314338684082,361.7416076660156,61.855316162109375,23.012359619140625,177.17027282714844,2.423048973083496,5.617314338684082,367.37669210526326,-5.837919894893826,82.40831386454644,-2.428032023761371,-2.827345605316279,-84.26180324923357,307.67293822213287,-19.728631388565613,82.40831386454644,177.1701179153157,2.4250746349692562,5.618358943700528,307.67293822213287,-19.728631388565613,23.0,177.1701179153157,2.4250746349692562,5.618358943700528,300.1833345777963,54.804714496094476,82.40831386454644,177.1701179153157,2.4250746349692562,5.618358943700528,300.1833345777963,54.804714496094476,23.0,177.1701179153157,2.4250746349692562,5.618358943700528,361.7303702694797,61.86296722778594,82.40831386454644,177.1701179153157,2.4250746349692562,5.618358943700528,361.7303702694797,61.86296722778594,23.0,177.1701179153157,2.4250746349692562,5.618358943700528
2026-04-30 11:34:27,144,main_loop,0,P1,361.7416076660156,61.855316162109375,23.012359619140625,177.17027282714844,2.423048973083496,5.617314338684082,361.7416076660156,61.855316162109375,23.012359619140625,177.17027282714844,2.423048973083496,5.617314338684082,367.37669210526326,-5.837919894893826,82.40831386454644,-2.428032023761371,-2.827345605316279,-84.26180324923357,307.67293822213287,-19.728631388565613,82.40831386454644,177.1701179153157,2.4250746349692562,5.618358943700528,307.67293822213287,-19.728631388565613,23.0,177.1701179153157,2.4250746349692562,5.618358943700528,300.1833345777963,54.804714496094476,82.40831386454644,177.1701179153157,2.4250746349692562,5.618358943700528,300.1833345777963,54.804714496094476,23.0,177.1701179153157,2.4250746349692562,5.618358943700528,361.7303702694797,61.86296722778594,82.40831386454644,177.1701179153157,2.4250746349692562,5.618358943700528,361.7303702694797,61.86296722778594,23.0,177.1701179153157,2.4250746349692562,5.618358943700528
2026-04-30 11:34:27,145,main_loop,0,P1,361.7416076660156,61.855316162109375,23.012359619140625,177.17027282714844,2.423048973083496,5.617314338684082,361.7416076660156,61.855316162109375,23.012359619140625,177.17027282714844,2.423048973083496,5.617314338684082,367.37669210526326,-5.837919894893826,82.40831386454644,-2.428032023761371,-2.827345605316279,-84.26180324923357,307.67293822213287,-19.728631388565613,82.40831386454644,177.1701179153157,2.4250746349692562,5.618358943700528,307.67293822213287,-19.728631388565613,23.0,177.1701179153157,2.4250746349692562,5.618358943700528,300.1833345777963,54.804714496094476,82.40831386454644,177.1701179153157,2.4250746349692562,5.618358943700528,300.1833345777963,54.804714496094476,23.0,177.1701179153157,2.4250746349692562,5.618358943700528,361.7303702694797,61.86296722778594,82.40831386454644,177.1701179153157,2.4250746349692562,5.618358943700528,361.7303702694797,61.86296722778594,23.0,177.1701179153157,2.4250746349692562,5.618358943700528
2026-04-30 11:34:28,146,main_loop,-1,P1,,,,,,,,,,,,,367.37669210526326,-5.837919894893826,82.40831386454644,-2.428032023761371,-2.827345605316279,-84.26180324923357,307.67293822213287,-19.728631388565613,82.40831386454644,177.1701179153157,2.4250746349692562,5.618358943700528,307.67293822213287,-19.728631388565613,23.0,177.1701179153157,2.4250746349692562,5.618358943700528,300.1833345777963,54.804714496094476,82.40831386454644,177.1701179153157,2.4250746349692562,5.618358943700528,300.1833345777963,54.804714496094476,23.0,177.1701179153157,2.4250746349692562,5.618358943700528,361.7303702694797,61.86296722778594,82.40831386454644,177.1701179153157,2.4250746349692562,5.618358943700528,361.7303702694797,61.86296722778594,23.0,177.1701179153157,2.4250746349692562,5.618358943700528
2026-04-30 11:34:28,147,main_loop,-1,P1,,,,,,,,,,,,,367.37669210526326,-5.837919894893826,82.40831386454644,-2.428032023761371,-2.827345605316279,-84.26180324923357,307.67293822213287,-19.728631388565613,82.40831386454644,177.1701179153157,2.4250746349692562,5.618358943700528,307.67293822213287,-19.728631388565613,23.0,177.1701179153157,2.4250746349692562,5.618358943700528,300.1833345777963,54.804714496094476,82.40831386454644,177.1701179153157,2.4250746349692562,5.618358943700528,300.1833345777963,54.804714496094476,23.0,177.1701179153157,2.4250746349692562,5.618358943700528,361.7303702694797,61.86296722778594,82.40831386454644,177.1701179153157,2.4250746349692562,5.618358943700528,361.7303702694797,61.86296722778594,23.0,177.1701179153157,2.4250746349692562,5.618358943700528
2026-04-30 11:34:28,148,main_loop,-1,P1,,,,,,,,,,,,,367.37669210526326,-5.837919894893826,82.40831386454644,-2.428032023761371,-2.827345605316279,-84.26180324923357,307.67293822213287,-19.728631388565613,82.40831386454644,177.1701179153157,2.4250746349692562,5.618358943700528,307.67293822213287,-19.728631388565613,23.0,177.1701179153157,2.4250746349692562,5.618358943700528,300.1833345777963,54.804714496094476,82.40831386454644,177.1701179153157,2.4250746349692562,5.618358943700528,300.1833345777963,54.804714496094476,23.0,177.1701179153157,2.4250746349692562,5.618358943700528,361.7303702694797,61.86296722778594,82.40831386454644,177.1701179153157,2.4250746349692562,5.618358943700528,361.7303702694797,61.86296722778594,23.0,177.1701179153157,2.4250746349692562,5.618358943700528
2026-04-30 11:34:29,149,main_loop,-1,P1,,,,,,,,,,,,,367.37669210526326,-5.837919894893826,82.40831386454644,-2.428032023761371,-2.827345605316279,-84.26180324923357,307.67293822213287,-19.728631388565613,82.40831386454644,177.1701179153157,2.4250746349692562,5.618358943700528,307.67293822213287,-19.728631388565613,23.0,177.1701179153157,2.4250746349692562,5.618358943700528,300.1833345777963,54.804714496094476,82.40831386454644,177.1701179153157,2.4250746349692562,5.618358943700528,300.1833345777963,54.804714496094476,23.0,177.1701179153157,2.4250746349692562,5.618358943700528,361.7303702694797,61.86296722778594,82.40831386454644,177.1701179153157,2.4250746349692562,5.618358943700528,361.7303702694797,61.86296722778594,23.0,177.1701179153157,2.4250746349692562,5.618358943700528
2026-04-30 11:34:30,150,wait_for_arrival,0,P1,361.7385559082031,61.865257263183594,23.01226806640625,177.1707763671875,2.4232871532440186,5.618372440338135,361.7385559082031,61.865257263183594,23.01226806640625,177.1707763671875,2.4232871532440186,5.618372440338135,367.37669210526326,-5.837919894893826,82.40831386454644,-2.428032023761371,-2.827345605316279,-84.26180324923357,307.67293822213287,-19.728631388565613,82.40831386454644,177.1701179153157,2.4250746349692562,5.618358943700528,307.67293822213287,-19.728631388565613,23.0,177.1701179153157,2.4250746349692562,5.618358943700528,300.1833345777963,54.804714496094476,82.40831386454644,177.1701179153157,2.4250746349692562,5.618358943700528,300.1833345777963,54.804714496094476,23.0,177.1701179153157,2.4250746349692562,5.618358943700528,361.7303702694797,61.86296722778594,82.40831386454644,177.1701179153157,2.4250746349692562,5.618358943700528,361.7303702694797,61.86296722778594,23.0,177.1701179153157,2.4250746349692562,5.618358943700528
2026-04-30 11:34:30,151,wait_for_arrival,0,P1,361.7385559082031,61.865257263183594,23.01226806640625,177.1707763671875,2.4232871532440186,5.618372440338135,361.7385559082031,61.865257263183594,23.01226806640625,177.1707763671875,2.4232871532440186,5.618372440338135,367.37669210526326,-5.837919894893826,82.40831386454644,-2.428032023761371,-2.827345605316279,-84.26180324923357,307.67293822213287,-19.728631388565613,82.40831386454644,177.1701179153157,2.4250746349692562,5.618358943700528,307.67293822213287,-19.728631388565613,23.0,177.1701179153157,2.4250746349692562,5.618358943700528,300.1833345777963,54.804714496094476,82.40831386454644,177.1701179153157,2.4250746349692562,5.618358943700528,300.1833345777963,54.804714496094476,23.0,177.1701179153157,2.4250746349692562,5.618358943700528,361.7303702694797,61.86296722778594,82.40831386454644,177.1701179153157,2.4250746349692562,5.618358943700528,361.7303702694797,61.86296722778594,23.0,177.1701179153157,2.4250746349692562,5.618358943700528
2026-04-30 11:34:30,152,wait_for_arrival,0,P1,361.7385559082031,61.865257263183594,23.01226806640625,177.1707763671875,2.4232871532440186,5.618372440338135,361.7385559082031,61.865257263183594,23.01226806640625,177.1707763671875,2.4232871532440186,5.618372440338135,367.37669210526326,-5.837919894893826,82.40831386454644,-2.428032023761371,-2.827345605316279,-84.26180324923357,307.67293822213287,-19.728631388565613,82.40831386454644,177.1701179153157,2.4250746349692562,5.618358943700528,307.67293822213287,-19.728631388565613,23.0,177.1701179153157,2.4250746349692562,5.618358943700528,300.1833345777963,54.804714496094476,82.40831386454644,177.1701179153157,2.4250746349692562,5.618358943700528,300.1833345777963,54.804714496094476,23.0,177.1701179153157,2.4250746349692562,5.618358943700528,361.7303702694797,61.86296722778594,82.40831386454644,177.1701179153157,2.4250746349692562,5.618358943700528,361.7303702694797,61.86296722778594,23.0,177.1701179153157,2.4250746349692562,5.618358943700528
2026-04-30 11:34:30,153,wait_for_arrival,0,P1,361.7385559082031,61.865257263183594,23.01226806640625,177.1707763671875,2.4232871532440186,5.618372440338135,361.7385559082031,61.865257263183594,23.01226806640625,177.1707763671875,2.4232871532440186,5.618372440338135,367.37669210526326,-5.837919894893826,82.40831386454644,-2.428032023761371,-2.827345605316279,-84.26180324923357,307.67293822213287,-19.728631388565613,82.40831386454644,177.1701179153157,2.4250746349692562,5.618358943700528,307.67293822213287,-19.728631388565613,23.0,177.1701179153157,2.4250746349692562,5.618358943700528,300.1833345777963,54.804714496094476,82.40831386454644,177.1701179153157,2.4250746349692562,5.618358943700528,300.1833345777963,54.804714496094476,23.0,177.1701179153157,2.4250746349692562,5.618358943700528,361.7303702694797,61.86296722778594,82.40831386454644,177.1701179153157,2.4250746349692562,5.618358943700528,361.7303702694797,61.86296722778594,23.0,177.1701179153157,2.4250746349692562,5.618358943700528
2026-04-30 11:34:30,154,wait_for_arrival,0,P1,363.745361328125,62.14463424682617,29.2071533203125,177.2828826904297,2.407726287841797,6.994166851043701,363.745361328125,62.14463424682617,29.2071533203125,177.2828826904297,2.407726287841797,6.994166851043701,367.37669210526326,-5.837919894893826,82.40831386454644,-2.428032023761371,-2.827345605316279,-84.26180324923357,307.67293822213287,-19.728631388565613,82.40831386454644,177.1701179153157,2.4250746349692562,5.618358943700528,307.67293822213287,-19.728631388565613,23.0,177.1701179153157,2.4250746349692562,5.618358943700528,300.1833345777963,54.804714496094476,82.40831386454644,177.1701179153157,2.4250746349692562,5.618358943700528,300.1833345777963,54.804714496094476,23.0,177.1701179153157,2.4250746349692562,5.618358943700528,361.7303702694797,61.86296722778594,82.40831386454644,177.1701179153157,2.4250746349692562,5.618358943700528,361.7303702694797,61.86296722778594,23.0,177.1701179153157,2.4250746349692562,5.618358943700528
2026-04-30 11:34:30,155,wait_for_arrival,0,P1,363.745361328125,62.14463424682617,29.2071533203125,177.2828826904297,2.407726287841797,6.994166851043701,363.745361328125,62.14463424682617,29.2071533203125,177.2828826904297,2.407726287841797,6.994166851043701,367.37669210526326,-5.837919894893826,82.40831386454644,-2.428032023761371,-2.827345605316279,-84.26180324923357,307.67293822213287,-19.728631388565613,82.40831386454644,177.1701179153157,2.4250746349692562,5.618358943700528,307.67293822213287,-19.728631388565613,23.0,177.1701179153157,2.4250746349692562,5.618358943700528,300.1833345777963,54.804714496094476,82.40831386454644,177.1701179153157,2.4250746349692562,5.618358943700528,300.1833345777963,54.804714496094476,23.0,177.1701179153157,2.4250746349692562,5.618358943700528,361.7303702694797,61.86296722778594,82.40831386454644,177.1701179153157,2.4250746349692562,5.618358943700528,361.7303702694797,61.86296722778594,23.0,177.1701179153157,2.4250746349692562,5.618358943700528
2026-04-30 11:34:30,156,wait_for_arrival,0,P1,371.4963684082031,62.21070098876953,58.77093505859375,177.7565155029297,2.348386287689209,13.619105339050293,371.4963684082031,62.21070098876953,58.77093505859375,177.7565155029297,2.348386287689209,13.619105339050293,367.37669210526326,-5.837919894893826,82.40831386454644,-2.428032023761371,-2.827345605316279,-84.26180324923357,307.67293822213287,-19.728631388565613,82.40831386454644,177.1701179153157,2.4250746349692562,5.618358943700528,307.67293822213287,-19.728631388565613,23.0,177.1701179153157,2.4250746349692562,5.618358943700528,300.1833345777963,54.804714496094476,82.40831386454644,177.1701179153157,2.4250746349692562,5.618358943700528,300.1833345777963,54.804714496094476,23.0,177.1701179153157,2.4250746349692562,5.618358943700528,361.7303702694797,61.86296722778594,82.40831386454644,177.1701179153157,2.4250746349692562,5.618358943700528,361.7303702694797,61.86296722778594,23.0,177.1701179153157,2.4250746349692562,5.618358943700528
2026-04-30 11:34:31,157,wait_for_arrival,0,P1,371.8322448730469,62.19211959838867,60.20751953125,177.7788848876953,2.3389229774475098,13.930377960205078,371.8322448730469,62.19211959838867,60.20751953125,177.7788848876953,2.3389229774475098,13.930377960205078,367.37669210526326,-5.837919894893826,82.40831386454644,-2.428032023761371,-2.827345605316279,-84.26180324923357,307.67293822213287,-19.728631388565613,82.40831386454644,177.1701179153157,2.4250746349692562,5.618358943700528,307.67293822213287,-19.728631388565613,23.0,177.1701179153157,2.4250746349692562,5.618358943700528,300.1833345777963,54.804714496094476,82.40831386454644,177.1701179153157,2.4250746349692562,5.618358943700528,300.1833345777963,54.804714496094476,23.0,177.1701179153157,2.4250746349692562,5.618358943700528,361.7303702694797,61.86296722778594,82.40831386454644,177.1701179153157,2.4250746349692562,5.618358943700528,361.7303702694797,61.86296722778594,23.0,177.1701179153157,2.4250746349692562,5.618358943700528
2026-04-30 11:34:31,158,wait_for_arrival,0,P1,371.8322448730469,62.19211959838867,60.20751953125,177.7788848876953,2.3389229774475098,13.930377960205078,371.8322448730469,62.19211959838867,60.20751953125,177.7788848876953,2.3389229774475098,13.930377960205078,367.37669210526326,-5.837919894893826,82.40831386454644,-2.428032023761371,-2.827345605316279,-84.26180324923357,307.67293822213287,-19.728631388565613,82.40831386454644,177.1701179153157,2.4250746349692562,5.618358943700528,307.67293822213287,-19.728631388565613,23.0,177.1701179153157,2.4250746349692562,5.618358943700528,300.1833345777963,54.804714496094476,82.40831386454644,177.1701179153157,2.4250746349692562,5.618358943700528,300.1833345777963,54.804714496094476,23.0,177.1701179153157,2.4250746349692562,5.618358943700528,361.7303702694797,61.86296722778594,82.40831386454644,177.1701179153157,2.4250746349692562,5.618358943700528,361.7303702694797,61.86296722778594,23.0,177.1701179153157,2.4250746349692562,5.618358943700528
2026-04-30 11:34:31,159,wait_for_arrival,0,P1,376.7403259277344,60.99407958984375,86.58441162109375,178.14459228515625,2.2078213691711426,19.764123916625977,376.7403259277344,60.99407958984375,86.58441162109375,178.14459228515625,2.2078213691711426,19.764123916625977,367.37669210526326,-5.837919894893826,82.40831386454644,-2.428032023761371,-2.827345605316279,-84.26180324923357,307.67293822213287,-19.728631388565613,82.40831386454644,177.1701179153157,2.4250746349692562,5.618358943700528,307.67293822213287,-19.728631388565613,23.0,177.1701179153157,2.4250746349692562,5.618358943700528,300.1833345777963,54.804714496094476,82.40831386454644,177.1701179153157,2.4250746349692562,5.618358943700528,300.1833345777963,54.804714496094476,23.0,177.1701179153157,2.4250746349692562,5.618358943700528,361.7303702694797,61.86296722778594,82.40831386454644,177.1701179153157,2.4250746349692562,5.618358943700528,361.7303702694797,61.86296722778594,23.0,177.1701179153157,2.4250746349692562,5.618358943700528
2026-04-30 11:34:31,160,wait_for_arrival,0,P1,376.91424560546875,60.87459182739258,87.95748901367188,178.1616973876953,2.2057011127471924,20.077110290527344,376.91424560546875,60.87459182739258,87.95748901367188,178.1616973876953,2.2057011127471924,20.077110290527344,367.37669210526326,-5.837919894893826,82.40831386454644,-2.428032023761371,-2.827345605316279,-84.26180324923357,307.67293822213287,-19.728631388565613,82.40831386454644,177.1701179153157,2.4250746349692562,5.618358943700528,307.67293822213287,-19.728631388565613,23.0,177.1701179153157,2.4250746349692562,5.618358943700528,300.1833345777963,54.804714496094476,82.40831386454644,177.1701179153157,2.4250746349692562,5.618358943700528,300.1833345777963,54.804714496094476,23.0,177.1701179153157,2.4250746349692562,5.618358943700528,361.7303702694797,61.86296722778594,82.40831386454644,177.1701179153157,2.4250746349692562,5.618358943700528,361.7303702694797,61.86296722778594,23.0,177.1701179153157,2.4250746349692562,5.618358943700528
2026-04-30 11:34:32,161,wait_for_arrival,0,P1,376.91424560546875,60.87459182739258,87.95748901367188,178.1616973876953,2.2057011127471924,20.077110290527344,376.91424560546875,60.87459182739258,87.95748901367188,178.1616973876953,2.2057011127471924,20.077110290527344,367.37669210526326,-5.837919894893826,82.40831386454644,-2.428032023761371,-2.827345605316279,-84.26180324923357,307.67293822213287,-19.728631388565613,82.40831386454644,177.1701179153157,2.4250746349692562,5.618358943700528,307.67293822213287,-19.728631388565613,23.0,177.1701179153157,2.4250746349692562,5.618358943700528,300.1833345777963,54.804714496094476,82.40831386454644,177.1701179153157,2.4250746349692562,5.618358943700528,300.1833345777963,54.804714496094476,23.0,177.1701179153157,2.4250746349692562,5.618358943700528,361.7303702694797,61.86296722778594,82.40831386454644,177.1701179153157,2.4250746349692562,5.618358943700528,361.7303702694797,61.86296722778594,23.0,177.1701179153157,2.4250746349692562,5.618358943700528
2026-04-30 11:34:32,162,wait_for_arrival,0,P1,379.8963623046875,58.508487701416016,114.38134765625,178.4662628173828,2.021543025970459,25.910764694213867,379.8963623046875,58.508487701416016,114.38134765625,178.4662628173828,2.021543025970459,25.910764694213867,367.37669210526326,-5.837919894893826,82.40831386454644,-2.428032023761371,-2.827345605316279,-84.26180324923357,307.67293822213287,-19.728631388565613,82.40831386454644,177.1701179153157,2.4250746349692562,5.618358943700528,307.67293822213287,-19.728631388565613,23.0,177.1701179153157,2.4250746349692562,5.618358943700528,300.1833345777963,54.804714496094476,82.40831386454644,177.1701179153157,2.4250746349692562,5.618358943700528,300.1833345777963,54.804714496094476,23.0,177.1701179153157,2.4250746349692562,5.618358943700528,361.7303702694797,61.86296722778594,82.40831386454644,177.1701179153157,2.4250746349692562,5.618358943700528,361.7303702694797,61.86296722778594,23.0,177.1701179153157,2.4250746349692562,5.618358943700528
2026-04-30 11:34:32,163,wait_for_arrival,0,P1,380.0064392089844,58.355865478515625,115.7923583984375,178.48092651367188,2.010317802429199,26.223880767822266,380.0064392089844,58.355865478515625,115.7923583984375,178.48092651367188,2.010317802429199,26.223880767822266,367.37669210526326,-5.837919894893826,82.40831386454644,-2.428032023761371,-2.827345605316279,-84.26180324923357,307.67293822213287,-19.728631388565613,82.40831386454644,177.1701179153157,2.4250746349692562,5.618358943700528,307.67293822213287,-19.728631388565613,23.0,177.1701179153157,2.4250746349692562,5.618358943700528,300.1833345777963,54.804714496094476,82.40831386454644,177.1701179153157,2.4250746349692562,5.618358943700528,300.1833345777963,54.804714496094476,23.0,177.1701179153157,2.4250746349692562,5.618358943700528,361.7303702694797,61.86296722778594,82.40831386454644,177.1701179153157,2.4250746349692562,5.618358943700528,361.7303702694797,61.86296722778594,23.0,177.1701179153157,2.4250746349692562,5.618358943700528
2026-04-30 11:34:32,164,wait_for_arrival,0,P1,380.0064392089844,58.355865478515625,115.7923583984375,178.48092651367188,2.010317802429199,26.223880767822266,380.0064392089844,58.355865478515625,115.7923583984375,178.48092651367188,2.010317802429199,26.223880767822266,367.37669210526326,-5.837919894893826,82.40831386454644,-2.428032023761371,-2.827345605316279,-84.26180324923357,307.67293822213287,-19.728631388565613,82.40831386454644,177.1701179153157,2.4250746349692562,5.618358943700528,307.67293822213287,-19.728631388565613,23.0,177.1701179153157,2.4250746349692562,5.618358943700528,300.1833345777963,54.804714496094476,82.40831386454644,177.1701179153157,2.4250746349692562,5.618358943700528,300.1833345777963,54.804714496094476,23.0,177.1701179153157,2.4250746349692562,5.618358943700528,361.7303702694797,61.86296722778594,82.40831386454644,177.1701179153157,2.4250746349692562,5.618358943700528,361.7303702694797,61.86296722778594,23.0,177.1701179153157,2.4250746349692562,5.618358943700528
2026-04-30 11:34:32,165,wait_for_arrival,0,P1,381.0054626464844,54.8742561340332,142.03793334960938,178.71615600585938,1.7905611991882324,32.057151794433594,381.0054626464844,54.8742561340332,142.03793334960938,178.71615600585938,1.7905611991882324,32.057151794433594,367.37669210526326,-5.837919894893826,82.40831386454644,-2.428032023761371,-2.827345605316279,-84.26180324923357,307.67293822213287,-19.728631388565613,82.40831386454644,177.1701179153157,2.4250746349692562,5.618358943700528,307.67293822213287,-19.728631388565613,23.0,177.1701179153157,2.4250746349692562,5.618358943700528,300.1833345777963,54.804714496094476,82.40831386454644,177.1701179153157,2.4250746349692562,5.618358943700528,300.1833345777963,54.804714496094476,23.0,177.1701179153157,2.4250746349692562,5.618358943700528,361.7303702694797,61.86296722778594,82.40831386454644,177.1701179153157,2.4250746349692562,5.618358943700528,361.7303702694797,61.86296722778594,23.0,177.1701179153157,2.4250746349692562,5.618358943700528
2026-04-30 11:34:32,166,wait_for_arrival,0,P1,381.0182800292969,54.656158447265625,143.49859619140625,178.72702026367188,1.7751492261886597,32.376739501953125,381.0182800292969,54.656158447265625,143.49859619140625,178.72702026367188,1.7751492261886597,32.376739501953125,367.37669210526326,-5.837919894893826,82.40831386454644,-2.428032023761371,-2.827345605316279,-84.26180324923357,307.67293822213287,-19.728631388565613,82.40831386454644,177.1701179153157,2.4250746349692562,5.618358943700528,307.67293822213287,-19.728631388565613,23.0,177.1701179153157,2.4250746349692562,5.618358943700528,300.1833345777963,54.804714496094476,82.40831386454644,177.1701179153157,2.4250746349692562,5.618358943700528,300.1833345777963,54.804714496094476,23.0,177.1701179153157,2.4250746349692562,5.618358943700528,361.7303702694797,61.86296722778594,82.40831386454644,177.1701179153157,2.4250746349692562,5.618358943700528,361.7303702694797,61.86296722778594,23.0,177.1701179153157,2.4250746349692562,5.618358943700528
2026-04-30 11:34:33,167,wait_for_arrival,0,P1,381.0182800292969,54.656158447265625,143.49859619140625,178.72702026367188,1.7751492261886597,32.376739501953125,381.0182800292969,54.656158447265625,143.49859619140625,178.72702026367188,1.7751492261886597,32.376739501953125,367.37669210526326,-5.837919894893826,82.40831386454644,-2.428032023761371,-2.827345605316279,-84.26180324923357,307.67293822213287,-19.728631388565613,82.40831386454644,177.1701179153157,2.4250746349692562,5.618358943700528,307.67293822213287,-19.728631388565613,23.0,177.1701179153157,2.4250746349692562,5.618358943700528,300.1833345777963,54.804714496094476,82.40831386454644,177.1701179153157,2.4250746349692562,5.618358943700528,300.1833345777963,54.804714496094476,23.0,177.1701179153157,2.4250746349692562,5.618358943700528,361.7303702694797,61.86296722778594,82.40831386454644,177.1701179153157,2.4250746349692562,5.618358943700528,361.7303702694797,61.86296722778594,23.0,177.1701179153157,2.4250746349692562,5.618358943700528
2026-04-30 11:34:33,168,wait_for_arrival,0,P1,381.0182800292969,54.656158447265625,143.49859619140625,178.72702026367188,1.7751492261886597,32.376739501953125,381.0182800292969,54.656158447265625,143.49859619140625,178.72702026367188,1.7751492261886597,32.376739501953125,367.37669210526326,-5.837919894893826,82.40831386454644,-2.428032023761371,-2.827345605316279,-84.26180324923357,307.67293822213287,-19.728631388565613,82.40831386454644,177.1701179153157,2.4250746349692562,5.618358943700528,307.67293822213287,-19.728631388565613,23.0,177.1701179153157,2.4250746349692562,5.618358943700528,300.1833345777963,54.804714496094476,82.40831386454644,177.1701179153157,2.4250746349692562,5.618358943700528,300.1833345777963,54.804714496094476,23.0,177.1701179153157,2.4250746349692562,5.618358943700528,361.7303702694797,61.86296722778594,82.40831386454644,177.1701179153157,2.4250746349692562,5.618358943700528,361.7303702694797,61.86296722778594,23.0,177.1701179153157,2.4250746349692562,5.618358943700528
2026-04-30 11:34:33,169,wait_for_arrival,0,P1,378.19573974609375,46.41172790527344,187.2265625,178.9639434814453,1.358499526977539,42.30313491821289,378.19573974609375,46.41172790527344,187.2265625,178.9639434814453,1.358499526977539,42.30313491821289,367.37669210526326,-5.837919894893826,82.40831386454644,-2.428032023761371,-2.827345605316279,-84.26180324923357,307.67293822213287,-19.728631388565613,82.40831386454644,177.1701179153157,2.4250746349692562,5.618358943700528,307.67293822213287,-19.728631388565613,23.0,177.1701179153157,2.4250746349692562,5.618358943700528,300.1833345777963,54.804714496094476,82.40831386454644,177.1701179153157,2.4250746349692562,5.618358943700528,300.1833345777963,54.804714496094476,23.0,177.1701179153157,2.4250746349692562,5.618358943700528,361.7303702694797,61.86296722778594,82.40831386454644,177.1701179153157,2.4250746349692562,5.618358943700528,361.7303702694797,61.86296722778594,23.0,177.1701179153157,2.4250746349692562,5.618358943700528
2026-04-30 11:34:33,170,wait_for_arrival,0,P1,378.0115051269531,46.105377197265625,188.5772705078125,178.96810913085938,1.3466705083847046,42.616031646728516,378.0115051269531,46.105377197265625,188.5772705078125,178.96810913085938,1.3466705083847046,42.616031646728516,367.37669210526326,-5.837919894893826,82.40831386454644,-2.428032023761371,-2.827345605316279,-84.26180324923357,307.67293822213287,-19.728631388565613,82.40831386454644,177.1701179153157,2.4250746349692562,5.618358943700528,307.67293822213287,-19.728631388565613,23.0,177.1701179153157,2.4250746349692562,5.618358943700528,300.1833345777963,54.804714496094476,82.40831386454644,177.1701179153157,2.4250746349692562,5.618358943700528,300.1833345777963,54.804714496094476,23.0,177.1701179153157,2.4250746349692562,5.618358943700528,361.7303702694797,61.86296722778594,82.40831386454644,177.1701179153157,2.4250746349692562,5.618358943700528,361.7303702694797,61.86296722778594,23.0,177.1701179153157,2.4250746349692562,5.618358943700528
2026-04-30 11:34:34,171,wait_for_arrival,0,P1,378.0115051269531,46.105377197265625,188.5772705078125,178.96810913085938,1.3466705083847046,42.616031646728516,378.0115051269531,46.105377197265625,188.5772705078125,178.96810913085938,1.3466705083847046,42.616031646728516,367.37669210526326,-5.837919894893826,82.40831386454644,-2.428032023761371,-2.827345605316279,-84.26180324923357,307.67293822213287,-19.728631388565613,82.40831386454644,177.1701179153157,2.4250746349692562,5.618358943700528,307.67293822213287,-19.728631388565613,23.0,177.1701179153157,2.4250746349692562,5.618358943700528,300.1833345777963,54.804714496094476,82.40831386454644,177.1701179153157,2.4250746349692562,5.618358943700528,300.1833345777963,54.804714496094476,23.0,177.1701179153157,2.4250746349692562,5.618358943700528,361.7303702694797,61.86296722778594,82.40831386454644,177.1701179153157,2.4250746349692562,5.618358943700528,361.7303702694797,61.86296722778594,23.0,177.1701179153157,2.4250746349692562,5.618358943700528
2026-04-30 11:34:34,172,wait_for_arrival,0,P1,373.7042236328125,40.04310607910156,213.41165161132812,179.0111541748047,1.0996898412704468,48.443023681640625,373.7042236328125,40.04310607910156,213.41165161132812,179.0111541748047,1.0996898412704468,48.443023681640625,367.37669210526326,-5.837919894893826,82.40831386454644,-2.428032023761371,-2.827345605316279,-84.26180324923357,307.67293822213287,-19.728631388565613,82.40831386454644,177.1701179153157,2.4250746349692562,5.618358943700528,307.67293822213287,-19.728631388565613,23.0,177.1701179153157,2.4250746349692562,5.618358943700528,300.1833345777963,54.804714496094476,82.40831386454644,177.1701179153157,2.4250746349692562,5.618358943700528,300.1833345777963,54.804714496094476,23.0,177.1701179153157,2.4250746349692562,5.618358943700528,361.7303702694797,61.86296722778594,82.40831386454644,177.1701179153157,2.4250746349692562,5.618358943700528,361.7303702694797,61.86296722778594,23.0,177.1701179153157,2.4250746349692562,5.618358943700528
2026-04-30 11:34:34,173,wait_for_arrival,0,P1,373.4260559082031,39.696937561035156,214.71426391601562,179.0112762451172,1.0872695446014404,48.75531005859375,373.4260559082031,39.696937561035156,214.71426391601562,179.0112762451172,1.0872695446014404,48.75531005859375,367.37669210526326,-5.837919894893826,82.40831386454644,-2.428032023761371,-2.827345605316279,-84.26180324923357,307.67293822213287,-19.728631388565613,82.40831386454644,177.1701179153157,2.4250746349692562,5.618358943700528,307.67293822213287,-19.728631388565613,23.0,177.1701179153157,2.4250746349692562,5.618358943700528,300.1833345777963,54.804714496094476,82.40831386454644,177.1701179153157,2.4250746349692562,5.618358943700528,300.1833345777963,54.804714496094476,23.0,177.1701179153157,2.4250746349692562,5.618358943700528,361.7303702694797,61.86296722778594,82.40831386454644,177.1701179153157,2.4250746349692562,5.618358943700528,361.7303702694797,61.86296722778594,23.0,177.1701179153157,2.4250746349692562,5.618358943700528
2026-04-30 11:34:34,174,wait_for_arrival,0,P1,373.4260559082031,39.696937561035156,214.71426391601562,179.0112762451172,1.0872695446014404,48.75531005859375,373.4260559082031,39.696937561035156,214.71426391601562,179.0112762451172,1.0872695446014404,48.75531005859375,367.37669210526326,-5.837919894893826,82.40831386454644,-2.428032023761371,-2.827345605316279,-84.26180324923357,307.67293822213287,-19.728631388565613,82.40831386454644,177.1701179153157,2.4250746349692562,5.618358943700528,307.67293822213287,-19.728631388565613,23.0,177.1701179153157,2.4250746349692562,5.618358943700528,300.1833345777963,54.804714496094476,82.40831386454644,177.1701179153157,2.4250746349692562,5.618358943700528,300.1833345777963,54.804714496094476,23.0,177.1701179153157,2.4250746349692562,5.618358943700528,361.7303702694797,61.86296722778594,82.40831386454644,177.1701179153157,2.4250746349692562,5.618358943700528,361.7303702694797,61.86296722778594,23.0,177.1701179153157,2.4250746349692562,5.618358943700528
2026-04-30 11:34:35,175,wait_for_arrival,0,P1,367.20001220703125,32.841922760009766,238.68844604492188,178.98236083984375,0.8515564203262329,54.58085250854492,367.20001220703125,32.841922760009766,238.68844604492188,178.98236083984375,0.8515564203262329,54.58085250854492,367.37669210526326,-5.837919894893826,82.40831386454644,-2.428032023761371,-2.827345605316279,-84.26180324923357,307.67293822213287,-19.728631388565613,82.40831386454644,177.1701179153157,2.4250746349692562,5.618358943700528,307.67293822213287,-19.728631388565613,23.0,177.1701179153157,2.4250746349692562,5.618358943700528,300.1833345777963,54.804714496094476,82.40831386454644,177.1701179153157,2.4250746349692562,5.618358943700528,300.1833345777963,54.804714496094476,23.0,177.1701179153157,2.4250746349692562,5.618358943700528,361.7303702694797,61.86296722778594,82.40831386454644,177.1701179153157,2.4250746349692562,5.618358943700528,361.7303702694797,61.86296722778594,23.0,177.1701179153157,2.4250746349692562,5.618358943700528
2026-04-30 11:34:35,176,wait_for_arrival,0,P1,366.8183288574219,32.44740295410156,240.02706909179688,178.97645568847656,0.8346899151802063,54.902408599853516,366.8183288574219,32.44740295410156,240.02706909179688,178.97645568847656,0.8346899151802063,54.902408599853516,367.37669210526326,-5.837919894893826,82.40831386454644,-2.428032023761371,-2.827345605316279,-84.26180324923357,307.67293822213287,-19.728631388565613,82.40831386454644,177.1701179153157,2.4250746349692562,5.618358943700528,307.67293822213287,-19.728631388565613,23.0,177.1701179153157,2.4250746349692562,5.618358943700528,300.1833345777963,54.804714496094476,82.40831386454644,177.1701179153157,2.4250746349692562,5.618358943700528,300.1833345777963,54.804714496094476,23.0,177.1701179153157,2.4250746349692562,5.618358943700528,361.7303702694797,61.86296722778594,82.40831386454644,177.1701179153157,2.4250746349692562,5.618358943700528,361.7303702694797,61.86296722778594,23.0,177.1701179153157,2.4250746349692562,5.618358943700528
2026-04-30 11:34:35,177,wait_for_arrival,0,P1,366.8183288574219,32.44740295410156,240.02706909179688,178.97645568847656,0.8346899151802063,54.902408599853516,366.8183288574219,32.44740295410156,240.02706909179688,178.97645568847656,0.8346899151802063,54.902408599853516,367.37669210526326,-5.837919894893826,82.40831386454644,-2.428032023761371,-2.827345605316279,-84.26180324923357,307.67293822213287,-19.728631388565613,82.40831386454644,177.1701179153157,2.4250746349692562,5.618358943700528,307.67293822213287,-19.728631388565613,23.0,177.1701179153157,2.4250746349692562,5.618358943700528,300.1833345777963,54.804714496094476,82.40831386454644,177.1701179153157,2.4250746349692562,5.618358943700528,300.1833345777963,54.804714496094476,23.0,177.1701179153157,2.4250746349692562,5.618358943700528,361.7303702694797,61.86296722778594,82.40831386454644,177.1701179153157,2.4250746349692562,5.618358943700528,361.7303702694797,61.86296722778594,23.0,177.1701179153157,2.4250746349692562,5.618358943700528
2026-04-30 11:34:35,178,wait_for_arrival,0,P1,358.7070617675781,24.900968551635742,262.94146728515625,178.8806610107422,0.6259170770645142,60.72069549560547,358.7070617675781,24.900968551635742,262.94146728515625,178.8806610107422,0.6259170770645142,60.72069549560547,367.37669210526326,-5.837919894893826,82.40831386454644,-2.428032023761371,-2.827345605316279,-84.26180324923357,307.67293822213287,-19.728631388565613,82.40831386454644,177.1701179153157,2.4250746349692562,5.618358943700528,307.67293822213287,-19.728631388565613,23.0,177.1701179153157,2.4250746349692562,5.618358943700528,300.1833345777963,54.804714496094476,82.40831386454644,177.1701179153157,2.4250746349692562,5.618358943700528,300.1833345777963,54.804714496094476,23.0,177.1701179153157,2.4250746349692562,5.618358943700528,361.7303702694797,61.86296722778594,82.40831386454644,177.1701179153157,2.4250746349692562,5.618358943700528,361.7303702694797,61.86296722778594,23.0,177.1701179153157,2.4250746349692562,5.618358943700528
2026-04-30 11:34:35,179,wait_for_arrival,0,P1,358.1949768066406,24.455230712890625,264.2291564941406,178.8719940185547,0.6129996180534363,61.05299377441406,358.1949768066406,24.455230712890625,264.2291564941406,178.8719940185547,0.6129996180534363,61.05299377441406,367.37669210526326,-5.837919894893826,82.40831386454644,-2.428032023761371,-2.827345605316279,-84.26180324923357,307.67293822213287,-19.728631388565613,82.40831386454644,177.1701179153157,2.4250746349692562,5.618358943700528,307.67293822213287,-19.728631388565613,23.0,177.1701179153157,2.4250746349692562,5.618358943700528,300.1833345777963,54.804714496094476,82.40831386454644,177.1701179153157,2.4250746349692562,5.618358943700528,300.1833345777963,54.804714496094476,23.0,177.1701179153157,2.4250746349692562,5.618358943700528,361.7303702694797,61.86296722778594,82.40831386454644,177.1701179153157,2.4250746349692562,5.618358943700528,361.7303702694797,61.86296722778594,23.0,177.1701179153157,2.4250746349692562,5.618358943700528
2026-04-30 11:34:36,180,wait_for_arrival,0,P1,358.1949768066406,24.455230712890625,264.2291564941406,178.8719940185547,0.6129996180534363,61.05299377441406,358.1949768066406,24.455230712890625,264.2291564941406,178.8719940185547,0.6129996180534363,61.05299377441406,367.37669210526326,-5.837919894893826,82.40831386454644,-2.428032023761371,-2.827345605316279,-84.26180324923357,307.67293822213287,-19.728631388565613,82.40831386454644,177.1701179153157,2.4250746349692562,5.618358943700528,307.67293822213287,-19.728631388565613,23.0,177.1701179153157,2.4250746349692562,5.618358943700528,300.1833345777963,54.804714496094476,82.40831386454644,177.1701179153157,2.4250746349692562,5.618358943700528,300.1833345777963,54.804714496094476,23.0,177.1701179153157,2.4250746349692562,5.618358943700528,361.7303702694797,61.86296722778594,82.40831386454644,177.1701179153157,2.4250746349692562,5.618358943700528,361.7303702694797,61.86296722778594,23.0,177.1701179153157,2.4250746349692562,5.618358943700528
2026-04-30 11:34:36,181,wait_for_arrival,0,P1,348.2668151855469,16.315444946289062,285.9497375488281,178.71511840820312,0.4420515298843384,66.87016296386719,348.2668151855469,16.315444946289062,285.9497375488281,178.71511840820312,0.4420515298843384,66.87016296386719,367.37669210526326,-5.837919894893826,82.40831386454644,-2.428032023761371,-2.827345605316279,-84.26180324923357,307.67293822213287,-19.728631388565613,82.40831386454644,177.1701179153157,2.4250746349692562,5.618358943700528,307.67293822213287,-19.728631388565613,23.0,177.1701179153157,2.4250746349692562,5.618358943700528,300.1833345777963,54.804714496094476,82.40831386454644,177.1701179153157,2.4250746349692562,5.618358943700528,300.1833345777963,54.804714496094476,23.0,177.1701179153157,2.4250746349692562,5.618358943700528,361.7303702694797,61.86296722778594,82.40831386454644,177.1701179153157,2.4250746349692562,5.618358943700528,361.7303702694797,61.86296722778594,23.0,177.1701179153157,2.4250746349692562,5.618358943700528
2026-04-30 11:34:36,182,wait_for_arrival,0,P1,347.6662292480469,15.851277351379395,287.0664978027344,178.70704650878906,0.43674978613853455,67.18202209472656,347.6662292480469,15.851277351379395,287.0664978027344,178.70704650878906,0.43674978613853455,67.18202209472656,367.37669210526326,-5.837919894893826,82.40831386454644,-2.428032023761371,-2.827345605316279,-84.26180324923357,307.67293822213287,-19.728631388565613,82.40831386454644,177.1701179153157,2.4250746349692562,5.618358943700528,307.67293822213287,-19.728631388565613,23.0,177.1701179153157,2.4250746349692562,5.618358943700528,300.1833345777963,54.804714496094476,82.40831386454644,177.1701179153157,2.4250746349692562,5.618358943700528,300.1833345777963,54.804714496094476,23.0,177.1701179153157,2.4250746349692562,5.618358943700528,361.7303702694797,61.86296722778594,82.40831386454644,177.1701179153157,2.4250746349692562,5.618358943700528,361.7303702694797,61.86296722778594,23.0,177.1701179153157,2.4250746349692562,5.618358943700528
2026-04-30 11:34:36,183,wait_for_arrival,0,P1,347.6662292480469,15.851277351379395,287.0664978027344,178.70704650878906,0.43674978613853455,67.18202209472656,347.6662292480469,15.851277351379395,287.0664978027344,178.70704650878906,0.43674978613853455,67.18202209472656,367.37669210526326,-5.837919894893826,82.40831386454644,-2.428032023761371,-2.827345605316279,-84.26180324923357,307.67293822213287,-19.728631388565613,82.40831386454644,177.1701179153157,2.4250746349692562,5.618358943700528,307.67293822213287,-19.728631388565613,23.0,177.1701179153157,2.4250746349692562,5.618358943700528,300.1833345777963,54.804714496094476,82.40831386454644,177.1701179153157,2.4250746349692562,5.618358943700528,300.1833345777963,54.804714496094476,23.0,177.1701179153157,2.4250746349692562,5.618358943700528,361.7303702694797,61.86296722778594,82.40831386454644,177.1701179153157,2.4250746349692562,5.618358943700528,361.7303702694797,61.86296722778594,23.0,177.1701179153157,2.4250746349692562,5.618358943700528
2026-04-30 11:34:36,184,wait_for_arrival,0,P1,335.9792175292969,7.1999711990356445,307.4566650390625,178.5001220703125,0.3164674937725067,73.00626373291016,335.9792175292969,7.1999711990356445,307.4566650390625,178.5001220703125,0.3164674937725067,73.00626373291016,367.37669210526326,-5.837919894893826,82.40831386454644,-2.428032023761371,-2.827345605316279,-84.26180324923357,307.67293822213287,-19.728631388565613,82.40831386454644,177.1701179153157,2.4250746349692562,5.618358943700528,307.67293822213287,-19.728631388565613,23.0,177.1701179153157,2.4250746349692562,5.618358943700528,300.1833345777963,54.804714496094476,82.40831386454644,177.1701179153157,2.4250746349692562,5.618358943700528,300.1833345777963,54.804714496094476,23.0,177.1701179153157,2.4250746349692562,5.618358943700528,361.7303702694797,61.86296722778594,82.40831386454644,177.1701179153157,2.4250746349692562,5.618358943700528,361.7303702694797,61.86296722778594,23.0,177.1701179153157,2.4250746349692562,5.618358943700528
2026-04-30 11:34:36,185,wait_for_arrival,0,P1,335.327880859375,6.736508369445801,308.54425048828125,178.48252868652344,0.3068462610244751,73.31952667236328,335.327880859375,6.736508369445801,308.54425048828125,178.48252868652344,0.3068462610244751,73.31952667236328,367.37669210526326,-5.837919894893826,82.40831386454644,-2.428032023761371,-2.827345605316279,-84.26180324923357,307.67293822213287,-19.728631388565613,82.40831386454644,177.1701179153157,2.4250746349692562,5.618358943700528,307.67293822213287,-19.728631388565613,23.0,177.1701179153157,2.4250746349692562,5.618358943700528,300.1833345777963,54.804714496094476,82.40831386454644,177.1701179153157,2.4250746349692562,5.618358943700528,300.1833345777963,54.804714496094476,23.0,177.1701179153157,2.4250746349692562,5.618358943700528,361.7303702694797,61.86296722778594,82.40831386454644,177.1701179153157,2.4250746349692562,5.618358943700528,361.7303702694797,61.86296722778594,23.0,177.1701179153157,2.4250746349692562,5.618358943700528
2026-04-30 11:34:37,186,wait_for_arrival,0,P1,335.327880859375,6.736508369445801,308.54425048828125,178.48252868652344,0.3068462610244751,73.31952667236328,335.327880859375,6.736508369445801,308.54425048828125,178.48252868652344,0.3068462610244751,73.31952667236328,367.37669210526326,-5.837919894893826,82.40831386454644,-2.428032023761371,-2.827345605316279,-84.26180324923357,307.67293822213287,-19.728631388565613,82.40831386454644,177.1701179153157,2.4250746349692562,5.618358943700528,307.67293822213287,-19.728631388565613,23.0,177.1701179153157,2.4250746349692562,5.618358943700528,300.1833345777963,54.804714496094476,82.40831386454644,177.1701179153157,2.4250746349692562,5.618358943700528,300.1833345777963,54.804714496094476,23.0,177.1701179153157,2.4250746349692562,5.618358943700528,361.7303702694797,61.86296722778594,82.40831386454644,177.1701179153157,2.4250746349692562,5.618358943700528,361.7303702694797,61.86296722778594,23.0,177.1701179153157,2.4250746349692562,5.618358943700528
2026-04-30 11:34:37,187,wait_for_arrival,0,P1,321.9653625488281,-2.3179640769958496,327.4211120605469,178.23562622070312,0.24708935618400574,79.14202117919922,321.9653625488281,-2.3179640769958496,327.4211120605469,178.23562622070312,0.24708935618400574,79.14202117919922,367.37669210526326,-5.837919894893826,82.40831386454644,-2.428032023761371,-2.827345605316279,-84.26180324923357,307.67293822213287,-19.728631388565613,82.40831386454644,177.1701179153157,2.4250746349692562,5.618358943700528,307.67293822213287,-19.728631388565613,23.0,177.1701179153157,2.4250746349692562,5.618358943700528,300.1833345777963,54.804714496094476,82.40831386454644,177.1701179153157,2.4250746349692562,5.618358943700528,300.1833345777963,54.804714496094476,23.0,177.1701179153157,2.4250746349692562,5.618358943700528,361.7303702694797,61.86296722778594,82.40831386454644,177.1701179153157,2.4250746349692562,5.618358943700528,361.7303702694797,61.86296722778594,23.0,177.1701179153157,2.4250746349692562,5.618358943700528
2026-04-30 11:34:37,188,wait_for_arrival,0,P1,321.2060241699219,-2.811708927154541,328.4108581542969,178.21812438964844,0.2432652711868286,79.45601654052734,321.2060241699219,-2.811708927154541,328.4108581542969,178.21812438964844,0.2432652711868286,79.45601654052734,367.37669210526326,-5.837919894893826,82.40831386454644,-2.428032023761371,-2.827345605316279,-84.26180324923357,307.67293822213287,-19.728631388565613,82.40831386454644,177.1701179153157,2.4250746349692562,5.618358943700528,307.67293822213287,-19.728631388565613,23.0,177.1701179153157,2.4250746349692562,5.618358943700528,300.1833345777963,54.804714496094476,82.40831386454644,177.1701179153157,2.4250746349692562,5.618358943700528,300.1833345777963,54.804714496094476,23.0,177.1701179153157,2.4250746349692562,5.618358943700528,361.7303702694797,61.86296722778594,82.40831386454644,177.1701179153157,2.4250746349692562,5.618358943700528,361.7303702694797,61.86296722778594,23.0,177.1701179153157,2.4250746349692562,5.618358943700528
2026-04-30 11:34:37,189,wait_for_arrival,0,P1,321.2060241699219,-2.811708927154541,328.4108581542969,178.21812438964844,0.2432652711868286,79.45601654052734,321.2060241699219,-2.811708927154541,328.4108581542969,178.21812438964844,0.2432652711868286,79.45601654052734,367.37669210526326,-5.837919894893826,82.40831386454644,-2.428032023761371,-2.827345605316279,-84.26180324923357,307.67293822213287,-19.728631388565613,82.40831386454644,177.1701179153157,2.4250746349692562,5.618358943700528,307.67293822213287,-19.728631388565613,23.0,177.1701179153157,2.4250746349692562,5.618358943700528,300.1833345777963,54.804714496094476,82.40831386454644,177.1701179153157,2.4250746349692562,5.618358943700528,300.1833345777963,54.804714496094476,23.0,177.1701179153157,2.4250746349692562,5.618358943700528,361.7303702694797,61.86296722778594,82.40831386454644,177.1701179153157,2.4250746349692562,5.618358943700528,361.7303702694797,61.86296722778594,23.0,177.1701179153157,2.4250746349692562,5.618358943700528
2026-04-30 11:34:38,190,wait_for_arrival,0,P1,321.2060241699219,-2.811708927154541,328.4108581542969,178.21812438964844,0.2432652711868286,79.45601654052734,321.2060241699219,-2.811708927154541,328.4108581542969,178.21812438964844,0.2432652711868286,79.45601654052734,367.37669210526326,-5.837919894893826,82.40831386454644,-2.428032023761371,-2.827345605316279,-84.26180324923357,307.67293822213287,-19.728631388565613,82.40831386454644,177.1701179153157,2.4250746349692562,5.618358943700528,307.67293822213287,-19.728631388565613,23.0,177.1701179153157,2.4250746349692562,5.618358943700528,300.1833345777963,54.804714496094476,82.40831386454644,177.1701179153157,2.4250746349692562,5.618358943700528,300.1833345777963,54.804714496094476,23.0,177.1701179153157,2.4250746349692562,5.618358943700528,361.7303702694797,61.86296722778594,82.40831386454644,177.1701179153157,2.4250746349692562,5.618358943700528,361.7303702694797,61.86296722778594,23.0,177.1701179153157,2.4250746349692562,5.618358943700528
2026-04-30 11:34:38,191,wait_for_arrival,-1,P1,,,,,,,,,,,,,367.37669210526326,-5.837919894893826,82.40831386454644,-2.428032023761371,-2.827345605316279,-84.26180324923357,307.67293822213287,-19.728631388565613,82.40831386454644,177.1701179153157,2.4250746349692562,5.618358943700528,307.67293822213287,-19.728631388565613,23.0,177.1701179153157,2.4250746349692562,5.618358943700528,300.1833345777963,54.804714496094476,82.40831386454644,177.1701179153157,2.4250746349692562,5.618358943700528,300.1833345777963,54.804714496094476,23.0,177.1701179153157,2.4250746349692562,5.618358943700528,361.7303702694797,61.86296722778594,82.40831386454644,177.1701179153157,2.4250746349692562,5.618358943700528,361.7303702694797,61.86296722778594,23.0,177.1701179153157,2.4250746349692562,5.618358943700528
2026-04-30 11:34:38,192,wait_for_arrival,0,P1,297.0026550292969,-17.681167602539062,354.9954528808594,177.76123046875,0.27975788712501526,88.67827606201172,297.0026550292969,-17.681167602539062,354.9954528808594,177.76123046875,0.27975788712501526,88.67827606201172,367.37669210526326,-5.837919894893826,82.40831386454644,-2.428032023761371,-2.827345605316279,-84.26180324923357,307.67293822213287,-19.728631388565613,82.40831386454644,177.1701179153157,2.4250746349692562,5.618358943700528,307.67293822213287,-19.728631388565613,23.0,177.1701179153157,2.4250746349692562,5.618358943700528,300.1833345777963,54.804714496094476,82.40831386454644,177.1701179153157,2.4250746349692562,5.618358943700528,300.1833345777963,54.804714496094476,23.0,177.1701179153157,2.4250746349692562,5.618358943700528,361.7303702694797,61.86296722778594,82.40831386454644,177.1701179153157,2.4250746349692562,5.618358943700528,361.7303702694797,61.86296722778594,23.0,177.1701179153157,2.4250746349692562,5.618358943700528
2026-04-30 11:34:39,193,wait_for_arrival,0,P1,297.0026550292969,-17.681167602539062,354.9954528808594,177.76123046875,0.27975788712501526,88.67827606201172,297.0026550292969,-17.681167602539062,354.9954528808594,177.76123046875,0.27975788712501526,88.67827606201172,367.37669210526326,-5.837919894893826,82.40831386454644,-2.428032023761371,-2.827345605316279,-84.26180324923357,307.67293822213287,-19.728631388565613,82.40831386454644,177.1701179153157,2.4250746349692562,5.618358943700528,307.67293822213287,-19.728631388565613,23.0,177.1701179153157,2.4250746349692562,5.618358943700528,300.1833345777963,54.804714496094476,82.40831386454644,177.1701179153157,2.4250746349692562,5.618358943700528,300.1833345777963,54.804714496094476,23.0,177.1701179153157,2.4250746349692562,5.618358943700528,361.7303702694797,61.86296722778594,82.40831386454644,177.1701179153157,2.4250746349692562,5.618358943700528,361.7303702694797,61.86296722778594,23.0,177.1701179153157,2.4250746349692562,5.618358943700528
2026-04-30 11:34:39,194,main_loop,0,P1,297.0020751953125,-17.681392669677734,354.9990539550781,177.76055908203125,0.2794691324234009,88.67827606201172,297.0020751953125,-17.681392669677734,354.9990539550781,177.76055908203125,0.2794691324234009,88.67827606201172,367.37669210526326,-5.837919894893826,82.40831386454644,-2.428032023761371,-2.827345605316279,-84.26180324923357,307.67293822213287,-19.728631388565613,82.40831386454644,177.1701179153157,2.4250746349692562,5.618358943700528,307.67293822213287,-19.728631388565613,23.0,177.1701179153157,2.4250746349692562,5.618358943700528,300.1833345777963,54.804714496094476,82.40831386454644,177.1701179153157,2.4250746349692562,5.618358943700528,300.1833345777963,54.804714496094476,23.0,177.1701179153157,2.4250746349692562,5.618358943700528,361.7303702694797,61.86296722778594,82.40831386454644,177.1701179153157,2.4250746349692562,5.618358943700528,361.7303702694797,61.86296722778594,23.0,177.1701179153157,2.4250746349692562,5.618358943700528
2026-04-30 11:34:40,195,wait_for_arrival,0,P3,297.0041809082031,-17.680524826049805,355.00189208984375,177.759765625,0.27911216020584106,88.67827606201172,297.0041809082031,-17.680524826049805,355.00189208984375,177.759765625,0.27911216020584106,88.67827606201172,367.37896243741864,-5.865306423453311,82.6447873993983,-2.340438165667701,-3.2426937471219355,-84.2570809297693,307.7158433302135,-19.88643596658442,82.6447873993983,176.75460479551924,2.3366887903191205,5.610457629112444,307.7158433302135,-19.88643596658442,23.0,176.75460479551924,2.3366887903191205,5.610457629112444,300.2229771742446,54.61765056212801,82.6447873993983,176.75460479551924,2.3366887903191205,5.610457629112444,300.2229771742446,54.61765056212801,23.0,176.75460479551924,2.3366887903191205,5.610457629112444,361.77475927494436,61.667400199964725,82.6447873993983,176.75460479551924,2.3366887903191205,5.610457629112444,361.77475927494436,61.667400199964725,23.0,176.75460479551924,2.3366887903191205,5.610457629112444
2026-04-30 11:34:40,196,wait_for_arrival,0,P3,297.0042724609375,-17.67868995666504,355.00189208984375,177.759765625,0.27911216020584106,88.67862701416016,297.0042724609375,-17.67868995666504,355.00189208984375,177.759765625,0.27911216020584106,88.67862701416016,367.37896243741864,-5.865306423453311,82.6447873993983,-2.340438165667701,-3.2426937471219355,-84.2570809297693,307.7158433302135,-19.88643596658442,82.6447873993983,176.75460479551924,2.3366887903191205,5.610457629112444,307.7158433302135,-19.88643596658442,23.0,176.75460479551924,2.3366887903191205,5.610457629112444,300.2229771742446,54.61765056212801,82.6447873993983,176.75460479551924,2.3366887903191205,5.610457629112444,300.2229771742446,54.61765056212801,23.0,176.75460479551924,2.3366887903191205,5.610457629112444,361.77475927494436,61.667400199964725,82.6447873993983,176.75460479551924,2.3366887903191205,5.610457629112444,361.77475927494436,61.667400199964725,23.0,176.75460479551924,2.3366887903191205,5.610457629112444
2026-04-30 11:34:40,197,main_loop,0,P3,297.0044250488281,-17.682527542114258,355.0035705566406,177.7592010498047,0.2794657051563263,88.67860412597656,297.0044250488281,-17.682527542114258,355.0035705566406,177.7592010498047,0.2794657051563263,88.67860412597656,367.37896243741864,-5.865306423453311,82.6447873993983,-2.340438165667701,-3.2426937471219355,-84.2570809297693,307.7158433302135,-19.88643596658442,82.6447873993983,176.75460479551924,2.3366887903191205,5.610457629112444,307.7158433302135,-19.88643596658442,23.0,176.75460479551924,2.3366887903191205,5.610457629112444,300.2229771742446,54.61765056212801,82.6447873993983,176.75460479551924,2.3366887903191205,5.610457629112444,300.2229771742446,54.61765056212801,23.0,176.75460479551924,2.3366887903191205,5.610457629112444,361.77475927494436,61.667400199964725,82.6447873993983,176.75460479551924,2.3366887903191205,5.610457629112444,361.77475927494436,61.667400199964725,23.0,176.75460479551924,2.3366887903191205,5.610457629112444
2026-04-30 11:34:40,198,main_loop,0,P3,297.0044250488281,-17.682527542114258,355.0035705566406,177.7592010498047,0.2794657051563263,88.67860412597656,297.0044250488281,-17.682527542114258,355.0035705566406,177.7592010498047,0.2794657051563263,88.67860412597656,367.3789879832061,-5.838447209990514,82.6435432020421,-2.1332126850734383,-3.316857182358505,-84.27005328105159,307.77966674642306,-19.874371581429777,82.6435432020421,176.6808477314325,2.129637558816243,5.606466963152335,307.77966674642306,-19.874371581429777,23.0,176.6808477314325,2.129637558816243,5.606466963152335,300.3042237896854,54.625883162718715,82.6435432020421,176.6808477314325,2.129637558816243,5.606466963152335,300.3042237896854,54.625883162718715,23.0,176.6808477314325,2.129637558816243,5.606466963152335,361.86534852157973,61.6721405584991,82.6435432020421,176.6808477314325,2.129637558816243,5.606466963152335,361.86534852157973,61.6721405584991,23.0,176.6808477314325,2.129637558816243,5.606466963152335
2026-04-30 11:34:41,199,main_loop,0,P3,297.0044250488281,-17.682527542114258,355.0035705566406,177.7592010498047,0.2794657051563263,88.67860412597656,297.0044250488281,-17.682527542114258,355.0035705566406,177.7592010498047,0.2794657051563263,88.67860412597656,367.3789879832061,-5.838447209990514,82.6435432020421,-2.1332126850734383,-3.316857182358505,-84.27005328105159,307.77966674642306,-19.874371581429777,82.6435432020421,176.6808477314325,2.129637558816243,5.606466963152335,307.77966674642306,-19.874371581429777,23.0,176.6808477314325,2.129637558816243,5.606466963152335,300.3042237896854,54.625883162718715,82.6435432020421,176.6808477314325,2.129637558816243,5.606466963152335,300.3042237896854,54.625883162718715,23.0,176.6808477314325,2.129637558816243,5.606466963152335,361.86534852157973,61.6721405584991,82.6435432020421,176.6808477314325,2.129637558816243,5.606466963152335,361.86534852157973,61.6721405584991,23.0,176.6808477314325,2.129637558816243,5.606466963152335
2026-04-30 11:34:41,200,main_loop,0,P3,297.0044250488281,-17.682527542114258,355.0035705566406,177.7592010498047,0.2794657051563263,88.67860412597656,297.0044250488281,-17.682527542114258,355.0035705566406,177.7592010498047,0.2794657051563263,88.67860412597656,367.3789879832061,-5.838447209990514,82.6435432020421,-2.1332126850734383,-3.316857182358505,-84.27005328105159,307.77966674642306,-19.874371581429777,82.6435432020421,176.6808477314325,2.129637558816243,5.606466963152335,307.77966674642306,-19.874371581429777,23.0,176.6808477314325,2.129637558816243,5.606466963152335,300.3042237896854,54.625883162718715,82.6435432020421,176.6808477314325,2.129637558816243,5.606466963152335,300.3042237896854,54.625883162718715,23.0,176.6808477314325,2.129637558816243,5.606466963152335,361.86534852157973,61.6721405584991,82.6435432020421,176.6808477314325,2.129637558816243,5.606466963152335,361.86534852157973,61.6721405584991,23.0,176.6808477314325,2.129637558816243,5.606466963152335
2026-04-30 11:34:41,201,main_loop,0,P3,297.0044250488281,-17.682527542114258,355.0035705566406,177.7592010498047,0.2794657051563263,88.67860412597656,297.0044250488281,-17.682527542114258,355.0035705566406,177.7592010498047,0.2794657051563263,88.67860412597656,367.3789879832061,-5.838447209990514,82.6435432020421,-2.1332126850734383,-3.316857182358505,-84.27005328105159,307.77966674642306,-19.874371581429777,82.6435432020421,176.6808477314325,2.129637558816243,5.606466963152335,307.77966674642306,-19.874371581429777,23.0,176.6808477314325,2.129637558816243,5.606466963152335,300.3042237896854,54.625883162718715,82.6435432020421,176.6808477314325,2.129637558816243,5.606466963152335,300.3042237896854,54.625883162718715,23.0,176.6808477314325,2.129637558816243,5.606466963152335,361.86534852157973,61.6721405584991,82.6435432020421,176.6808477314325,2.129637558816243,5.606466963152335,361.86534852157973,61.6721405584991,23.0,176.6808477314325,2.129637558816243,5.606466963152335
2026-04-30 11:34:42,202,main_loop,-1,P3,,,,,,,,,,,,,367.3853745542636,-5.855086733099708,82.63180414482608,-2.4625930896822235,-3.1311490010754843,-84.25171743062697,307.6824663793496,-19.845332525373223,82.63180414482608,176.86596243509013,2.4589144799156295,5.613689000341151,307.6824663793496,-19.845332525373223,23.0,176.86596243509013,2.4589144799156295,5.613689000341151,300.1818128590464,54.66612876223115,82.63180414482608,176.86596243509013,2.4589144799156295,5.613689000341151,300.1818128590464,54.66612876223115,23.0,176.86596243509013,2.4589144799156295,5.613689000341151,361.72764255975545,61.718912471573645,82.63180414482608,176.86596243509013,2.4589144799156295,5.613689000341151,361.72764255975545,61.718912471573645,23.0,176.86596243509013,2.4589144799156295,5.613689000341151
2026-04-30 11:34:42,203,main_loop,-1,P3,,,,,,,,,,,,,367.3853745542636,-5.855086733099708,82.63180414482608,-2.4625930896822235,-3.1311490010754843,-84.25171743062697,307.6824663793496,-19.845332525373223,82.63180414482608,176.86596243509013,2.4589144799156295,5.613689000341151,307.6824663793496,-19.845332525373223,23.0,176.86596243509013,2.4589144799156295,5.613689000341151,300.1818128590464,54.66612876223115,82.63180414482608,176.86596243509013,2.4589144799156295,5.613689000341151,300.1818128590464,54.66612876223115,23.0,176.86596243509013,2.4589144799156295,5.613689000341151,361.72764255975545,61.718912471573645,82.63180414482608,176.86596243509013,2.4589144799156295,5.613689000341151,361.72764255975545,61.718912471573645,23.0,176.86596243509013,2.4589144799156295,5.613689000341151
